workload_id,wave_start,wave_end,number_of_deliveries,selection_role,baseline_distance_km,baseline_travel_time_minutes,baseline_on_time_deliveries,baseline_late_deliveries,baseline_on_time_rate,baseline_total_lateness_minutes,baseline_max_lateness_minutes,baseline_training_runtime_seconds,guided_distance_km,guided_travel_time_minutes,guided_on_time_deliveries,guided_late_deliveries,guided_on_time_rate,guided_total_lateness_minutes,guided_max_lateness_minutes,guided_training_runtime_seconds,guided_route_runtime_seconds,number_of_clusters,dominant_cluster_share,guided_cluster_switches,guided_cluster_switch_rate,cluster_sequence,delivery_order,result_source,distance_improvement_pct,time_improvement_pct,on_time_rate_change,baseline_cluster_switches,baseline_cluster_switch_rate,cluster_switch_reduction,cluster_switch_rate_reduction
101,2024-08-16 02:00:00+00:00,2024-08-16 04:00:00+00:00,5,final,43.7927958990398,49.54593629830227,5,0,1.0,0.0,0.0,97.72099091400014,43.7927958990398,49.54593629830227,5,0,1.0,0.0,0.0,114.4991575289996,0.0013464849998854,4,0.4,3,0.75,4 -> 2 -> 9 -> 9 -> 8,66bece979973faa9d133011a -> 66bebbf19973faa9d132fda9 -> 66beceaa9973faa9d1330129 -> 66bebf9a0f42ac1ad11cb88f -> 66bebc4c9973faa9d132fdb9,new_training,0.0,0.0,0.0,,,,
29,2024-06-10 04:00:00+00:00,2024-06-10 06:00:00+00:00,5,median,38.316835506337085,42.64905861310468,5,0,1.0,0.0,0.0,228.16728548099945,38.316835506337085,42.64905861310468,5,0,1.0,0.0,0.0,128.69082622299993,0.0024139669999385,3,0.6,2,0.5,4 -> 4 -> 4 -> 2 -> 9,66668e28bb9619f5c265adfd -> 66667aa0bb9619f5c265aab7 -> 666691e8bb9619f5c265af1e -> 66668f29bb9619f5c265ae63 -> 66668733bb9619f5c265ada3,reused_sensitivity,0.0,0.0,0.0,2.0,0.5,0.0,0.0
103,2024-08-17 02:00:00+00:00,2024-08-17 04:00:00+00:00,6,final,34.63601597457345,40.10783513437043,6,0,1.0,0.0,0.0,119.10844917100258,34.63601597457345,40.10783513437043,6,0,1.0,0.0,0.0,124.95217848899938,0.0013433419999273,4,0.5,4,0.8,6 -> 4 -> 4 -> 8 -> 0 -> 4,66c018f69973faa9d133306f -> 66c010009a1d4579e8b41a25 -> 66c011989a1d4579e8b41a47 -> 66c01f179973faa9d13334f0 -> 66c01f789973faa9d1333500 -> 66c01a199973faa9d1333382,new_training,0.0,0.0,0.0,,,,
42,2024-07-01 02:00:00+00:00,2024-07-01 04:00:00+00:00,6,median,35.187872743265146,37.84103448204581,6,0,1.0,0.0,0.0,121.18591844799994,35.187872743265146,37.84103448204581,6,0,1.0,0.0,0.0,167.36658390200046,0.0036651259997597,4,0.3333333333333333,3,0.6,6 -> 4 -> 4 -> 8 -> 7 -> 7,668223fc2d58011d21e79c86 -> 668225af2d58011d21e7a021 -> 66821fdc2d58011d21e79557 -> 6682227f2d58011d21e798a9 -> 668226ae2d58011d21e7a344 -> 6682230e2d58011d21e7991d,reused_sensitivity,0.0,0.0,0.0,3.0,0.6,0.0,0.0
104,2024-08-17 04:00:00+00:00,2024-08-17 06:00:00+00:00,8,final,98.58452982358484,101.63111859391776,8,0,1.0,0.0,0.0,163.32420879700294,98.58452982358484,101.63111859391776,8,0,1.0,0.0,0.0,163.6786806050004,0.0017339020005238,5,0.25,4,0.5714285714285714,4 -> 6 -> 6 -> 3 -> 3 -> 7 -> 8 -> 8,66c0283b9973faa9d1333b5a -> 66c0262d9973faa9d133369d -> 66c024a59973faa9d133364b -> 66c0355b9973faa9d1334b1b -> 66c025749973faa9d133368b -> 66c02bf29973faa9d1333cfd -> 66c029be9973faa9d1333cb1 -> 66c02e6e9973faa9d13345c7,new_training,0.0,0.0,0.0,,,,
65,2024-07-16 18:00:00+00:00,2024-07-16 20:00:00+00:00,8,median,63.1653601367244,71.07032678616127,8,0,1.0,0.0,0.0,165.3907486549997,67.05781298996291,74.71850846916274,8,0,1.0,0.0,0.0,244.2047216359997,0.0026040110005851,5,0.375,4,0.5714285714285714,4 -> 4 -> 6 -> 6 -> 6 -> 5 -> 2 -> 8,6696bc45c7250ec426d89b88 -> 6696b597c7250ec426d89a42 -> 6696b6e1c7250ec426d89a4b -> 6696bd0ec7250ec426d89b91 -> 6696bb32c7250ec426d89af7 -> 6696b7e6c7250ec426d89adc -> 6696b907c7250ec426d89ae5 -> 6696ba77c7250ec426d89aee,reused_sensitivity,-6.162321951166132,-5.133199533439935,0.0,5.0,0.7142857142857143,1.0,0.1428571428571429
106,2024-08-20 04:00:00+00:00,2024-08-20 06:00:00+00:00,10,final,84.43202029639373,92.16849201647982,10,0,1.0,0.0,0.0,209.67804213499767,91.95923091676316,101.09616342078638,10,0,1.0,0.0,0.0,214.1924080729996,0.0022759230005249,8,0.2,7,0.7777777777777778,4 -> 7 -> 8 -> 8 -> 1 -> 9 -> 6 -> 6 -> 2 -> 5,66c42dd0b8e7077ed0128560 -> 66c421dfb8e7077ed0127f92 -> 66c4192eb8e7077ed0127de5 -> 66c417efdc29bcc583b5c18e -> 66c41747dc29bcc583b5c176 -> 66c4231bb8e7077ed0128247 -> 66c419bbb8e7077ed0127e21 -> 66c421a1b8e7077ed0127f50 -> 66c42b85b8e7077ed01284d1 -> 66c42231b8e7077ed012804c,new_training,-8.915113713903319,-9.686250918275077,0.0,,,,
71,2024-07-20 02:00:00+00:00,2024-07-20 04:00:00+00:00,10,median,81.2866076214798,88.41330052914317,10,0,1.0,0.0,0.0,212.94977445800032,84.52539345600827,91.23914120153562,10,0,1.0,0.0,0.0,316.916898384,0.0057679199999256,7,0.3,6,0.6666666666666666,6 -> 9 -> 0 -> 0 -> 4 -> 4 -> 4 -> 8 -> 7 -> 3,669b2bd8c7250ec426d97784 -> 669b318cc7250ec426d983a7 -> 669b2de9c7250ec426d977cf -> 669b2f46c7250ec426d9782e -> 669b30b2c7250ec426d97fa4 -> 669b3571c7250ec426d98692 -> 669b347cc7250ec426d984fd -> 669b3249c7250ec426d9840b -> 669b3033c7250ec426d97bf1 -> 669b329fc7250ec426d98434,reused_sensitivity,-3.984402756245211,-3.1961714532543435,0.0,7.0,0.7777777777777778,1.0,0.1111111111111111
105,2024-08-19 04:00:00+00:00,2024-08-19 06:00:00+00:00,12,final,82.46884578804872,88.93458557574134,12,0,1.0,0.0,0.0,255.8523750400018,82.46884578804872,88.93458557574134,12,0,1.0,0.0,0.0,264.4942011160001,0.0027852900002471,6,0.3333333333333333,6,0.5454545454545454,6 -> 6 -> 6 -> 5 -> 3 -> 3 -> 3 -> 6 -> 0 -> 0 -> 4 -> 7,66c2c3709973faa9d1336fc7 -> 66c2d11f9973faa9d13377cb -> 66c2ca139973faa9d133719d -> 66c2d7239973faa9d1337de8 -> 66c2d8139973faa9d1337ec3 -> 66c2ce269973faa9d13372ce -> 66c2d5c29973faa9d1337d26 -> 66c2d67a9973faa9d1337da8 -> 66c2d8699973faa9d133800e -> 66c2d4a29973faa9d1337c89 -> 66c2d3759973faa9d1337c4f -> 66c2d0629973faa9d1337371,new_training,0.0,0.0,0.0,,,,
62,2024-07-15 04:00:00+00:00,2024-07-15 06:00:00+00:00,12,median,79.67218993760609,84.23909296729217,12,0,1.0,0.0,0.0,303.6962835009999,79.67218993760609,84.23909296729217,12,0,1.0,0.0,0.0,312.34440246099985,0.0039311000000452,7,0.3333333333333333,6,0.5454545454545454,6 -> 2 -> 4 -> 4 -> 4 -> 4 -> 0 -> 0 -> 1 -> 8 -> 8 -> 7,6694aa74d54b84ac2ddb4115 -> 6694a133d54b84ac2ddb34c7 -> 6694a2f6d54b84ac2ddb38ba -> 6694a27fd54b84ac2ddb3882 -> 6694a2e1d54b84ac2ddb38b3 -> 6694a434d54b84ac2ddb3ccf -> 6694a9ccd54b84ac2ddb402b -> 6694a3b3d54b84ac2ddb3c92 -> 6694a5ead54b84ac2ddb3dfd -> 6694a906d54b84ac2ddb3fbc -> 6694aabbd54b84ac2ddb413a -> 6694a748d54b84ac2ddb3e2d,reused_sensitivity,0.0,0.0,0.0,6.0,0.5454545454545454,0.0,0.0
97,2024-08-13 02:00:00+00:00,2024-08-13 04:00:00+00:00,13,final,118.83013727774036,130.43741087864137,13,0,1.0,0.0,0.0,280.3089769299986,120.1912269367125,132.83447267998318,13,0,1.0,0.0,0.0,296.9865709649994,0.0032068539994725,7,0.3076923076923077,6,0.5,6 -> 6 -> 6 -> 6 -> 9 -> 9 -> 3 -> 2 -> 2 -> 4 -> 8 -> 8 -> 7,66baca4e7cb3f11298e42933 -> 66bacbac7cb3f11298e42d69 -> 66bacfa37cb3f11298e42db0 -> 66bacada7cb3f11298e42940 -> 66bad1820f42ac1ad11cb212 -> 66bac1527cb3f11298e42891 -> 66bac56a7cb3f11298e428ce -> 66bad1d17cb3f11298e431e9 -> 66bac5c77cb3f11298e428d8 -> 66bacfe87cb3f11298e42dc0 -> 66bacf3c7cb3f11298e42da7 -> 66bacd9f7cb3f11298e42d90 -> 66bac9d07cb3f11298e42924,new_training,-1.1454077981841204,-1.8377103510372697,0.0,,,,
90,2024-08-06 04:00:00+00:00,2024-08-06 06:00:00+00:00,13,median,104.46746246373624,117.3734687484856,13,0,1.0,0.0,0.0,282.94911550599863,103.66874676994858,117.22153392551527,13,0,1.0,0.0,0.0,429.32687850299953,0.0059213749991613,8,0.2307692307692307,7,0.5833333333333334,6 -> 6 -> 4 -> 4 -> 4 -> 8 -> 8 -> 0 -> 9 -> 5 -> 5 -> 3 -> 7,66b1af828bafc7aafe84104f -> 66b1aef78bafc7aafe84102c -> 66b1ac0c41dd95a0cd9774ae -> 66b1a3a841dd95a0cd977312 -> 66b1add041dd95a0cd97754b -> 66b1a2f041dd95a0cd9772cb -> 66b1a12a41dd95a0cd976eec -> 66b1ad7b41dd95a0cd9774fb -> 66b1a22241dd95a0cd976f21 -> 66b1afe941dd95a0cd9776fe -> 66b1adfc41dd95a0cd977570 -> 66b1aedf41dd95a0cd97757d -> 66b1b07141dd95a0cd977755,reused_sensitivity,0.7645592943017202,0.1294456273554519,0.0,7.0,0.5833333333333334,0.0,0.0
