workload_size,algorithm,workloads,deliveries,mean_distance_km,mean_travel_time_minutes,on_time_deliveries,late_deliveries,weighted_on_time_rate,total_lateness_minutes,mean_training_runtime_seconds,mean_reward_per_delivery,mean_model_size
5,clarke_wright,31,155,44.77095955579194,49.16440785966053,155,0,1.0,0.0,,,
5,dqn,31,155,46.96094040604359,51.29514673534393,155,0,1.0,0.0,135.64088458096762,0.5727476590770904,18821.0
5,nearest_neighbor,31,155,47.56074001799163,52.061641980985314,155,0,1.0,0.0,,,
5,q_learning,31,155,46.96120359756551,51.29230204547094,155,0,1.0,0.0,1.7677824888387623,0.5727503604100088,199.16129032258064
5,sarsa,31,155,46.82741025409425,51.20452747890924,155,0,1.0,0.0,1.7195738363870474,0.5701050095271945,200.4193548387097
6,clarke_wright,22,132,49.09253884824754,53.28225127762072,132,0,1.0,0.0,,,
6,dqn,22,132,50.182069187094186,54.301280384222906,132,0,1.0,0.0,163.40109088013662,0.6399067984785186,19206.0
6,nearest_neighbor,22,132,52.351454950799415,56.69676814012232,132,0,1.0,0.0,,,
6,q_learning,22,132,50.11877258571369,54.23744985757156,132,0,1.0,0.0,2.1404660666819897,0.6394124324250792,562.9090909090909
6,sarsa,22,132,50.97548448115302,55.06880529597507,132,0,1.0,0.0,2.083046872909077,0.6231127719090783,573.7272727272727
7,clarke_wright,11,77,64.9718519748014,70.70738102533768,75,2,0.974025974025974,24.77722758333333,,,
7,dqn,11,77,66.62704208138473,72.14869917851105,77,0,1.0,0.0,152.40195966009114,0.561555036921266,19591.0
7,nearest_neighbor,11,77,69.08922127543386,74.72586855885207,76,1,0.987012987012987,4.041008933333333,,,
7,q_learning,11,77,66.29588317787153,71.96597044327797,77,0,1.0,0.0,2.5026037472727527,0.5579823631259394,1200.7272727272727
7,sarsa,11,77,68.97690065232325,74.63600650096409,77,0,1.0,0.0,2.4283189898186803,0.5307243351887784,1252.0
8,clarke_wright,14,112,63.06264484868973,68.40867056835977,112,0,1.0,0.0,,,
8,dqn,14,112,64.6814785247686,70.27157534787808,112,0,1.0,0.0,215.67416014392893,0.6463178767213824,19976.0
8,nearest_neighbor,14,112,68.67171846766695,74.18088620064876,112,0,1.0,0.0,,,
8,q_learning,14,112,65.08057171590325,70.52358489324938,112,0,1.0,0.0,2.88369045028555,0.6425281028917056,2000.9285714285716
8,sarsa,14,112,67.59006605915411,73.225783998344,112,0,1.0,0.0,2.7905252195715287,0.6141193335067268,2054.6428571428573
9,clarke_wright,4,36,56.06901234887687,60.29385458911727,36,0,1.0,0.0,,,
9,dqn,4,36,58.24852921118385,62.5689083501003,36,0,1.0,0.0,257.04114819849974,0.8387901273250195,20361.0
9,nearest_neighbor,4,36,60.21426816772597,64.39557014860024,36,0,1.0,0.0,,,
9,q_learning,4,36,62.00139414643766,66.47989195333047,36,0,1.0,0.0,3.300913058750212,0.8079494628041433,2980.0
9,sarsa,4,36,64.51700310240281,69.12779054555489,36,0,1.0,0.0,3.1410763614990174,0.7704315058374286,3040.75
10,clarke_wright,10,100,66.62324174029592,72.62251528627893,99,1,0.99,0.8191931333333333,,,
10,dqn,10,100,68.07495622807758,74.47152880958723,100,0,1.0,0.0,256.9144485626997,0.8049565396841972,20746.0
10,nearest_neighbor,10,100,74.59793099184387,81.39379566305026,99,1,0.99,32.94140816666667,,,
10,q_learning,10,100,73.54486887927493,80.10990260076025,100,0,1.0,0.0,3.762083417999816,0.7442167918552749,4165.4
10,sarsa,10,100,71.67414409853197,78.4094991276472,100,0,1.0,0.0,3.454483364799989,0.7560820064492713,4365.3
11,clarke_wright,4,44,74.82502783819545,81.52977059913513,43,1,0.9772727272727272,22.173854366666667,,,
11,dqn,4,44,74.50766773201153,82.19057554571293,44,0,1.0,0.0,235.96549255599896,0.8086175909636635,21131.0
11,nearest_neighbor,4,44,77.86883153654519,85.56657453318788,44,0,1.0,0.0,,,
11,q_learning,4,44,83.91382695321077,91.53109900375549,44,0,1.0,0.0,4.158229786250558,0.7070332671650541,5620.75
11,sarsa,4,44,85.36532280477428,93.7025351081326,44,0,1.0,0.0,3.7802335467495145,0.7006904820554574,5883.0
12,clarke_wright,5,60,77.0012096755303,83.6302819847753,58,2,0.9666666666666668,91.89625258333334,,,
12,dqn,5,60,81.8159528326996,89.05712343190106,60,0,1.0,0.0,281.63604250900096,0.8655047669349131,21516.0
12,nearest_neighbor,5,60,84.0911256728542,91.20458168283167,59,1,0.9833333333333332,10.464877433333331,,,
12,q_learning,5,60,95.12043316962212,102.46195961557284,60,0,1.0,0.0,4.584311011599493,0.7150160485639463,6836.0
12,sarsa,5,60,90.24774818644414,97.40438076919855,60,0,1.0,0.0,4.137099939799009,0.7632911114300608,6979.4
13,clarke_wright,4,52,92.93236600352458,102.580681020118,51,1,0.9807692307692308,25.931049716666667,,,
13,dqn,4,52,96.64314837218387,106.05857732187384,52,0,1.0,0.0,282.74636224249934,0.7563166635327326,21901.0
13,nearest_neighbor,4,52,104.47171088948092,114.19954742378133,48,4,0.9230769230769232,148.608731,,,
13,q_learning,4,52,106.9049314184108,118.3239971375246,52,0,1.0,0.0,4.938568426750408,0.6457410645907324,9730.5
13,sarsa,4,52,111.05302707369162,121.13140553171048,50,2,0.9615384615384616,113.0487033,4.49766452574886,0.4251485977638651,10671.75
14,clarke_wright,1,14,78.46007910290382,83.97185037005923,14,0,1.0,0.0,,,
14,dqn,1,14,81.31301130835362,88.31282253106932,14,0,1.0,0.0,390.7676712379998,0.8387373759050323,22286.0
14,nearest_neighbor,1,14,91.94285588111588,99.26824089097111,14,0,1.0,0.0,,,
14,q_learning,1,14,87.58111472568461,95.68962788751784,14,0,1.0,0.0,5.426598386000478,0.7790916323491309,11028.0
14,sarsa,1,14,87.58111472568461,95.68962788751784,14,0,1.0,0.0,5.02300300600109,0.7790916323491309,11051.0
15,clarke_wright,1,15,86.26619403037363,94.8144707003542,15,0,1.0,0.0,,,
15,dqn,1,15,80.54714969600954,87.98816887990856,15,0,1.0,0.0,357.0815075720002,0.8676641825698455,22671.0
15,nearest_neighbor,1,15,93.59905556115534,102.76332377048524,15,0,1.0,0.0,,,
15,q_learning,1,15,93.07439345397536,101.97646587342372,15,0,1.0,0.0,5.735956754000654,0.7568973555820925,10389.0
15,sarsa,1,15,93.07439345397536,101.97646587342372,15,0,1.0,0.0,5.234865247999551,0.7568973555820925,10436.0
16,clarke_wright,1,16,93.04731511089813,101.01022564956062,16,0,1.0,0.0,,,
16,dqn,1,16,93.979443657786,101.891190173955,16,0,1.0,0.0,360.6702002659986,0.8363250785445825,23056.0
16,nearest_neighbor,1,16,99.77921836744936,108.05659751916969,16,0,1.0,0.0,,,
16,q_learning,1,16,122.55952919300007,131.36699314540957,16,0,1.0,0.0,6.18089409499953,0.6185104951657926,15519.0
16,sarsa,1,16,118.26610634506926,127.39148981995108,16,0,1.0,0.0,5.60995084300157,0.6887244494255401,16876.0
