delivery_id,dbscan_noise,nearest_peer_distance_km,isolation_ratio,insertion_detour_km,reasons
64d1bcb2a2a8ec9990ba219b,False,2.706453441221946,1.0,,
64c4c52b553721daabdbad9b,False,1.456937006676007,0.5383196268908323,,
64c4c52b553721daabdbae31,False,1.6261151218004568,0.600828780954856,,
64c4c52b553721daabdbadaf,False,2.706453441221946,1.0,,
654cfce5480368a817f6a525,False,0.8120833982094645,0.30005444979789275,,
6564a248f262a21f35ea7830,False,1.456937006676007,0.5383196268908323,,
6561ff98f262a21f35ea6128,False,3.689514791056751,1.3632286204749784,,
65112357452644c9037c541d,False,2.865723831279137,1.0588483761188523,,
64c4c52b553721daabdbadb6,False,6.365284491445559,2.351891369899818,,
64c4c52b553721daabdbadd2,False,0.8120833982094645,0.30005444979789275,,
64c4c52b553721daabdbae52,False,1.998709034969844,0.738497475895037,,
656354d7f262a21f35ea6933,False,5.76442023533995,2.1298796970020484,,
64e975f2d54ea638bcb4a7a6,False,3.153736417854914,1.1652653505212427,,
655bac3b6334442d4839d983,False,3.689514791056751,1.3632286204749784,,
65636b83f262a21f35ea6afe,True,19.85122824105492,7.334775444018804,,dbscan_spatial_noise;road_isolation_candidate
