workload_id,wave_start,wave_end,number_of_deliveries,delivery_ids
1,2023-10-02 04:00:00+00:00,2023-10-02 06:00:00+00:00,5,651a4129322d5c0cf180c1eb -> 651a4257322d5c0cf180c210 -> 651a42f1322d5c0cf180c25d -> 651a4745322d5c0cf180c327 -> 651a484a322d5c0cf180c361
2,2024-01-29 04:00:00+00:00,2024-01-29 06:00:00+00:00,5,65b724ec624c8e2168d06423 -> 65b7278d624c8e2168d06701 -> 65b7289d624c8e2168d067d8 -> 65b72b44624c8e2168d0695d -> 65b73287624c8e2168d06b86
3,2024-01-31 02:00:00+00:00,2024-01-31 04:00:00+00:00,6,65b9be075804904ade2ee98b -> 65b9bea25804904ade2ee9b1 -> 65b9bf3d5804904ade2ee9fb -> 65b9c08f5804904ade2eea89 -> 65b9c3f25804904ade2eeb11 -> 65b9c5865804904ade2eec0d
4,2024-02-01 04:00:00+00:00,2024-02-01 06:00:00+00:00,10,65bb19f456d4f5d21ff841a4 -> 65bb1ab156d4f5d21ff841dd -> 65bb1b8556d4f5d21ff84231 -> 65bb1bf656d4f5d21ff84295 -> 65bb1c4b56d4f5d21ff842cb -> 65bb1d4b56d4f5d21ff843ad -> 65bb1d7b56d4f5d21ff84496 -> 65bb1e6a56d4f5d21ff845b3 -> 65bb22d556d4f5d21ff848c3 -> 65bb248856d4f5d21ff849dd
5,2024-02-02 04:00:00+00:00,2024-02-02 06:00:00+00:00,6,65bc7281e5fd84b5ca81dbcb -> 65bc72c4e5fd84b5ca81dc23 -> 65bc735ee5fd84b5ca81dc7f -> 65bc73d1e5fd84b5ca81dd10 -> 65bc7416e5fd84b5ca81dd97 -> 65bc77aae5fd84b5ca81df98
6,2024-02-04 06:00:00+00:00,2024-02-04 08:00:00+00:00,6,65bf285b573936e36a309e01 -> 65bf2b97573936e36a309e57 -> 65bf2bde573936e36a309e7e -> 65bf2bf2573936e36a309e91 -> 65bf2ca0573936e36a309fed -> 65bf3a33573936e36a30a265
7,2024-02-06 04:00:00+00:00,2024-02-06 06:00:00+00:00,5,65c1b6d0428b469dc45f6ea5 -> 65c1b86e428b469dc45f7008 -> 65c1b8b3428b469dc45f72e6 -> 65c1b8f1428b469dc45f7424 -> 65c1c920623505b48dfc3f98
8,2024-02-20 02:00:00+00:00,2024-02-20 04:00:00+00:00,5,65d4165ac2399371767b0efc -> 65d419d1c2399371767b1281 -> 65d41a14c2399371767b12bc -> 65d41a7ac2399371767b13e9 -> 65d41adbc2399371767b1415
9,2024-02-21 02:00:00+00:00,2024-02-21 04:00:00+00:00,5,65d55c289ad6745b97caa917 -> 65d570b79ad6745b97caabab -> 65d5711a9ad6745b97caabea -> 65d571a19ad6745b97caac25 -> 65d5744e9ad6745b97caae33
10,2024-02-27 04:00:00+00:00,2024-02-27 06:00:00+00:00,5,65dd5ef3b660cdbe797f6d73 -> 65dd5f27b660cdbe797f6d9d -> 65dd5ff5b660cdbe797f6f1b -> 65dd602fb660cdbe797f6f33 -> 65dd79f2e167fc53154863a3
11,2024-03-08 02:00:00+00:00,2024-03-08 04:00:00+00:00,5,65ea7f3f8fecdc6abd0fee07 -> 65ea84538fecdc6abd0fef24 -> 65ea87e18fecdc6abd0ff0b8 -> 65ea88498fecdc6abd0ff12a -> 65ea88d38fecdc6abd0ff1de
12,2024-03-08 04:00:00+00:00,2024-03-08 06:00:00+00:00,6,65ea900f8fecdc6abd0ff58c -> 65eaa0b18fecdc6abd0ff93c -> 65eaa0c38fecdc6abd0ff954 -> 65eaa63a8fecdc6abd0ffbf2 -> 65eaa6b28fecdc6abd0ffc7d -> 65eaa93d8fecdc6abd0ffe3a
13,2024-03-18 02:00:00+00:00,2024-03-18 04:00:00+00:00,6,65f7b4a1b0848ea581420ff5 -> 65f7b4f3b0848ea581421016 -> 65f7b536b0848ea58142104b -> 65f7b6f7b0848ea5814211f2 -> 65f7ba5fb0848ea581421433 -> 65f7baabb0848ea58142146d
14,2024-03-22 02:00:00+00:00,2024-03-22 04:00:00+00:00,5,65fceb0a424ff7c6f1fb6b8d -> 65fcf4ec424ff7c6f1fb6db6 -> 65fcf529424ff7c6f1fb6df0 -> 65fcf561424ff7c6f1fb6e0c -> 65fcf825424ff7c6f1fb6fca
15,2024-04-04 02:00:00+00:00,2024-04-04 04:00:00+00:00,7,660e0febad7887547b689ff1 -> 660e1183ad7887547b68a025 -> 660e11e7ad7887547b68a172 -> 660e126cad7887547b68a193 -> 660e136dad7887547b68a1ba -> 660e13e1ad7887547b68a1d1 -> 660e157fad7887547b68a214
16,2024-04-05 02:00:00+00:00,2024-04-05 04:00:00+00:00,5,660f69791a314e877693f6a4 -> 660f69be1a314e877693f6b4 -> 660f69f01a314e877693f6c2 -> 660f6ce41a314e877693f7d7 -> 660f739e1a314e877693fa1e
17,2024-04-10 04:00:00+00:00,2024-04-10 06:00:00+00:00,5,661610d4671f03014130ebc6 -> 6616110a671f03014130ebd4 -> 6616115f671f03014130ec08 -> 661611a7671f03014130ec31 -> 661611e7671f03014130ed5d
18,2024-04-19 04:00:00+00:00,2024-04-19 06:00:00+00:00,5,6621edcba3fe6575ec764d52 -> 6621edf6a3fe6575ec764d5f -> 6621fbbaa3fe6575ec765180 -> 6621fbcaa3fe6575ec765191 -> 6621fbd9a3fe6575ec7651a2
19,2024-04-22 02:00:00+00:00,2024-04-22 04:00:00+00:00,8,6625d3bea43812eb5bf90972 -> 6625d726a43812eb5bf90b9d -> 6625d7dba43812eb5bf90bed -> 6625d863a43812eb5bf90c09 -> 6625d98ca43812eb5bf90e4e -> 6625d9f0a43812eb5bf90eb2 -> 6625daa0a43812eb5bf90f24 -> 6625db46a43812eb5bf90fbe
20,2024-04-22 04:00:00+00:00,2024-04-22 06:00:00+00:00,5,6625e6b1a43812eb5bf91506 -> 6625ed7ca43812eb5bf91a3e -> 6625efd9a43812eb5bf91aa1 -> 6625f59ca43812eb5bf91d37 -> 6625f5d2a43812eb5bf91d4f
21,2024-04-23 02:00:00+00:00,2024-04-23 04:00:00+00:00,8,662725d2ef04768365889544 -> 6627261aef04768365889556 -> 6627267bef04768365889566 -> 66272914c2c1f60803bb774f -> 66272963c2c1f60803bb776a -> 662729a4c2c1f60803bb77aa -> 66272f38c2c1f60803bb799e -> 6627316e5226afdd3cfed6f1
22,2024-04-26 02:00:00+00:00,2024-04-26 04:00:00+00:00,6,662b2309f9a546b0b87b8518 -> 662b2356f9a546b0b87b853c -> 662b2419f9a546b0b87b8576 -> 662b2455f9a546b0b87b8586 -> 662b24a4f9a546b0b87b85bc -> 662b2608f9a546b0b87b861f
23,2024-05-04 02:00:00+00:00,2024-05-04 04:00:00+00:00,8,6635adfec797695760aeee13 -> 6635ae39c797695760aeee38 -> 6635ae79c797695760aeee4a -> 6635ae96c797695760aeee5e -> 6635aeabc797695760aeee6c -> 6635aeecc797695760aeee7e -> 6635afc4c797695760aeeef2 -> 6635b13cc797695760aef218
24,2024-05-16 04:00:00+00:00,2024-05-16 06:00:00+00:00,6,66458f038941c947243a2134 -> 66458f4f8941c947243a216a -> 6645900a8941c947243a21b3 -> 664590798941c947243a23e0 -> 664593338941c947243a255c -> 66459ca58941c947243a2dea
25,2024-05-24 02:00:00+00:00,2024-05-24 04:00:00+00:00,5,664ffdc5f1a792c552f59cf6 -> 665002b7f1a792c552f59ec0 -> 665002eef1a792c552f59ece -> 6650031df1a792c552f59edb -> 66500a31f1a792c552f59fb1
26,2024-05-27 02:00:00+00:00,2024-05-27 04:00:00+00:00,5,6653fb7ae847739e08b3cf7e -> 6653fca0e847739e08b3cf9a -> 6653fea7e847739e08b3cfc7 -> 6653ffc4e847739e08b3d003 -> 6654004de847739e08b3d00d
27,2024-05-27 04:00:00+00:00,2024-05-27 06:00:00+00:00,5,66540619e847739e08b3d19a -> 6654077ae847739e08b3d1f4 -> 66540f38e847739e08b3d2ab -> 66540faae847739e08b3d2f2 -> 66541fc4e847739e08b3dec7
28,2024-05-27 06:00:00+00:00,2024-05-27 08:00:00+00:00,6,665421b1e847739e08b3df76 -> 6654270be847739e08b3e09d -> 66542764e847739e08b3e0cb -> 66542ed5e847739e08b3e472 -> 6654305de847739e08b3e4af -> 6654366de847739e08b3e942
29,2024-06-10 04:00:00+00:00,2024-06-10 06:00:00+00:00,5,66667aa0bb9619f5c265aab7 -> 66668733bb9619f5c265ada3 -> 66668e28bb9619f5c265adfd -> 66668f29bb9619f5c265ae63 -> 666691e8bb9619f5c265af1e
30,2024-06-13 04:00:00+00:00,2024-06-13 06:00:00+00:00,5,666a701bfb1f6edb969c8958 -> 666a7068fb1f6edb969c896d -> 666a70b0fb1f6edb969c8989 -> 666a7c890ad530bd2452d580 -> 666a8a09f212d56dfc377d1d
31,2024-06-14 02:00:00+00:00,2024-06-14 04:00:00+00:00,8,666bac693058481f4e26738a -> 666bad153058481f4e26739a -> 666bb8c63058481f4e267456 -> 666bb9113058481f4e267460 -> 666bb9403058481f4e267475 -> 666bb9993058481f4e26748d -> 666bbab83058481f4e2674f9 -> 666bbbf83058481f4e2675d7
32,2024-06-19 02:00:00+00:00,2024-06-19 04:00:00+00:00,5,66724feedb29c9405177aa31 -> 667253abdb29c9405177aa98 -> 667254eddb29c9405177aaad -> 667255c9db29c9405177aafa -> 667256eddb29c9405177ab42
33,2024-06-19 04:00:00+00:00,2024-06-19 06:00:00+00:00,10,6672586ddb29c9405177ab7a -> 66725bfcdb29c9405177ad6c -> 66725caddb29c9405177ae4c -> 66725f41db29c9405177ae97 -> 66726021db29c9405177aecf -> 6672652adb29c9405177b1be -> 667266fcdb29c9405177b24d -> 6672673adb29c9405177b2b8 -> 667267a4db29c9405177b309 -> 66726bf7db29c9405177b879
34,2024-06-22 08:00:00+00:00,2024-06-22 10:00:00+00:00,6,667686e88caccc69cb744d08 -> 66768ff88caccc69cb744dd8 -> 667690638caccc69cb744e04 -> 667690c08caccc69cb744e15 -> 667691a18caccc69cb744e25 -> 6676929e8caccc69cb744e64
35,2024-06-25 02:00:00+00:00,2024-06-25 04:00:00+00:00,9,667a2cb1686ba46d64f07108 -> 667a2d6e686ba46d64f0715b -> 667a2dcd686ba46d64f071b4 -> 667a2e1b686ba46d64f071d6 -> 667a2e57686ba46d64f071df -> 667a36e9686ba46d64f073ae -> 667a3751686ba46d64f075aa -> 667a3a16686ba46d64f07767 -> 667a3d63686ba46d64f077e4
36,2024-06-26 02:00:00+00:00,2024-06-26 04:00:00+00:00,5,667b859f10954652d951fa74 -> 667b867b10954652d951fa83 -> 667b86ec10954652d951fab2 -> 667b875810954652d951fabe -> 667b878e10954652d951fac7
37,2024-06-26 04:00:00+00:00,2024-06-26 06:00:00+00:00,5,667b938910954652d951fb9e -> 667b950410954652d951fbe5 -> 667b995a10954652d9520077 -> 667ba53310954652d95204f2 -> 667ba5b110954652d95206f6
38,2024-06-27 02:00:00+00:00,2024-06-27 04:00:00+00:00,6,667cd7819032761dca47f1e8 -> 667cd87c9032761dca47f1f7 -> 667cd9dd76e2a509f1fe6704 -> 667cdaf02e9c1f20aef45fbf -> 667cdc35b75567ef80a853b2 -> 667cddfb8aefa3bb48facb1a
39,2024-06-28 02:00:00+00:00,2024-06-28 04:00:00+00:00,6,667e237371cb973c546797cf -> 667e246f71cb973c54679a43 -> 667e28cf71cb973c54679d97 -> 667e32e071cb973c54679f3a -> 667e339171cb973c54679f68 -> 667e34a771cb973c54679f90
40,2024-06-28 04:00:00+00:00,2024-06-28 06:00:00+00:00,5,667e369071cb973c5467a002 -> 667e37d971cb973c5467a039 -> 667e385c71cb973c5467a055 -> 667e426671cb973c5467a492 -> 667e49a571cb973c5467aa63
41,2024-06-29 02:00:00+00:00,2024-06-29 04:00:00+00:00,7,667f7c142d58011d21e76dc7 -> 667f7c322d58011d21e76dd0 -> 667f7e1c2d58011d21e76e7d -> 667f82d82d58011d21e7701e -> 667f85552d58011d21e770b9 -> 667f859f2d58011d21e770ce -> 667f86362d58011d21e770dc
42,2024-07-01 02:00:00+00:00,2024-07-01 04:00:00+00:00,6,66821fdc2d58011d21e79557 -> 6682227f2d58011d21e798a9 -> 6682230e2d58011d21e7991d -> 668223fc2d58011d21e79c86 -> 668225af2d58011d21e7a021 -> 668226ae2d58011d21e7a344
43,2024-07-01 04:00:00+00:00,2024-07-01 06:00:00+00:00,10,66822ba72d58011d21e7a42a -> 66822c652d58011d21e7a472 -> 66822ce72d58011d21e7a763 -> 668234122d58011d21e7a901 -> 668234d12d58011d21e7a9cc -> 668235b32d58011d21e7aa40 -> 668236172d58011d21e7ab06 -> 668236912d58011d21e7ab5f -> 66823c462d58011d21e7ac2a -> 668241842d58011d21e7ad9c
44,2024-07-01 06:00:00+00:00,2024-07-01 08:00:00+00:00,6,668253072d58011d21e7bbff -> 668253462d58011d21e7bee1 -> 668253e92d58011d21e7c1c2 -> 668257192d58011d21e7c5d6 -> 6682575c2d58011d21e7c8b5 -> 668257ea2d58011d21e7c909
45,2024-07-04 02:00:00+00:00,2024-07-04 04:00:00+00:00,9,668605aa1f621b3aa7a5163b -> 66860c011f621b3aa7a516c0 -> 66860c651f621b3aa7a519a9 -> 66860cb71f621b3aa7a519cf -> 668611a31f621b3aa7a52110 -> 6686141c1f621b3aa7a52147 -> 6686177e1f621b3aa7a52450 -> 668618611f621b3aa7a52476 -> 668618da1f621b3aa7a52496
46,2024-07-04 16:00:00+00:00,2024-07-04 18:00:00+00:00,5,6686c7191f621b3aa7a54f66 -> 6686c7d51f621b3aa7a54fcc -> 6686c87b1f621b3aa7a55032 -> 6686c8fa1f621b3aa7a55098 -> 6686c9a31f621b3aa7a55122
47,2024-07-05 02:00:00+00:00,2024-07-05 04:00:00+00:00,6,6687635a1f621b3aa7a55288 -> 66876ad51f621b3aa7a5571e -> 66876c391f621b3aa7a55a80 -> 66876d2d1f621b3aa7a55ace -> 66876ec21f621b3aa7a55e00 -> 66876f571f621b3aa7a55e41
48,2024-07-05 04:00:00+00:00,2024-07-05 06:00:00+00:00,7,6687710b1f621b3aa7a5619b -> 668772901f621b3aa7a564b4 -> 668773b31f621b3aa7a56523 -> 668778291f621b3aa7a568a7 -> 66877b1b1f621b3aa7a56a2d -> 6687853a44978b72e31ad1ab -> 6687879a44978b72e31ad5fa
49,2024-07-06 02:00:00+00:00,2024-07-06 04:00:00+00:00,7,6688ae4fff27bc1a834de2e9 -> 6688af6eff27bc1a834de314 -> 6688b2e0ff27bc1a834de421 -> 6688b319ff27bc1a834de439 -> 6688b3cbff27bc1a834de76f -> 6688b44dff27bc1a834de77d -> 6688b510ff27bc1a834de7b1
50,2024-07-08 02:00:00+00:00,2024-07-08 04:00:00+00:00,12,668b4b32ca82dc65928fe9d1 -> 668b53aeca82dc65928fea3c -> 668b53ccca82dc65928fea43 -> 668b5bdeca82dc65928feb64 -> 668b5c28ca82dc65928fee7e -> 668b5c68ca82dc65928ff183 -> 668b5ca0ca82dc65928ff18c -> 668b5d03ca82dc65928ff48d -> 668b5f50ca82dc65928ff707 -> 668b6051ca82dc65928ffa0e -> 668b60f1ca82dc65928ffa28 -> 668b631dca82dc65928ffb50
51,2024-07-09 02:00:00+00:00,2024-07-09 04:00:00+00:00,6,668c9a5dca82dc65929025bd -> 668c9a8eca82dc65929025cb -> 668cab2cca82dc65929029df -> 668cabe7ca82dc6592902cfe -> 668cb102ca82dc659290318a -> 668cb1a1ca82dc659290319c
52,2024-07-09 04:00:00+00:00,2024-07-09 06:00:00+00:00,6,668cb5d1ca82dc6592903396 -> 668cb615ca82dc65929033d8 -> 668cb808ca82dc6592903760 -> 668cb8e9ca82dc659290378c -> 668cba05ca82dc65929037ad -> 668cbc02ca82dc659290385d
53,2024-07-09 16:00:00+00:00,2024-07-09 18:00:00+00:00,5,668d5efcfa7cccdc55984ec3 -> 668d6182fa7cccdc55984f44 -> 668d6419fa7cccdc55984f59 -> 668d648afa7cccdc55984f62 -> 668d78e3fa7cccdc55984f74
54,2024-07-10 02:00:00+00:00,2024-07-10 04:00:00+00:00,8,668df432fa7cccdc55985237 -> 668df9e6fa7cccdc55985361 -> 668dfc38fa7cccdc55985735 -> 668dfcd4fa7cccdc5598577c -> 668dfddcfa7cccdc55985806 -> 668dfe77fa7cccdc55985842 -> 668dff22fa7cccdc55985888 -> 668e071ffa7cccdc5598596e
55,2024-07-10 04:00:00+00:00,2024-07-10 06:00:00+00:00,5,668e080efa7cccdc559859bd -> 668e13e6fa7cccdc55985cc2 -> 668e1a74fa7cccdc55986376 -> 668e1d3dfa7cccdc55986436 -> 668e2026fa7cccdc559865e2
56,2024-07-11 02:00:00+00:00,2024-07-11 04:00:00+00:00,10,668f4c0dfa7cccdc55988876 -> 668f4ccafa7cccdc55988882 -> 668f4e07fa7cccdc559888bc -> 668f4ea0fa7cccdc559888e5 -> 668f4ea4fa7cccdc559888ee -> 668f517ffa7cccdc55988c73 -> 668f5215fa7cccdc55988c9e -> 668f528ffa7cccdc55988cb6 -> 668f52c7fa7cccdc55988cc6 -> 668f5365fa7cccdc55989079
57,2024-07-11 06:00:00+00:00,2024-07-11 08:00:00+00:00,8,668f757ff50a1c6b75383b32 -> 668f7637f50a1c6b75383b44 -> 668f76ecf50a1c6b75383b62 -> 668f7a76f50a1c6b75383f20 -> 668f7ee7f50a1c6b75384294 -> 668f7f70f50a1c6b753845e4 -> 668f7febf50a1c6b75384964 -> 668f80fcf50a1c6b75384cf0
58,2024-07-12 02:00:00+00:00,2024-07-12 04:00:00+00:00,7,669097e0f50a1c6b753865b5 -> 6690a3e3f50a1c6b75386904 -> 6690a6c9f50a1c6b7538696f -> 6690a829f50a1c6b75386cd2 -> 6690a86ef50a1c6b75387013 -> 6690a937f50a1c6b75387372 -> 6690aa21f50a1c6b753873ec
59,2024-07-12 04:00:00+00:00,2024-07-12 06:00:00+00:00,12,6690aabff50a1c6b753874b1 -> 6690ab3bf50a1c6b75387500 -> 6690ac34f50a1c6b75387594 -> 6690acd3f50a1c6b753875d3 -> 6690ad4af50a1c6b753875ef -> 6690ae39f50a1c6b75387604 -> 6690aed9f50a1c6b75387620 -> 6690aee7f50a1c6b75387967 -> 6690af64f50a1c6b753879af -> 6690b3d7f50a1c6b75387bfd -> 6690bb8cf50a1c6b753880b4 -> 6690c07bf50a1c6b753886b4
60,2024-07-13 02:00:00+00:00,2024-07-13 04:00:00+00:00,15,6691ee35407172f67458f318 -> 6691eec3407172f67458f66a -> 6691f28f407172f67458f6e4 -> 6691f3c3407172f67458fa49 -> 6691f52e407172f67458fdf8 -> 6691f563407172f67458fe02 -> 6691f5c8407172f67458fe0f -> 6691f629407172f67458fe62 -> 6691f697407172f67458fe70 -> 6691f6cc407172f67458fe89 -> 6691f730407172f67459020f -> 6691f8a2407172f674590285 -> 6691f934407172f6745905e3 -> 6691f95f407172f674590606 -> 6691f9d6407172f674590660
61,2024-07-15 02:00:00+00:00,2024-07-15 04:00:00+00:00,14,669486afd54b84ac2ddb1ca7 -> 6694908ed54b84ac2ddb1f81 -> 66949129d54b84ac2ddb2078 -> 669491a1d54b84ac2ddb2081 -> 6694926fd54b84ac2ddb20b3 -> 669492bfd54b84ac2ddb20c3 -> 669492ced54b84ac2ddb20ca -> 669492d6d54b84ac2ddb242b -> 66949386d54b84ac2ddb24df -> 669493f1d54b84ac2ddb2842 -> 669493f6d54b84ac2ddb2ba1 -> 66949521d54b84ac2ddb2c9b -> 66949b27d54b84ac2ddb32ed -> 66949b75d54b84ac2ddb330c
62,2024-07-15 04:00:00+00:00,2024-07-15 06:00:00+00:00,12,6694a133d54b84ac2ddb34c7 -> 6694a27fd54b84ac2ddb3882 -> 6694a2e1d54b84ac2ddb38b3 -> 6694a2f6d54b84ac2ddb38ba -> 6694a3b3d54b84ac2ddb3c92 -> 6694a434d54b84ac2ddb3ccf -> 6694a5ead54b84ac2ddb3dfd -> 6694a748d54b84ac2ddb3e2d -> 6694a906d54b84ac2ddb3fbc -> 6694a9ccd54b84ac2ddb402b -> 6694aa74d54b84ac2ddb4115 -> 6694aabbd54b84ac2ddb413a
63,2024-07-16 02:00:00+00:00,2024-07-16 04:00:00+00:00,13,6695e16854401ab379783b63 -> 6695e1fc54401ab379783b6e -> 6695e49c54401ab379783bb5 -> 6695e51754401ab379783bbe -> 6695e5a054401ab379783bc9 -> 6695e62254401ab379783bef -> 6695eb7354401ab379783c3e -> 6695ebdc54401ab379783fdf -> 6695ed2454401ab3797843f5 -> 6695ee4854401ab37978481f -> 6695ef1754401ab379784834 -> 6695ef8354401ab379784857 -> 6695f00354401ab379784871
64,2024-07-16 04:00:00+00:00,2024-07-16 06:00:00+00:00,8,6695f06854401ab37978488e -> 6695f08a54401ab3797848bf -> 6695f0af54401ab37978491a -> 6695f0d054401ab379784948 -> 6695f38a54401ab379784b94 -> 6695fd5054401ab379784e5d -> 6695fe5754401ab379784ec1 -> 6695fe9b54401ab379784ed4
65,2024-07-16 18:00:00+00:00,2024-07-16 20:00:00+00:00,8,6696b597c7250ec426d89a42 -> 6696b6e1c7250ec426d89a4b -> 6696b7e6c7250ec426d89adc -> 6696b907c7250ec426d89ae5 -> 6696ba77c7250ec426d89aee -> 6696bb32c7250ec426d89af7 -> 6696bc45c7250ec426d89b88 -> 6696bd0ec7250ec426d89b91
66,2024-07-17 16:00:00+00:00,2024-07-17 18:00:00+00:00,10,6697f42fc7250ec426d8ce8f -> 6697f672c7250ec426d8ce98 -> 6697f83bc7250ec426d8cea5 -> 6697fa2fc7250ec426d8cf3b -> 6697fb29c7250ec426d8cf44 -> 6697fbc8c7250ec426d8cf4d -> 6697fcdec7250ec426d8cf56 -> 6697fdd2c7250ec426d8cfec -> 6697ff69c7250ec426d8d082 -> 66980075c7250ec426d8d08b
67,2024-07-18 02:00:00+00:00,2024-07-18 04:00:00+00:00,12,66987deec7250ec426d8d51f -> 66987ed9c7250ec426d8d543 -> 66987f26c7250ec426d8d8d1 -> 6698804cc7250ec426d8d913 -> 6698819ec7250ec426d8dcfc -> 66988296c7250ec426d8e0b4 -> 66988324c7250ec426d8e0c8 -> 669883b2c7250ec426d8e0d2 -> 669884d8c7250ec426d8e12a -> 66988a97c7250ec426d8e2b0 -> 66988b01c7250ec426d8e2bd -> 66988bdec7250ec426d8e2f7
68,2024-07-18 04:00:00+00:00,2024-07-18 06:00:00+00:00,6,66989c47c7250ec426d8e7ea -> 66989ef7c7250ec426d8ec2b -> 66989f7ac7250ec426d8ec97 -> 6698a53bc7250ec426d8f5fc -> 6698a6c8c7250ec426d8f6d5 -> 6698a9cfc7250ec426d8f9a6
69,2024-07-19 02:00:00+00:00,2024-07-19 04:00:00+00:00,11,6699d3ccc7250ec426d9288f -> 6699d4cec7250ec426d92c4d -> 6699d4d1c7250ec426d92c54 -> 6699d51fc7250ec426d92e50 -> 6699d580c7250ec426d93221 -> 6699d5f2c7250ec426d934f3 -> 6699d657c7250ec426d934fd -> 6699d707c7250ec426d93589 -> 6699d732c7250ec426d93591 -> 6699dbc4c7250ec426d939c8 -> 6699dcaec7250ec426d939dd
70,2024-07-19 18:00:00+00:00,2024-07-19 20:00:00+00:00,7,669aac06c7250ec426d96ea0 -> 669aad30c7250ec426d96ea9 -> 669aaf05c7250ec426d96eb2 -> 669ab220c7250ec426d96ec5 -> 669ab30fc7250ec426d96f6a -> 669ab431c7250ec426d96f73 -> 669ab596c7250ec426d96f7c
71,2024-07-20 02:00:00+00:00,2024-07-20 04:00:00+00:00,10,669b2bd8c7250ec426d97784 -> 669b2de9c7250ec426d977cf -> 669b2f46c7250ec426d9782e -> 669b3033c7250ec426d97bf1 -> 669b30b2c7250ec426d97fa4 -> 669b318cc7250ec426d983a7 -> 669b3249c7250ec426d9840b -> 669b329fc7250ec426d98434 -> 669b347cc7250ec426d984fd -> 669b3571c7250ec426d98692
72,2024-07-21 20:00:00+00:00,2024-07-21 22:00:00+00:00,8,669d68dec7250ec426d9c98a -> 669d69dbc7250ec426d9c993 -> 669d6ac7c7250ec426d9c99c -> 669d6baec7250ec426d9c9a5 -> 669d6c35c7250ec426d9c9ae -> 669d6d63c7250ec426d9c9b7 -> 669d6e61c7250ec426d9c9c0 -> 669d6f47c7250ec426d9c9c9
73,2024-07-22 02:00:00+00:00,2024-07-22 04:00:00+00:00,8,669dc9aec7250ec426d9d1fe -> 669dcd0ec7250ec426d9d29c -> 669dce9dc7250ec426d9d312 -> 669dd080c7250ec426d9d379 -> 669dd4bfc7250ec426d9d45c -> 669dd6e2c7250ec426d9d676 -> 669dd72bc7250ec426d9d692 -> 669dd885c7250ec426d9d754
74,2024-07-22 04:00:00+00:00,2024-07-22 06:00:00+00:00,10,669ddde8c7250ec426d9d96d -> 669ddeb6c7250ec426d9da1a -> 669ddf84c7250ec426d9da50 -> 669de086c7250ec426d9db0d -> 669de13ec7250ec426d9db24 -> 669de6b6c7250ec426d9de35 -> 669de96ac7250ec426d9e048 -> 669de9f6c7250ec426d9e0d7 -> 669deb4dc7250ec426d9e1f7 -> 669df050c7250ec426d9e3ba
75,2024-07-23 02:00:00+00:00,2024-07-23 04:00:00+00:00,11,669f0ff4c7250ec426da1380 -> 669f18f0c7250ec426da13ff -> 669f18fcc7250ec426da1406 -> 669f1959c7250ec426da1416 -> 669f1a9ec7250ec426da144a -> 669f1b7fc7250ec426da145f -> 669f1c06c7250ec426da1813 -> 669f1c5fc7250ec426da1bc3 -> 669f1d91c7250ec426da1f81 -> 669f1e12c7250ec426da1f92 -> 669f1e6bc7250ec426da1f9d
76,2024-07-23 04:00:00+00:00,2024-07-23 06:00:00+00:00,5,669f2d22c7250ec426da2287 -> 669f2ddac7250ec426da2643 -> 669f32b1c7250ec426da26d9 -> 669f338cc7250ec426da26ec -> 669f376bc7250ec426da2855
77,2024-07-23 16:00:00+00:00,2024-07-23 18:00:00+00:00,6,669fe180c7250ec426da4287 -> 669fe4acc7250ec426da4298 -> 669fe7d5c7250ec426da42a1 -> 669fe89ac7250ec426da42aa -> 669feb05c7250ec426da42b3 -> 669fec44c7250ec426da42bc
78,2024-07-24 02:00:00+00:00,2024-07-24 04:00:00+00:00,13,66a066f0c7250ec426da458a -> 66a067b6c7250ec426da4949 -> 66a06867c7250ec426da497b -> 66a0689ac7250ec426da498a -> 66a06949c7250ec426da4995 -> 66a06bb9c7250ec426da49c6 -> 66a06c21c7250ec426da4a41 -> 66a06c8ac7250ec426da4a6b -> 66a06d2cc7250ec426da4e5f -> 66a06d68c7250ec426da4e6c -> 66a06e0cc7250ec426da5247 -> 66a06e6bc7250ec426da526b -> 66a071ccc7250ec426da53fc
79,2024-07-24 04:00:00+00:00,2024-07-24 06:00:00+00:00,6,66a086044131ebe6bf0187d3 -> 66a086624131ebe6bf01882c -> 66a08d5e4131ebe6bf018bf4 -> 66a091ec4131ebe6bf018d24 -> 66a093544131ebe6bf018d36 -> 66a096ed4131ebe6bf018ee4
80,2024-07-25 02:00:00+00:00,2024-07-25 04:00:00+00:00,10,66a1bd074131ebe6bf01cb9f -> 66a1be134131ebe6bf01cfbc -> 66a1bed14131ebe6bf01d00a -> 66a1bf404131ebe6bf01d018 -> 66a1bf976badf0453bda8fce -> 66a1bf9c4131ebe6bf01d02b -> 66a1c0214131ebe6bf01d430 -> 66a1c3494131ebe6bf01d4c2 -> 66a1c4544131ebe6bf01d4ec -> 66a1cc0c4131ebe6bf01d674
81,2024-07-25 16:00:00+00:00,2024-07-25 18:00:00+00:00,8,66a277760183a7b440089be8 -> 66a279fa0183a7b440089bf4 -> 66a285b60183a7b440089c43 -> 66a289030183a7b440089c73 -> 66a289740183a7b440089d39 -> 66a289e40183a7b440089d42 -> 66a28a540183a7b440089d4b -> 66a28afe0183a7b440089d54
82,2024-07-26 02:00:00+00:00,2024-07-26 04:00:00+00:00,10,66a30b450183a7b44008a065 -> 66a3167d0183a7b44008a322 -> 66a316e20183a7b44008a339 -> 66a318be0183a7b44008a7c7 -> 66a319a60183a7b44008acff -> 66a31a890183a7b44008adb5 -> 66a31b120183a7b44008adef -> 66a31bd80183a7b44008b247 -> 66a31c240183a7b44008b2e3 -> 66a31d090183a7b44008b6e9
83,2024-07-26 08:00:00+00:00,2024-07-26 10:00:00+00:00,5,66a359260183a7b44008cfd7 -> 66a35a110183a7b44008cffe -> 66a35a1d0183a7b44008d009 -> 66a361896badf0453bda95d8 -> 66a36cad0183a7b44008de53
84,2024-07-26 14:00:00+00:00,2024-07-26 16:00:00+00:00,5,66a3c12b0183a7b44008ee8d -> 66a3c1d10183a7b44008eea7 -> 66a3c22e0183a7b44008ef8e -> 66a3c2d80183a7b44008efa0 -> 66a3c3930183a7b44008efaf
85,2024-07-29 04:00:00+00:00,2024-07-29 06:00:00+00:00,16,66a7144d0183a7b440091626 -> 66a7180d0183a7b440091ab6 -> 66a719bd0183a7b440091bb2 -> 66a71af30183a7b440091cba -> 66a71c0c0183a7b440091cca -> 66a71d2b0183a7b440091cda -> 66a71ea50183a7b440091d16 -> 66a71fa10183a7b440091d2c -> 66a71fd90183a7b440091d3a -> 66a71fdc0183a7b440091d41 -> 66a720806badf0453bda9a2b -> 66a721b20183a7b440091d88 -> 66a7226b0183a7b440091da7 -> 66a723330183a7b440091dec -> 66a724150183a7b440091f8c -> 66a72c690183a7b440092245
86,2024-07-30 16:00:00+00:00,2024-07-30 18:00:00+00:00,7,66a90ecb7e3bd50e54fe8f14 -> 66a910217e3bd50e54fe8f1d -> 66a912287e3bd50e54fe8f26 -> 66a913e67e3bd50e54fe8f2f -> 66a9152c7e3bd50e54fe8f46 -> 66a915c97e3bd50e54fe8f4f -> 66a916a77e3bd50e54fe8f58
87,2024-08-01 02:00:00+00:00,2024-08-01 04:00:00+00:00,6,66aaf3567e3bd50e54fea8df -> 66aaf5197e3bd50e54fea915 -> 66aaf6597e3bd50e54feaa3e -> 66aaf8dc7e3bd50e54feaa6a -> 66aaf9577e3bd50e54feab5d -> 66aafc1e7e3bd50e54feac85
88,2024-08-02 08:00:00+00:00,2024-08-02 10:00:00+00:00,6,66ac9d9441dd95a0cd971c16 -> 66ac9dcf41dd95a0cd971c27 -> 66ac9dff41dd95a0cd971c33 -> 66ac9e2541dd95a0cd971c3e -> 66ac9e3941dd95a0cd971c45 -> 66acab0a41dd95a0cd9720c0
89,2024-08-06 02:00:00+00:00,2024-08-06 04:00:00+00:00,5,66b189f641dd95a0cd976b84 -> 66b19ab241dd95a0cd976ca4 -> 66b19d2941dd95a0cd976d23 -> 66b19dbe41dd95a0cd976d7a -> 66b19f6d41dd95a0cd976e2b
90,2024-08-06 04:00:00+00:00,2024-08-06 06:00:00+00:00,13,66b1a12a41dd95a0cd976eec -> 66b1a22241dd95a0cd976f21 -> 66b1a2f041dd95a0cd9772cb -> 66b1a3a841dd95a0cd977312 -> 66b1ac0c41dd95a0cd9774ae -> 66b1ad7b41dd95a0cd9774fb -> 66b1add041dd95a0cd97754b -> 66b1adfc41dd95a0cd977570 -> 66b1aedf41dd95a0cd97757d -> 66b1aef78bafc7aafe84102c -> 66b1af828bafc7aafe84104f -> 66b1afe941dd95a0cd9776fe -> 66b1b07141dd95a0cd977755
91,2024-08-07 02:00:00+00:00,2024-08-07 04:00:00+00:00,8,66b2e1a441dd95a0cd979ea1 -> 66b2e38841dd95a0cd979ecb -> 66b2e4c241dd95a0cd97ad47 -> 66b2e6c77cb3f11298e313c5 -> 66b2e7807cb3f11298e313d1 -> 66b2ec357cb3f11298e31524 -> 66b2ecaa7cb3f11298e31553 -> 66b2ed167cb3f11298e31657
92,2024-08-08 02:00:00+00:00,2024-08-08 04:00:00+00:00,8,66b42f430f42ac1ad11ca1e4 -> 66b433587cb3f11298e33d66 -> 66b434b37cb3f11298e33d8d -> 66b4354d7cb3f11298e33dbd -> 66b43b797cb3f11298e33e32 -> 66b441337cb3f11298e33e7d -> 66b441737cb3f11298e34269 -> 66b442417cb3f11298e3468b
93,2024-08-08 06:00:00+00:00,2024-08-08 08:00:00+00:00,7,66b45f0e0f42ac1ad11ca340 -> 66b460207cb3f11298e35196 -> 66b461ed0f42ac1ad11ca378 -> 66b4689a7cb3f11298e3543e -> 66b46a517cb3f11298e35463 -> 66b46d6a7cb3f11298e35520 -> 66b471827cb3f11298e3566f
94,2024-08-09 02:00:00+00:00,2024-08-09 04:00:00+00:00,7,66b588377cb3f11298e37782 -> 66b589047cb3f11298e37790 -> 66b58b477cb3f11298e37b88 -> 66b58bed7cb3f11298e37b91 -> 66b58c807cb3f11298e37ba1 -> 66b58e557cb3f11298e37bcd -> 66b58edf7cb3f11298e37bea
95,2024-08-09 16:00:00+00:00,2024-08-09 18:00:00+00:00,11,66b642c07cb3f11298e39dd6 -> 66b643c27cb3f11298e39ddf -> 66b6446f7cb3f11298e39dea -> 66b64a7c7cb3f11298e39df4 -> 66b64d3e7cb3f11298e39dff -> 66b64f327cb3f11298e39e19 -> 66b650677cb3f11298e39e23 -> 66b651fe7cb3f11298e39e2e -> 66b652f37cb3f11298e39e3a -> 66b653c97cb3f11298e39e46 -> 66b6562f7cb3f11298e39e50
96,2024-08-10 04:00:00+00:00,2024-08-10 06:00:00+00:00,11,66b6e72e0f42ac1ad11caa1e -> 66b6e7367cb3f11298e3aee8 -> 66b6e87c7cb3f11298e3b2e3 -> 66b6e98a7cb3f11298e3b31f -> 66b6ea627cb3f11298e3b33c -> 66b6eb687cb3f11298e3b379 -> 66b6ecff7cb3f11298e3b484 -> 66b6ed487cb3f11298e3b495 -> 66b6edad7cb3f11298e3b88f -> 66b6f52b7cb3f11298e3be60 -> 66b6f6ea7cb3f11298e3bee6
97,2024-08-13 02:00:00+00:00,2024-08-13 04:00:00+00:00,13,66bac1527cb3f11298e42891 -> 66bac56a7cb3f11298e428ce -> 66bac5c77cb3f11298e428d8 -> 66bac9d07cb3f11298e42924 -> 66baca4e7cb3f11298e42933 -> 66bacada7cb3f11298e42940 -> 66bacbac7cb3f11298e42d69 -> 66bacd9f7cb3f11298e42d90 -> 66bacf3c7cb3f11298e42da7 -> 66bacfa37cb3f11298e42db0 -> 66bacfe87cb3f11298e42dc0 -> 66bad1820f42ac1ad11cb212 -> 66bad1d17cb3f11298e431e9
98,2024-08-14 02:00:00+00:00,2024-08-14 04:00:00+00:00,5,66bc21097cb3f11298e44c2c -> 66bc281c7cb3f11298e44c8f -> 66bc28757cb3f11298e44cb3 -> 66bc295e7cb3f11298e4516d -> 66bc2b8f0f42ac1ad11cb354
99,2024-08-14 04:00:00+00:00,2024-08-14 06:00:00+00:00,5,66bc2be07cb3f11298e45800 -> 66bc2d797cb3f11298e45c95 -> 66bc2e787cb3f11298e460d6 -> 66bc33f97cb3f11298e46180 -> 66bc34ba7cb3f11298e465ae
100,2024-08-15 04:00:00+00:00,2024-08-15 06:00:00+00:00,9,66bd7e119973faa9d132deee -> 66bd7f869973faa9d132e02c -> 66bd82039973faa9d132e085 -> 66bd83809973faa9d132e145 -> 66bd845e9973faa9d132e28d -> 66bd84639973faa9d132e294 -> 66bd87e29973faa9d132e88c -> 66bd881e9973faa9d132e8a2 -> 66bd88859973faa9d132e8ae
101,2024-08-16 02:00:00+00:00,2024-08-16 04:00:00+00:00,5,66bebbf19973faa9d132fda9 -> 66bebc4c9973faa9d132fdb9 -> 66bebf9a0f42ac1ad11cb88f -> 66bece979973faa9d133011a -> 66beceaa9973faa9d1330129
102,2024-08-16 04:00:00+00:00,2024-08-16 06:00:00+00:00,7,66becef59973faa9d1330567 -> 66becf759973faa9d13305c9 -> 66becfcd9973faa9d13305d6 -> 66bed32d9973faa9d1330946 -> 66bed8099a1d4579e8b418ae -> 66bed9c29973faa9d1330b38 -> 66bedd8b9973faa9d133108c
103,2024-08-17 02:00:00+00:00,2024-08-17 04:00:00+00:00,6,66c010009a1d4579e8b41a25 -> 66c011989a1d4579e8b41a47 -> 66c018f69973faa9d133306f -> 66c01a199973faa9d1333382 -> 66c01f179973faa9d13334f0 -> 66c01f789973faa9d1333500
104,2024-08-17 04:00:00+00:00,2024-08-17 06:00:00+00:00,8,66c024a59973faa9d133364b -> 66c025749973faa9d133368b -> 66c0262d9973faa9d133369d -> 66c0283b9973faa9d1333b5a -> 66c029be9973faa9d1333cb1 -> 66c02bf29973faa9d1333cfd -> 66c02e6e9973faa9d13345c7 -> 66c0355b9973faa9d1334b1b
105,2024-08-19 04:00:00+00:00,2024-08-19 06:00:00+00:00,12,66c2c3709973faa9d1336fc7 -> 66c2ca139973faa9d133719d -> 66c2ce269973faa9d13372ce -> 66c2d0629973faa9d1337371 -> 66c2d11f9973faa9d13377cb -> 66c2d3759973faa9d1337c4f -> 66c2d4a29973faa9d1337c89 -> 66c2d5c29973faa9d1337d26 -> 66c2d67a9973faa9d1337da8 -> 66c2d7239973faa9d1337de8 -> 66c2d8139973faa9d1337ec3 -> 66c2d8699973faa9d133800e
106,2024-08-20 04:00:00+00:00,2024-08-20 06:00:00+00:00,10,66c41747dc29bcc583b5c176 -> 66c417efdc29bcc583b5c18e -> 66c4192eb8e7077ed0127de5 -> 66c419bbb8e7077ed0127e21 -> 66c421a1b8e7077ed0127f50 -> 66c421dfb8e7077ed0127f92 -> 66c42231b8e7077ed012804c -> 66c4231bb8e7077ed0128247 -> 66c42b85b8e7077ed01284d1 -> 66c42dd0b8e7077ed0128560
107,2024-08-21 02:00:00+00:00,2024-08-21 04:00:00+00:00,7,66c54daab8e7077ed0129cc0 -> 66c56085b8e7077ed012a017 -> 66c560d4b8e7077ed012a439 -> 66c5610cb8e7077ed012a442 -> 66c561bdb8e7077ed012a892 -> 66c56230b8e7077ed012a89d -> 66c565189a1d4579e8b42598
108,2024-08-22 04:00:00+00:00,2024-08-22 06:00:00+00:00,9,66c6bb92b8e7077ed012d2db -> 66c6bd81b8e7077ed012d31e -> 66c6be20b8e7077ed012d785 -> 66c6beaab8e7077ed012d794 -> 66c6c95db8e7077ed012d9cd -> 66c6ca63b8e7077ed012d9d7 -> 66c6ccb7b8e7077ed012db51 -> 66c6cde3b8e7077ed012db6a -> 66c6cfb99a1d4579e8b42a95
