workload_id,number_of_deliveries,wave_start,wave_end,delivery_id,dbscan_noise,nearest_peer_distance_km,isolation_ratio,insertion_detour_km,unreachable_from_all_peers,road_isolation_candidate,base_reasons,high_insertion_detour_candidate,final_flagged,final_reasons
27,5,2024-05-27 04:00:00+00:00,2024-05-27 06:00:00+00:00,66541fc4e847739e08b3dec7,False,18.21166656960979,10.106613726059548,31.03563090772546,False,True,road_isolation_candidate,True,True,road_isolation_candidate|high_insertion_detour_candidate
100,9,2024-08-15 04:00:00+00:00,2024-08-15 06:00:00+00:00,66bd88859973faa9d132e8ae,False,8.962873151444152,6.355183598289344,7.095253713314618,False,True,road_isolation_candidate,False,True,road_isolation_candidate
85,16,2024-07-29 04:00:00+00:00,2024-07-29 06:00:00+00:00,66a71c0c0183a7b440091cca,False,10.017671823014137,6.1336685536724795,10.268487921517757,False,True,road_isolation_candidate,False,True,road_isolation_candidate
71,10,2024-07-20 02:00:00+00:00,2024-07-20 04:00:00+00:00,669b329fc7250ec426d98434,False,19.25612802512264,6.052683947844919,24.244196578777135,False,True,road_isolation_candidate,True,True,road_isolation_candidate|high_insertion_detour_candidate
69,11,2024-07-19 02:00:00+00:00,2024-07-19 04:00:00+00:00,6699dcaec7250ec426d939dd,False,9.699498708207631,6.0209622426566165,8.941676474228347,False,True,road_isolation_candidate,False,True,road_isolation_candidate
85,16,2024-07-29 04:00:00+00:00,2024-07-29 06:00:00+00:00,66a723330183a7b440091dec,False,9.501064828147396,5.81735792431629,6.556722620848955,False,True,road_isolation_candidate,False,True,road_isolation_candidate
43,10,2024-07-01 04:00:00+00:00,2024-07-01 06:00:00+00:00,668236912d58011d21e7ab5f,False,11.330863055937112,5.750133737359111,14.81273233060178,False,True,road_isolation_candidate,True,True,road_isolation_candidate|high_insertion_detour_candidate
15,7,2024-04-04 02:00:00+00:00,2024-04-04 04:00:00+00:00,660e136dad7887547b68a1ba,False,10.568306082702977,5.680519448340507,15.523606678530722,False,True,road_isolation_candidate,True,True,road_isolation_candidate|high_insertion_detour_candidate
63,13,2024-07-16 02:00:00+00:00,2024-07-16 04:00:00+00:00,6695e1fc54401ab379783b6e,False,11.51190091936948,5.679757354384562,12.06810415592931,False,True,road_isolation_candidate,False,True,road_isolation_candidate
70,7,2024-07-19 18:00:00+00:00,2024-07-19 20:00:00+00:00,669aad30c7250ec426d96ea9,False,10.37402007292975,5.672114746444895,5.35506598507008,False,True,road_isolation_candidate,False,True,road_isolation_candidate
108,9,2024-08-22 04:00:00+00:00,2024-08-22 06:00:00+00:00,66c6ccb7b8e7077ed012db51,False,13.117442902739391,5.5204456220290865,13.994984853262837,False,True,road_isolation_candidate,True,True,road_isolation_candidate|high_insertion_detour_candidate
69,11,2024-07-19 02:00:00+00:00,2024-07-19 04:00:00+00:00,6699dbc4c7250ec426d939c8,False,8.588088833446667,5.331054743994962,3.6550361654015546,False,True,road_isolation_candidate,False,True,road_isolation_candidate
20,5,2024-04-22 04:00:00+00:00,2024-04-22 06:00:00+00:00,6625e6b1a43812eb5bf91506,False,16.077822180001537,5.200950177453943,24.319193285271666,False,True,road_isolation_candidate,True,True,road_isolation_candidate|high_insertion_detour_candidate
78,13,2024-07-24 02:00:00+00:00,2024-07-24 04:00:00+00:00,66a06867c7250ec426da497b,False,11.665165775104434,4.970300478063371,15.931288574577222,False,True,road_isolation_candidate,True,True,road_isolation_candidate|high_insertion_detour_candidate
24,6,2024-05-16 04:00:00+00:00,2024-05-16 06:00:00+00:00,66459ca58941c947243a2dea,False,10.397139736670368,4.566276954462304,17.237867046606773,False,True,road_isolation_candidate,True,True,road_isolation_candidate|high_insertion_detour_candidate
70,7,2024-07-19 18:00:00+00:00,2024-07-19 20:00:00+00:00,669aaf05c7250ec426d96eb2,False,8.161428251961887,4.46235472985078,1.202745172638604,False,True,road_isolation_candidate,False,True,road_isolation_candidate
70,7,2024-07-19 18:00:00+00:00,2024-07-19 20:00:00+00:00,669ab220c7250ec426d96ec5,False,8.161428251961887,4.46235472985078,11.312173551490716,False,True,road_isolation_candidate,False,True,road_isolation_candidate
52,6,2024-07-09 04:00:00+00:00,2024-07-09 06:00:00+00:00,668cbc02ca82dc659290385d,False,6.239553261841931,4.367863638792427,0.3213846834234708,False,True,road_isolation_candidate,False,True,road_isolation_candidate
91,8,2024-08-07 02:00:00+00:00,2024-08-07 04:00:00+00:00,66b2ed167cb3f11298e31657,False,14.951793762110551,4.28592663276573,26.09109649666536,False,True,road_isolation_candidate,True,True,road_isolation_candidate|high_insertion_detour_candidate
96,11,2024-08-10 04:00:00+00:00,2024-08-10 06:00:00+00:00,66b6f6ea7cb3f11298e3bee6,False,14.584942272434242,4.256612652456129,20.198731653713544,False,True,road_isolation_candidate,True,True,road_isolation_candidate|high_insertion_detour_candidate
