sequence,delivery_id,road_node
1,6691f9d6407172f674590660,2156215360
2,6691eec3407172f67458f66a,4611394688
3,6691f28f407172f67458f6e4,5058499831
4,6691f6cc407172f67458fe89,5074798739
5,6691f5c8407172f67458fe0f,4537175218
6,6691f95f407172f674590606,6269039028
7,6691f697407172f67458fe70,6631418424
8,6691f3c3407172f67458fa49,5722292349
9,6691f52e407172f67458fdf8,5748143156
10,6691f730407172f67459020f,5763943823
11,6691f563407172f67458fe02,366419728
12,6691f629407172f67458fe62,3798940828
13,6691ee35407172f67458f318,4604903935
14,6691f934407172f6745905e3,4887809487
15,6691f8a2407172f674590285,5758041286
