wave_start,number_of_deliveries,number_of_clusters,dominant_cluster_size,dominant_cluster_share
2023-05-04 14:00:00+00:00,1,1,1,1.0
2023-05-05 04:00:00+00:00,1,1,1,1.0
2023-05-06 10:00:00+00:00,1,1,1,1.0
2023-05-07 14:00:00+00:00,1,1,1,1.0
2023-05-09 08:00:00+00:00,1,1,1,1.0
2023-05-09 12:00:00+00:00,1,1,1,1.0
2023-05-10 00:00:00+00:00,1,1,1,1.0
2023-05-10 02:00:00+00:00,1,1,1,1.0
2023-05-11 04:00:00+00:00,2,1,2,1.0
2023-05-12 04:00:00+00:00,1,1,1,1.0
2023-05-12 14:00:00+00:00,2,2,1,0.5
2023-05-13 02:00:00+00:00,1,1,1,1.0
2023-05-13 10:00:00+00:00,2,2,1,0.5
2023-05-16 08:00:00+00:00,2,2,1,0.5
2023-05-17 04:00:00+00:00,1,1,1,1.0
2023-05-18 04:00:00+00:00,1,1,1,1.0
2023-05-18 06:00:00+00:00,1,1,1,1.0
2023-05-18 14:00:00+00:00,2,2,1,0.5
2023-05-19 04:00:00+00:00,2,2,1,0.5
2023-05-20 06:00:00+00:00,1,1,1,1.0
2023-05-20 08:00:00+00:00,2,2,1,0.5
2023-05-22 04:00:00+00:00,2,2,1,0.5
2023-05-22 10:00:00+00:00,1,1,1,1.0
2023-05-22 16:00:00+00:00,2,2,1,0.5
2023-05-23 02:00:00+00:00,1,1,1,1.0
2023-05-23 08:00:00+00:00,1,1,1,1.0
2023-05-23 10:00:00+00:00,1,1,1,1.0
2023-05-25 02:00:00+00:00,1,1,1,1.0
2023-05-26 00:00:00+00:00,2,2,1,0.5
2023-05-27 06:00:00+00:00,1,1,1,1.0
2023-05-30 00:00:00+00:00,1,1,1,1.0
2023-05-30 04:00:00+00:00,3,2,2,0.6666666666666666
2023-05-30 08:00:00+00:00,1,1,1,1.0
2023-05-31 04:00:00+00:00,2,2,1,0.5
2023-05-31 06:00:00+00:00,1,1,1,1.0
2023-05-31 14:00:00+00:00,1,1,1,1.0
2023-06-01 02:00:00+00:00,1,1,1,1.0
2023-06-01 06:00:00+00:00,1,1,1,1.0
2023-06-01 08:00:00+00:00,1,1,1,1.0
2023-06-02 00:00:00+00:00,1,1,1,1.0
2023-06-02 04:00:00+00:00,1,1,1,1.0
2023-06-02 06:00:00+00:00,2,1,2,1.0
2023-06-02 08:00:00+00:00,1,1,1,1.0
2023-06-03 10:00:00+00:00,1,1,1,1.0
2023-06-04 06:00:00+00:00,2,2,1,0.5
2023-06-05 06:00:00+00:00,1,1,1,1.0
2023-06-05 16:00:00+00:00,1,1,1,1.0
2023-06-06 04:00:00+00:00,1,1,1,1.0
2023-06-06 08:00:00+00:00,2,1,2,1.0
2023-06-06 12:00:00+00:00,2,2,1,0.5
2023-06-07 02:00:00+00:00,2,1,2,1.0
2023-06-08 04:00:00+00:00,1,1,1,1.0
2023-06-09 02:00:00+00:00,1,1,1,1.0
2023-06-09 04:00:00+00:00,1,1,1,1.0
2023-06-09 08:00:00+00:00,1,1,1,1.0
2023-06-09 14:00:00+00:00,1,1,1,1.0
2023-06-12 04:00:00+00:00,2,2,1,0.5
2023-06-12 10:00:00+00:00,1,1,1,1.0
2023-06-14 08:00:00+00:00,1,1,1,1.0
2023-06-15 04:00:00+00:00,1,1,1,1.0
2023-06-18 14:00:00+00:00,1,1,1,1.0
2023-06-19 10:00:00+00:00,1,1,1,1.0
2023-06-20 04:00:00+00:00,2,2,1,0.5
2023-06-20 14:00:00+00:00,1,1,1,1.0
2023-06-22 06:00:00+00:00,2,1,2,1.0
2023-06-22 08:00:00+00:00,1,1,1,1.0
2023-06-23 04:00:00+00:00,1,1,1,1.0
2023-06-23 06:00:00+00:00,2,2,1,0.5
2023-06-24 08:00:00+00:00,1,1,1,1.0
2023-06-24 10:00:00+00:00,1,1,1,1.0
2023-06-25 14:00:00+00:00,1,1,1,1.0
2023-06-27 10:00:00+00:00,1,1,1,1.0
2023-06-28 12:00:00+00:00,2,2,1,0.5
2023-06-30 04:00:00+00:00,2,2,1,0.5
2023-07-03 06:00:00+00:00,2,2,1,0.5
2023-07-04 04:00:00+00:00,2,2,1,0.5
2023-07-04 06:00:00+00:00,1,1,1,1.0
2023-07-05 04:00:00+00:00,3,2,2,0.6666666666666666
2023-07-06 04:00:00+00:00,1,1,1,1.0
2023-07-06 08:00:00+00:00,1,1,1,1.0
2023-07-07 02:00:00+00:00,1,1,1,1.0
2023-07-08 08:00:00+00:00,1,1,1,1.0
2023-07-08 12:00:00+00:00,1,1,1,1.0
2023-07-10 08:00:00+00:00,2,1,2,1.0
2023-07-11 02:00:00+00:00,1,1,1,1.0
2023-07-11 08:00:00+00:00,2,1,2,1.0
2023-07-12 10:00:00+00:00,1,1,1,1.0
2023-07-12 14:00:00+00:00,1,1,1,1.0
2023-07-14 02:00:00+00:00,1,1,1,1.0
2023-07-15 04:00:00+00:00,2,2,1,0.5
2023-07-15 06:00:00+00:00,1,1,1,1.0
2023-07-17 06:00:00+00:00,1,1,1,1.0
2023-07-17 08:00:00+00:00,1,1,1,1.0
2023-07-17 10:00:00+00:00,1,1,1,1.0
2023-07-18 08:00:00+00:00,1,1,1,1.0
2023-07-18 10:00:00+00:00,1,1,1,1.0
2023-07-18 16:00:00+00:00,2,2,1,0.5
2023-07-20 04:00:00+00:00,3,3,1,0.3333333333333333
2023-07-20 08:00:00+00:00,2,1,2,1.0
2023-07-20 12:00:00+00:00,1,1,1,1.0
2023-07-22 02:00:00+00:00,1,1,1,1.0
2023-07-22 10:00:00+00:00,1,1,1,1.0
2023-07-24 06:00:00+00:00,2,2,1,0.5
2023-07-25 00:00:00+00:00,2,1,2,1.0
2023-07-25 06:00:00+00:00,3,3,1,0.3333333333333333
2023-07-25 08:00:00+00:00,1,1,1,1.0
2023-07-26 02:00:00+00:00,2,2,1,0.5
2023-07-27 00:00:00+00:00,1,1,1,1.0
2023-07-28 08:00:00+00:00,1,1,1,1.0
2023-07-29 04:00:00+00:00,2,2,1,0.5
2023-07-29 06:00:00+00:00,2,2,1,0.5
2023-07-31 10:00:00+00:00,1,1,1,1.0
2023-08-01 06:00:00+00:00,4,1,4,1.0
2023-08-01 16:00:00+00:00,1,1,1,1.0
2023-08-02 08:00:00+00:00,2,1,2,1.0
2023-08-03 04:00:00+00:00,1,1,1,1.0
2023-08-03 08:00:00+00:00,1,1,1,1.0
2023-08-05 02:00:00+00:00,1,1,1,1.0
2023-08-05 10:00:00+00:00,1,1,1,1.0
2023-08-06 14:00:00+00:00,2,2,1,0.5
2023-08-07 04:00:00+00:00,2,1,2,1.0
2023-08-08 02:00:00+00:00,1,1,1,1.0
2023-08-09 10:00:00+00:00,1,1,1,1.0
2023-08-09 14:00:00+00:00,1,1,1,1.0
2023-08-09 16:00:00+00:00,1,1,1,1.0
2023-08-11 02:00:00+00:00,1,1,1,1.0
2023-08-11 08:00:00+00:00,1,1,1,1.0
2023-08-14 02:00:00+00:00,1,1,1,1.0
2023-08-14 04:00:00+00:00,3,2,2,0.6666666666666666
2023-08-15 02:00:00+00:00,1,1,1,1.0
2023-08-15 08:00:00+00:00,1,1,1,1.0
2023-08-16 04:00:00+00:00,3,2,2,0.6666666666666666
2023-08-16 10:00:00+00:00,1,1,1,1.0
2023-08-17 06:00:00+00:00,1,1,1,1.0
2023-08-18 06:00:00+00:00,1,1,1,1.0
2023-08-19 04:00:00+00:00,1,1,1,1.0
2023-08-19 10:00:00+00:00,1,1,1,1.0
2023-08-21 02:00:00+00:00,4,2,3,0.75
2023-08-21 10:00:00+00:00,1,1,1,1.0
2023-08-24 02:00:00+00:00,1,1,1,1.0
2023-08-24 04:00:00+00:00,3,2,2,0.6666666666666666
2023-08-25 04:00:00+00:00,2,1,2,1.0
2023-08-25 08:00:00+00:00,1,1,1,1.0
2023-08-26 02:00:00+00:00,3,2,2,0.6666666666666666
2023-08-26 06:00:00+00:00,2,2,1,0.5
2023-08-26 08:00:00+00:00,1,1,1,1.0
2023-08-28 02:00:00+00:00,1,1,1,1.0
2023-08-28 12:00:00+00:00,1,1,1,1.0
2023-08-29 02:00:00+00:00,1,1,1,1.0
2023-08-30 06:00:00+00:00,1,1,1,1.0
2023-08-31 04:00:00+00:00,3,2,2,0.6666666666666666
2023-08-31 10:00:00+00:00,1,1,1,1.0
2023-09-05 04:00:00+00:00,1,1,1,1.0
2023-09-05 10:00:00+00:00,3,2,2,0.6666666666666666
2023-09-06 04:00:00+00:00,1,1,1,1.0
2023-09-07 06:00:00+00:00,1,1,1,1.0
2023-09-08 04:00:00+00:00,1,1,1,1.0
2023-09-08 08:00:00+00:00,3,2,2,0.6666666666666666
2023-09-09 04:00:00+00:00,1,1,1,1.0
2023-09-11 06:00:00+00:00,3,2,2,0.6666666666666666
2023-09-11 08:00:00+00:00,1,1,1,1.0
2023-09-12 00:00:00+00:00,1,1,1,1.0
2023-09-12 04:00:00+00:00,1,1,1,1.0
2023-09-13 02:00:00+00:00,1,1,1,1.0
2023-09-13 04:00:00+00:00,2,2,1,0.5
2023-09-13 08:00:00+00:00,2,2,1,0.5
2023-09-13 10:00:00+00:00,1,1,1,1.0
2023-09-13 14:00:00+00:00,2,2,1,0.5
2023-09-13 16:00:00+00:00,1,1,1,1.0
2023-09-14 06:00:00+00:00,1,1,1,1.0
2023-09-14 08:00:00+00:00,1,1,1,1.0
2023-09-14 16:00:00+00:00,2,1,2,1.0
2023-09-15 10:00:00+00:00,1,1,1,1.0
2023-09-16 02:00:00+00:00,1,1,1,1.0
2023-09-16 06:00:00+00:00,1,1,1,1.0
2023-09-18 02:00:00+00:00,2,2,1,0.5
2023-09-18 04:00:00+00:00,1,1,1,1.0
2023-09-20 00:00:00+00:00,2,1,2,1.0
2023-09-20 02:00:00+00:00,1,1,1,1.0
2023-09-20 04:00:00+00:00,2,2,1,0.5
2023-09-21 02:00:00+00:00,1,1,1,1.0
2023-09-21 06:00:00+00:00,1,1,1,1.0
2023-09-21 08:00:00+00:00,1,1,1,1.0
2023-09-21 10:00:00+00:00,1,1,1,1.0
2023-09-21 14:00:00+00:00,1,1,1,1.0
2023-09-22 02:00:00+00:00,1,1,1,1.0
2023-09-22 04:00:00+00:00,2,2,1,0.5
2023-09-22 06:00:00+00:00,1,1,1,1.0
2023-09-22 10:00:00+00:00,1,1,1,1.0
2023-09-23 04:00:00+00:00,1,1,1,1.0
2023-09-23 18:00:00+00:00,2,2,1,0.5
2023-09-24 04:00:00+00:00,1,1,1,1.0
2023-09-24 06:00:00+00:00,1,1,1,1.0
2023-09-24 12:00:00+00:00,1,1,1,1.0
2023-09-25 06:00:00+00:00,1,1,1,1.0
2023-09-25 08:00:00+00:00,1,1,1,1.0
2023-09-25 12:00:00+00:00,1,1,1,1.0
2023-09-25 14:00:00+00:00,1,1,1,1.0
2023-09-26 04:00:00+00:00,1,1,1,1.0
2023-09-26 06:00:00+00:00,3,3,1,0.3333333333333333
2023-09-27 06:00:00+00:00,2,2,1,0.5
2023-09-28 02:00:00+00:00,2,1,2,1.0
2023-09-28 04:00:00+00:00,1,1,1,1.0
2023-09-29 04:00:00+00:00,1,1,1,1.0
2023-09-29 06:00:00+00:00,3,2,2,0.6666666666666666
2023-09-29 08:00:00+00:00,1,1,1,1.0
2023-09-30 02:00:00+00:00,1,1,1,1.0
2023-09-30 10:00:00+00:00,1,1,1,1.0
2023-10-02 04:00:00+00:00,5,5,1,0.2
2023-10-02 06:00:00+00:00,1,1,1,1.0
2023-10-02 08:00:00+00:00,1,1,1,1.0
2023-10-02 10:00:00+00:00,1,1,1,1.0
2023-10-02 16:00:00+00:00,1,1,1,1.0
2023-10-03 04:00:00+00:00,1,1,1,1.0
2023-10-03 06:00:00+00:00,1,1,1,1.0
2023-10-03 08:00:00+00:00,1,1,1,1.0
2023-10-04 06:00:00+00:00,2,1,2,1.0
2023-10-06 00:00:00+00:00,1,1,1,1.0
2023-10-06 02:00:00+00:00,1,1,1,1.0
2023-10-06 06:00:00+00:00,2,2,1,0.5
2023-10-07 02:00:00+00:00,1,1,1,1.0
2023-10-07 04:00:00+00:00,1,1,1,1.0
2023-10-07 06:00:00+00:00,2,1,2,1.0
2023-10-07 20:00:00+00:00,1,1,1,1.0
2023-10-08 10:00:00+00:00,4,2,3,0.75
2023-10-08 14:00:00+00:00,1,1,1,1.0
2023-10-09 02:00:00+00:00,1,1,1,1.0
2023-10-09 04:00:00+00:00,1,1,1,1.0
2023-10-09 06:00:00+00:00,2,1,2,1.0
2023-10-09 10:00:00+00:00,1,1,1,1.0
2023-10-10 06:00:00+00:00,2,1,2,1.0
2023-10-10 08:00:00+00:00,2,2,1,0.5
2023-10-11 04:00:00+00:00,1,1,1,1.0
2023-10-12 04:00:00+00:00,3,2,2,0.6666666666666666
2023-10-12 06:00:00+00:00,1,1,1,1.0
2023-10-12 14:00:00+00:00,1,1,1,1.0
2023-10-13 06:00:00+00:00,2,2,1,0.5
2023-10-13 10:00:00+00:00,1,1,1,1.0
2023-10-16 10:00:00+00:00,3,2,2,0.6666666666666666
2023-10-17 06:00:00+00:00,2,1,2,1.0
2023-10-18 04:00:00+00:00,4,3,2,0.5
2023-10-18 06:00:00+00:00,2,2,1,0.5
2023-10-18 18:00:00+00:00,1,1,1,1.0
2023-10-19 00:00:00+00:00,1,1,1,1.0
2023-10-19 04:00:00+00:00,3,3,1,0.3333333333333333
2023-10-19 06:00:00+00:00,1,1,1,1.0
2023-10-19 10:00:00+00:00,2,2,1,0.5
2023-10-20 02:00:00+00:00,1,1,1,1.0
2023-10-20 16:00:00+00:00,2,2,1,0.5
2023-10-21 06:00:00+00:00,1,1,1,1.0
2023-10-22 14:00:00+00:00,2,2,1,0.5
2023-10-23 12:00:00+00:00,1,1,1,1.0
2023-10-23 14:00:00+00:00,2,2,1,0.5
2023-10-24 02:00:00+00:00,1,1,1,1.0
2023-10-24 12:00:00+00:00,1,1,1,1.0
2023-10-25 10:00:00+00:00,1,1,1,1.0
2023-10-26 02:00:00+00:00,1,1,1,1.0
2023-10-26 06:00:00+00:00,1,1,1,1.0
2023-10-27 10:00:00+00:00,2,2,1,0.5
2023-10-27 16:00:00+00:00,1,1,1,1.0
2023-10-28 08:00:00+00:00,2,2,1,0.5
2023-10-29 12:00:00+00:00,1,1,1,1.0
2023-10-30 06:00:00+00:00,1,1,1,1.0
2023-10-31 06:00:00+00:00,1,1,1,1.0
2023-10-31 12:00:00+00:00,1,1,1,1.0
2023-11-01 10:00:00+00:00,1,1,1,1.0
2023-11-01 12:00:00+00:00,1,1,1,1.0
2023-11-02 04:00:00+00:00,1,1,1,1.0
2023-11-03 00:00:00+00:00,2,2,1,0.5
2023-11-03 02:00:00+00:00,2,2,1,0.5
2023-11-03 08:00:00+00:00,1,1,1,1.0
2023-11-03 14:00:00+00:00,1,1,1,1.0
2023-11-04 10:00:00+00:00,1,1,1,1.0
2023-11-04 12:00:00+00:00,1,1,1,1.0
2023-11-08 18:00:00+00:00,1,1,1,1.0
2023-11-09 14:00:00+00:00,1,1,1,1.0
2023-11-09 16:00:00+00:00,1,1,1,1.0
2023-11-11 04:00:00+00:00,2,2,1,0.5
2023-11-11 14:00:00+00:00,1,1,1,1.0
2023-11-12 12:00:00+00:00,2,2,1,0.5
2023-11-12 14:00:00+00:00,3,2,2,0.6666666666666666
2023-11-13 04:00:00+00:00,1,1,1,1.0
2023-11-14 04:00:00+00:00,1,1,1,1.0
2023-11-15 02:00:00+00:00,2,2,1,0.5
2023-11-15 04:00:00+00:00,3,2,2,0.6666666666666666
2023-11-15 10:00:00+00:00,2,2,1,0.5
2023-11-15 14:00:00+00:00,1,1,1,1.0
2023-11-16 02:00:00+00:00,1,1,1,1.0
2023-11-16 04:00:00+00:00,2,2,1,0.5
2023-11-17 00:00:00+00:00,1,1,1,1.0
2023-11-17 02:00:00+00:00,2,2,1,0.5
2023-11-17 06:00:00+00:00,2,2,1,0.5
2023-11-18 02:00:00+00:00,1,1,1,1.0
2023-11-18 08:00:00+00:00,1,1,1,1.0
2023-11-19 02:00:00+00:00,1,1,1,1.0
2023-11-19 12:00:00+00:00,3,2,2,0.6666666666666666
2023-11-19 16:00:00+00:00,1,1,1,1.0
2023-11-20 10:00:00+00:00,1,1,1,1.0
2023-11-20 18:00:00+00:00,1,1,1,1.0
2023-11-21 06:00:00+00:00,2,2,1,0.5
2023-11-21 10:00:00+00:00,1,1,1,1.0
2023-11-22 00:00:00+00:00,2,2,1,0.5
2023-11-23 06:00:00+00:00,1,1,1,1.0
2023-11-24 04:00:00+00:00,2,2,1,0.5
2023-11-24 08:00:00+00:00,1,1,1,1.0
2023-11-24 10:00:00+00:00,1,1,1,1.0
2023-11-24 14:00:00+00:00,2,2,1,0.5
2023-11-25 04:00:00+00:00,1,1,1,1.0
2023-11-25 14:00:00+00:00,1,1,1,1.0
2023-11-26 14:00:00+00:00,3,2,2,0.6666666666666666
2023-11-26 16:00:00+00:00,1,1,1,1.0
2023-11-27 12:00:00+00:00,1,1,1,1.0
2023-11-27 14:00:00+00:00,1,1,1,1.0
2023-11-28 10:00:00+00:00,1,1,1,1.0
2023-11-29 06:00:00+00:00,1,1,1,1.0
2023-11-29 08:00:00+00:00,2,2,1,0.5
2023-11-30 08:00:00+00:00,2,2,1,0.5
2023-11-30 10:00:00+00:00,1,1,1,1.0
2023-12-09 04:00:00+00:00,2,2,1,0.5
2023-12-09 06:00:00+00:00,1,1,1,1.0
2023-12-09 08:00:00+00:00,1,1,1,1.0
2023-12-11 06:00:00+00:00,1,1,1,1.0
2023-12-11 14:00:00+00:00,2,2,1,0.5
2023-12-13 04:00:00+00:00,2,1,2,1.0
2023-12-13 14:00:00+00:00,1,1,1,1.0
2023-12-14 02:00:00+00:00,1,1,1,1.0
2023-12-15 00:00:00+00:00,1,1,1,1.0
2023-12-15 06:00:00+00:00,1,1,1,1.0
2023-12-15 12:00:00+00:00,1,1,1,1.0
2023-12-17 12:00:00+00:00,1,1,1,1.0
2023-12-18 10:00:00+00:00,2,2,1,0.5
2023-12-19 02:00:00+00:00,2,1,2,1.0
2023-12-19 08:00:00+00:00,2,2,1,0.5
2023-12-20 10:00:00+00:00,1,1,1,1.0
2023-12-20 14:00:00+00:00,1,1,1,1.0
2023-12-22 02:00:00+00:00,1,1,1,1.0
2023-12-22 04:00:00+00:00,1,1,1,1.0
2023-12-22 14:00:00+00:00,1,1,1,1.0
2023-12-25 12:00:00+00:00,2,1,2,1.0
2023-12-25 14:00:00+00:00,1,1,1,1.0
2023-12-26 02:00:00+00:00,1,1,1,1.0
2023-12-26 04:00:00+00:00,1,1,1,1.0
2023-12-27 16:00:00+00:00,2,2,1,0.5
2023-12-28 00:00:00+00:00,1,1,1,1.0
2023-12-28 02:00:00+00:00,1,1,1,1.0
2023-12-28 04:00:00+00:00,1,1,1,1.0
2023-12-28 10:00:00+00:00,1,1,1,1.0
2023-12-30 00:00:00+00:00,1,1,1,1.0
2024-01-02 04:00:00+00:00,1,1,1,1.0
2024-01-03 02:00:00+00:00,1,1,1,1.0
2024-01-03 10:00:00+00:00,1,1,1,1.0
2024-01-04 06:00:00+00:00,1,1,1,1.0
2024-01-05 08:00:00+00:00,2,2,1,0.5
2024-01-09 22:00:00+00:00,1,1,1,1.0
2024-01-10 04:00:00+00:00,2,1,2,1.0
2024-01-10 08:00:00+00:00,1,1,1,1.0
2024-01-11 02:00:00+00:00,3,2,2,0.6666666666666666
2024-01-12 04:00:00+00:00,1,1,1,1.0
2024-01-12 10:00:00+00:00,1,1,1,1.0
2024-01-13 08:00:00+00:00,1,1,1,1.0
2024-01-14 12:00:00+00:00,1,1,1,1.0
2024-01-15 06:00:00+00:00,1,1,1,1.0
2024-01-16 04:00:00+00:00,1,1,1,1.0
2024-01-17 02:00:00+00:00,1,1,1,1.0
2024-01-17 12:00:00+00:00,1,1,1,1.0
2024-01-18 08:00:00+00:00,1,1,1,1.0
2024-01-19 04:00:00+00:00,1,1,1,1.0
2024-01-19 06:00:00+00:00,1,1,1,1.0
2024-01-21 14:00:00+00:00,2,2,1,0.5
2024-01-22 02:00:00+00:00,3,3,1,0.3333333333333333
2024-01-22 08:00:00+00:00,1,1,1,1.0
2024-01-24 02:00:00+00:00,1,1,1,1.0
2024-01-24 04:00:00+00:00,1,1,1,1.0
2024-01-25 04:00:00+00:00,1,1,1,1.0
2024-01-25 08:00:00+00:00,1,1,1,1.0
2024-01-26 02:00:00+00:00,2,2,1,0.5
2024-01-26 08:00:00+00:00,1,1,1,1.0
2024-01-27 04:00:00+00:00,1,1,1,1.0
2024-01-27 08:00:00+00:00,1,1,1,1.0
2024-01-28 12:00:00+00:00,1,1,1,1.0
2024-01-28 14:00:00+00:00,2,2,1,0.5
2024-01-28 16:00:00+00:00,1,1,1,1.0
2024-01-28 18:00:00+00:00,1,1,1,1.0
2024-01-29 00:00:00+00:00,1,1,1,1.0
2024-01-29 04:00:00+00:00,5,4,2,0.4
2024-01-29 06:00:00+00:00,1,1,1,1.0
2024-01-30 02:00:00+00:00,2,2,1,0.5
2024-01-30 06:00:00+00:00,1,1,1,1.0
2024-01-30 08:00:00+00:00,1,1,1,1.0
2024-01-30 14:00:00+00:00,1,1,1,1.0
2024-01-31 02:00:00+00:00,6,3,3,0.5
2024-01-31 04:00:00+00:00,1,1,1,1.0
2024-01-31 08:00:00+00:00,1,1,1,1.0
2024-01-31 12:00:00+00:00,2,2,1,0.5
2024-02-01 02:00:00+00:00,1,1,1,1.0
2024-02-01 04:00:00+00:00,10,5,4,0.4
2024-02-01 06:00:00+00:00,1,1,1,1.0
2024-02-01 08:00:00+00:00,1,1,1,1.0
2024-02-01 12:00:00+00:00,3,3,1,0.3333333333333333
2024-02-02 00:00:00+00:00,4,2,3,0.75
2024-02-02 02:00:00+00:00,3,1,3,1.0
2024-02-02 04:00:00+00:00,6,4,2,0.3333333333333333
2024-02-02 06:00:00+00:00,1,1,1,1.0
2024-02-02 08:00:00+00:00,2,2,1,0.5
2024-02-02 10:00:00+00:00,1,1,1,1.0
2024-02-03 02:00:00+00:00,1,1,1,1.0
2024-02-03 06:00:00+00:00,1,1,1,1.0
2024-02-04 00:00:00+00:00,2,2,1,0.5
2024-02-04 06:00:00+00:00,6,4,3,0.5
2024-02-05 00:00:00+00:00,2,2,1,0.5
2024-02-05 02:00:00+00:00,4,3,2,0.5
2024-02-05 04:00:00+00:00,4,3,2,0.5
2024-02-05 06:00:00+00:00,3,2,2,0.6666666666666666
2024-02-05 08:00:00+00:00,1,1,1,1.0
2024-02-05 10:00:00+00:00,1,1,1,1.0
2024-02-05 16:00:00+00:00,2,2,1,0.5
2024-02-06 02:00:00+00:00,4,4,1,0.25
2024-02-06 04:00:00+00:00,5,3,2,0.4
2024-02-06 06:00:00+00:00,3,3,1,0.3333333333333333
2024-02-06 08:00:00+00:00,2,2,1,0.5
2024-02-06 10:00:00+00:00,1,1,1,1.0
2024-02-15 04:00:00+00:00,4,3,2,0.5
2024-02-16 02:00:00+00:00,1,1,1,1.0
2024-02-16 04:00:00+00:00,2,2,1,0.5
2024-02-17 02:00:00+00:00,3,2,2,0.6666666666666666
2024-02-17 04:00:00+00:00,1,1,1,1.0
2024-02-17 08:00:00+00:00,1,1,1,1.0
2024-02-17 10:00:00+00:00,1,1,1,1.0
2024-02-18 06:00:00+00:00,2,2,1,0.5
2024-02-19 02:00:00+00:00,4,2,3,0.75
2024-02-19 04:00:00+00:00,2,2,1,0.5
2024-02-19 06:00:00+00:00,2,2,1,0.5
2024-02-19 08:00:00+00:00,1,1,1,1.0
2024-02-19 12:00:00+00:00,1,1,1,1.0
2024-02-20 00:00:00+00:00,3,3,1,0.3333333333333333
2024-02-20 02:00:00+00:00,5,3,2,0.4
2024-02-20 04:00:00+00:00,1,1,1,1.0
2024-02-20 08:00:00+00:00,1,1,1,1.0
2024-02-21 02:00:00+00:00,5,4,2,0.4
2024-02-21 04:00:00+00:00,1,1,1,1.0
2024-02-21 06:00:00+00:00,1,1,1,1.0
2024-02-21 08:00:00+00:00,2,2,1,0.5
2024-02-21 10:00:00+00:00,3,1,3,1.0
2024-02-22 02:00:00+00:00,3,2,2,0.6666666666666666
2024-02-22 04:00:00+00:00,3,2,2,0.6666666666666666
2024-02-22 08:00:00+00:00,2,2,1,0.5
2024-02-22 12:00:00+00:00,3,1,3,1.0
2024-02-23 04:00:00+00:00,3,3,1,0.3333333333333333
2024-02-23 08:00:00+00:00,2,2,1,0.5
2024-02-23 16:00:00+00:00,4,1,4,1.0
2024-02-24 02:00:00+00:00,3,2,2,0.6666666666666666
2024-02-25 14:00:00+00:00,2,1,2,1.0
2024-02-25 16:00:00+00:00,1,1,1,1.0
2024-02-26 02:00:00+00:00,1,1,1,1.0
2024-02-26 10:00:00+00:00,1,1,1,1.0
2024-02-26 16:00:00+00:00,2,1,2,1.0
2024-02-27 00:00:00+00:00,2,2,1,0.5
2024-02-27 02:00:00+00:00,1,1,1,1.0
2024-02-27 04:00:00+00:00,5,4,2,0.4
2024-02-28 00:00:00+00:00,1,1,1,1.0
2024-02-28 02:00:00+00:00,3,3,1,0.3333333333333333
2024-02-28 04:00:00+00:00,2,2,1,0.5
2024-02-28 06:00:00+00:00,1,1,1,1.0
2024-02-28 10:00:00+00:00,1,1,1,1.0
2024-02-29 02:00:00+00:00,3,3,1,0.3333333333333333
2024-02-29 06:00:00+00:00,2,2,1,0.5
2024-02-29 08:00:00+00:00,2,2,1,0.5
2024-03-01 04:00:00+00:00,4,3,2,0.5
2024-03-01 10:00:00+00:00,2,1,2,1.0
2024-03-02 04:00:00+00:00,2,2,1,0.5
2024-03-02 06:00:00+00:00,1,1,1,1.0
2024-03-02 08:00:00+00:00,3,3,1,0.3333333333333333
2024-03-03 14:00:00+00:00,1,1,1,1.0
2024-03-04 06:00:00+00:00,3,3,1,0.3333333333333333
2024-03-04 14:00:00+00:00,1,1,1,1.0
2024-03-05 02:00:00+00:00,1,1,1,1.0
2024-03-05 04:00:00+00:00,3,3,1,0.3333333333333333
2024-03-05 12:00:00+00:00,2,1,2,1.0
2024-03-06 00:00:00+00:00,1,1,1,1.0
2024-03-06 04:00:00+00:00,4,3,2,0.5
2024-03-07 02:00:00+00:00,3,2,2,0.6666666666666666
2024-03-07 08:00:00+00:00,1,1,1,1.0
2024-03-07 10:00:00+00:00,1,1,1,1.0
2024-03-07 14:00:00+00:00,1,1,1,1.0
2024-03-08 02:00:00+00:00,5,4,2,0.4
2024-03-08 04:00:00+00:00,6,4,3,0.5
2024-03-08 10:00:00+00:00,1,1,1,1.0
2024-03-09 02:00:00+00:00,4,3,2,0.5
2024-03-09 04:00:00+00:00,1,1,1,1.0
2024-03-09 06:00:00+00:00,1,1,1,1.0
2024-03-10 16:00:00+00:00,1,1,1,1.0
2024-03-11 02:00:00+00:00,2,2,1,0.5
2024-03-11 04:00:00+00:00,1,1,1,1.0
2024-03-11 08:00:00+00:00,1,1,1,1.0
2024-03-12 02:00:00+00:00,3,2,2,0.6666666666666666
2024-03-12 04:00:00+00:00,2,2,1,0.5
2024-03-12 06:00:00+00:00,4,3,2,0.5
2024-03-13 02:00:00+00:00,1,1,1,1.0
2024-03-13 04:00:00+00:00,2,1,2,1.0
2024-03-13 16:00:00+00:00,1,1,1,1.0
2024-03-14 02:00:00+00:00,3,3,1,0.3333333333333333
2024-03-14 04:00:00+00:00,2,2,1,0.5
2024-03-14 06:00:00+00:00,4,2,3,0.75
2024-03-14 08:00:00+00:00,1,1,1,1.0
2024-03-14 10:00:00+00:00,2,1,2,1.0
2024-03-14 14:00:00+00:00,1,1,1,1.0
2024-03-15 02:00:00+00:00,3,1,3,1.0
2024-03-15 04:00:00+00:00,1,1,1,1.0
2024-03-15 06:00:00+00:00,1,1,1,1.0
2024-03-15 16:00:00+00:00,1,1,1,1.0
2024-03-16 02:00:00+00:00,1,1,1,1.0
2024-03-16 04:00:00+00:00,2,2,1,0.5
2024-03-16 06:00:00+00:00,2,2,1,0.5
2024-03-16 08:00:00+00:00,3,2,2,0.6666666666666666
2024-03-17 04:00:00+00:00,1,1,1,1.0
2024-03-17 16:00:00+00:00,1,1,1,1.0
2024-03-18 02:00:00+00:00,6,5,2,0.3333333333333333
2024-03-18 06:00:00+00:00,1,1,1,1.0
2024-03-19 02:00:00+00:00,3,2,2,0.6666666666666666
2024-03-19 10:00:00+00:00,2,1,2,1.0
2024-03-20 02:00:00+00:00,4,2,3,0.75
2024-03-20 06:00:00+00:00,4,3,2,0.5
2024-03-20 16:00:00+00:00,1,1,1,1.0
2024-03-21 02:00:00+00:00,1,1,1,1.0
2024-03-21 04:00:00+00:00,2,2,1,0.5
2024-03-21 06:00:00+00:00,1,1,1,1.0
2024-03-22 02:00:00+00:00,5,4,2,0.4
2024-03-22 04:00:00+00:00,1,1,1,1.0
2024-03-22 06:00:00+00:00,1,1,1,1.0
2024-03-22 08:00:00+00:00,1,1,1,1.0
2024-03-22 10:00:00+00:00,2,2,1,0.5
2024-03-22 16:00:00+00:00,1,1,1,1.0
2024-03-23 02:00:00+00:00,2,2,1,0.5
2024-03-23 04:00:00+00:00,2,1,2,1.0
2024-03-23 06:00:00+00:00,3,2,2,0.6666666666666666
2024-03-25 02:00:00+00:00,4,3,2,0.5
2024-03-25 04:00:00+00:00,3,2,2,0.6666666666666666
2024-03-25 06:00:00+00:00,2,2,1,0.5
2024-03-25 08:00:00+00:00,1,1,1,1.0
2024-03-26 02:00:00+00:00,4,2,3,0.75
2024-03-26 04:00:00+00:00,1,1,1,1.0
2024-03-26 06:00:00+00:00,1,1,1,1.0
2024-03-26 10:00:00+00:00,1,1,1,1.0
2024-03-26 12:00:00+00:00,1,1,1,1.0
2024-03-27 02:00:00+00:00,4,4,1,0.25
2024-03-27 04:00:00+00:00,4,3,2,0.5
2024-03-27 08:00:00+00:00,1,1,1,1.0
2024-03-28 00:00:00+00:00,1,1,1,1.0
2024-03-28 02:00:00+00:00,3,3,1,0.3333333333333333
2024-03-28 04:00:00+00:00,4,3,2,0.5
2024-03-28 08:00:00+00:00,1,1,1,1.0
2024-03-28 10:00:00+00:00,1,1,1,1.0
2024-03-29 02:00:00+00:00,3,2,2,0.6666666666666666
2024-03-29 22:00:00+00:00,1,1,1,1.0
2024-03-30 00:00:00+00:00,1,1,1,1.0
2024-03-30 02:00:00+00:00,2,1,2,1.0
2024-03-30 06:00:00+00:00,1,1,1,1.0
2024-03-30 08:00:00+00:00,1,1,1,1.0
2024-04-01 02:00:00+00:00,1,1,1,1.0
2024-04-01 04:00:00+00:00,4,3,2,0.5
2024-04-01 06:00:00+00:00,3,3,1,0.3333333333333333
2024-04-02 02:00:00+00:00,1,1,1,1.0
2024-04-02 04:00:00+00:00,2,2,1,0.5
2024-04-03 04:00:00+00:00,2,2,1,0.5
2024-04-03 08:00:00+00:00,2,2,1,0.5
2024-04-04 02:00:00+00:00,7,5,3,0.42857142857142855
2024-04-04 04:00:00+00:00,4,3,2,0.5
2024-04-05 02:00:00+00:00,5,4,2,0.4
2024-04-05 04:00:00+00:00,2,2,1,0.5
2024-04-05 06:00:00+00:00,4,3,2,0.5
2024-04-05 10:00:00+00:00,1,1,1,1.0
2024-04-06 04:00:00+00:00,3,3,1,0.3333333333333333
2024-04-06 06:00:00+00:00,1,1,1,1.0
2024-04-06 10:00:00+00:00,2,2,1,0.5
2024-04-07 02:00:00+00:00,1,1,1,1.0
2024-04-07 14:00:00+00:00,1,1,1,1.0
2024-04-08 02:00:00+00:00,3,3,1,0.3333333333333333
2024-04-08 04:00:00+00:00,2,1,2,1.0
2024-04-08 06:00:00+00:00,1,1,1,1.0
2024-04-09 02:00:00+00:00,3,2,2,0.6666666666666666
2024-04-09 06:00:00+00:00,1,1,1,1.0
2024-04-10 02:00:00+00:00,2,2,1,0.5
2024-04-10 04:00:00+00:00,5,4,2,0.4
2024-04-10 06:00:00+00:00,3,3,1,0.3333333333333333
2024-04-11 04:00:00+00:00,2,2,1,0.5
2024-04-12 00:00:00+00:00,1,1,1,1.0
2024-04-12 02:00:00+00:00,4,2,3,0.75
2024-04-12 04:00:00+00:00,3,3,1,0.3333333333333333
2024-04-12 06:00:00+00:00,1,1,1,1.0
2024-04-12 12:00:00+00:00,1,1,1,1.0
2024-04-12 22:00:00+00:00,2,2,1,0.5
2024-04-13 06:00:00+00:00,1,1,1,1.0
2024-04-15 02:00:00+00:00,4,4,1,0.25
2024-04-15 06:00:00+00:00,1,1,1,1.0
2024-04-16 02:00:00+00:00,2,2,1,0.5
2024-04-16 04:00:00+00:00,1,1,1,1.0
2024-04-16 06:00:00+00:00,1,1,1,1.0
2024-04-16 14:00:00+00:00,2,2,1,0.5
2024-04-17 02:00:00+00:00,3,3,1,0.3333333333333333
2024-04-17 04:00:00+00:00,1,1,1,1.0
2024-04-17 06:00:00+00:00,1,1,1,1.0
2024-04-17 08:00:00+00:00,1,1,1,1.0
2024-04-18 02:00:00+00:00,1,1,1,1.0
2024-04-18 04:00:00+00:00,1,1,1,1.0
2024-04-19 02:00:00+00:00,4,4,1,0.25
2024-04-19 04:00:00+00:00,5,3,3,0.6
2024-04-19 06:00:00+00:00,4,4,1,0.25
2024-04-19 08:00:00+00:00,1,1,1,1.0
2024-04-20 04:00:00+00:00,3,2,2,0.6666666666666666
2024-04-20 06:00:00+00:00,1,1,1,1.0
2024-04-20 08:00:00+00:00,1,1,1,1.0
2024-04-21 04:00:00+00:00,1,1,1,1.0
2024-04-21 06:00:00+00:00,1,1,1,1.0
2024-04-21 18:00:00+00:00,1,1,1,1.0
2024-04-22 02:00:00+00:00,8,4,4,0.5
2024-04-22 04:00:00+00:00,5,3,3,0.6
2024-04-23 02:00:00+00:00,8,3,3,0.375
2024-04-23 04:00:00+00:00,4,2,3,0.75
2024-04-23 06:00:00+00:00,1,1,1,1.0
2024-04-23 14:00:00+00:00,1,1,1,1.0
2024-04-24 00:00:00+00:00,1,1,1,1.0
2024-04-24 04:00:00+00:00,2,1,2,1.0
2024-04-24 06:00:00+00:00,1,1,1,1.0
2024-04-24 10:00:00+00:00,2,2,1,0.5
2024-04-25 02:00:00+00:00,2,2,1,0.5
2024-04-25 04:00:00+00:00,3,2,2,0.6666666666666666
2024-04-25 08:00:00+00:00,2,2,1,0.5
2024-04-26 02:00:00+00:00,6,5,2,0.3333333333333333
2024-04-26 04:00:00+00:00,2,2,1,0.5
2024-04-26 08:00:00+00:00,1,1,1,1.0
2024-04-26 10:00:00+00:00,1,1,1,1.0
2024-04-26 12:00:00+00:00,1,1,1,1.0
2024-04-26 14:00:00+00:00,2,1,2,1.0
2024-04-27 02:00:00+00:00,1,1,1,1.0
2024-04-27 04:00:00+00:00,1,1,1,1.0
2024-04-28 12:00:00+00:00,1,1,1,1.0
2024-04-29 02:00:00+00:00,1,1,1,1.0
2024-04-29 04:00:00+00:00,4,2,3,0.75
2024-04-30 02:00:00+00:00,1,1,1,1.0
2024-04-30 04:00:00+00:00,1,1,1,1.0
2024-04-30 06:00:00+00:00,3,2,2,0.6666666666666666
2024-05-01 14:00:00+00:00,1,1,1,1.0
2024-05-02 04:00:00+00:00,1,1,1,1.0
2024-05-02 06:00:00+00:00,2,1,2,1.0
2024-05-03 02:00:00+00:00,3,2,2,0.6666666666666666
2024-05-04 02:00:00+00:00,8,5,4,0.5
2024-05-04 04:00:00+00:00,2,2,1,0.5
2024-05-04 06:00:00+00:00,1,1,1,1.0
2024-05-05 02:00:00+00:00,1,1,1,1.0
2024-05-05 14:00:00+00:00,2,2,1,0.5
2024-05-06 04:00:00+00:00,3,3,1,0.3333333333333333
2024-05-06 06:00:00+00:00,1,1,1,1.0
2024-05-06 16:00:00+00:00,1,1,1,1.0
2024-05-07 00:00:00+00:00,1,1,1,1.0
2024-05-07 04:00:00+00:00,2,2,1,0.5
2024-05-07 06:00:00+00:00,1,1,1,1.0
2024-05-07 08:00:00+00:00,1,1,1,1.0
2024-05-07 16:00:00+00:00,1,1,1,1.0
2024-05-09 02:00:00+00:00,4,2,3,0.75
2024-05-09 06:00:00+00:00,1,1,1,1.0
2024-05-09 08:00:00+00:00,1,1,1,1.0
2024-05-10 00:00:00+00:00,3,3,1,0.3333333333333333
2024-05-10 04:00:00+00:00,1,1,1,1.0
2024-05-10 06:00:00+00:00,2,2,1,0.5
2024-05-10 10:00:00+00:00,2,2,1,0.5
2024-05-11 00:00:00+00:00,1,1,1,1.0
2024-05-11 02:00:00+00:00,3,2,2,0.6666666666666666
2024-05-11 04:00:00+00:00,3,3,1,0.3333333333333333
2024-05-12 04:00:00+00:00,1,1,1,1.0
2024-05-13 02:00:00+00:00,3,1,3,1.0
2024-05-13 06:00:00+00:00,1,1,1,1.0
2024-05-13 08:00:00+00:00,1,1,1,1.0
2024-05-13 10:00:00+00:00,1,1,1,1.0
2024-05-14 02:00:00+00:00,3,3,1,0.3333333333333333
2024-05-14 04:00:00+00:00,4,3,2,0.5
2024-05-14 08:00:00+00:00,1,1,1,1.0
2024-05-14 18:00:00+00:00,1,1,1,1.0
2024-05-15 04:00:00+00:00,2,1,2,1.0
2024-05-15 06:00:00+00:00,2,2,1,0.5
2024-05-16 02:00:00+00:00,4,3,2,0.5
2024-05-16 04:00:00+00:00,6,4,3,0.5
2024-05-16 06:00:00+00:00,3,2,2,0.6666666666666666
2024-05-17 06:00:00+00:00,2,2,1,0.5
2024-05-17 08:00:00+00:00,2,2,1,0.5
2024-05-18 04:00:00+00:00,2,2,1,0.5
2024-05-18 08:00:00+00:00,3,2,2,0.6666666666666666
2024-05-18 10:00:00+00:00,1,1,1,1.0
2024-05-19 16:00:00+00:00,1,1,1,1.0
2024-05-20 02:00:00+00:00,3,3,1,0.3333333333333333
2024-05-20 04:00:00+00:00,2,2,1,0.5
2024-05-20 06:00:00+00:00,2,1,2,1.0
2024-05-20 08:00:00+00:00,4,4,1,0.25
2024-05-21 02:00:00+00:00,3,2,2,0.6666666666666666
2024-05-21 04:00:00+00:00,2,2,1,0.5
2024-05-21 06:00:00+00:00,2,1,2,1.0
2024-05-21 08:00:00+00:00,1,1,1,1.0
2024-05-21 10:00:00+00:00,1,1,1,1.0
2024-05-22 04:00:00+00:00,2,2,1,0.5
2024-05-23 06:00:00+00:00,1,1,1,1.0
2024-05-23 10:00:00+00:00,1,1,1,1.0
2024-05-24 02:00:00+00:00,5,3,2,0.4
2024-05-24 04:00:00+00:00,3,2,2,0.6666666666666666
2024-05-24 06:00:00+00:00,2,2,1,0.5
2024-05-25 02:00:00+00:00,1,1,1,1.0
2024-05-25 08:00:00+00:00,1,1,1,1.0
2024-05-27 02:00:00+00:00,5,3,2,0.4
2024-05-27 04:00:00+00:00,5,3,3,0.6
2024-05-27 06:00:00+00:00,6,5,2,0.3333333333333333
2024-05-27 08:00:00+00:00,4,4,1,0.25
2024-05-28 02:00:00+00:00,2,2,1,0.5
2024-05-28 04:00:00+00:00,3,2,2,0.6666666666666666
2024-05-29 04:00:00+00:00,1,1,1,1.0
2024-05-29 14:00:00+00:00,2,2,1,0.5
2024-05-30 02:00:00+00:00,3,3,1,0.3333333333333333
2024-05-30 04:00:00+00:00,1,1,1,1.0
2024-05-30 06:00:00+00:00,1,1,1,1.0
2024-05-30 08:00:00+00:00,2,2,1,0.5
2024-05-31 02:00:00+00:00,4,3,2,0.5
2024-05-31 04:00:00+00:00,4,3,2,0.5
2024-06-01 02:00:00+00:00,2,2,1,0.5
2024-06-01 04:00:00+00:00,1,1,1,1.0
2024-06-01 06:00:00+00:00,3,3,1,0.3333333333333333
2024-06-01 08:00:00+00:00,1,1,1,1.0
2024-06-01 10:00:00+00:00,1,1,1,1.0
2024-06-02 04:00:00+00:00,1,1,1,1.0
2024-06-02 10:00:00+00:00,1,1,1,1.0
2024-06-03 00:00:00+00:00,1,1,1,1.0
2024-06-03 02:00:00+00:00,2,2,1,0.5
2024-06-03 04:00:00+00:00,3,2,2,0.6666666666666666
2024-06-04 04:00:00+00:00,4,3,2,0.5
2024-06-04 06:00:00+00:00,1,1,1,1.0
2024-06-04 14:00:00+00:00,1,1,1,1.0
2024-06-04 16:00:00+00:00,1,1,1,1.0
2024-06-05 02:00:00+00:00,2,2,1,0.5
2024-06-05 04:00:00+00:00,3,3,1,0.3333333333333333
2024-06-05 06:00:00+00:00,2,1,2,1.0
2024-06-05 08:00:00+00:00,1,1,1,1.0
2024-06-06 04:00:00+00:00,2,2,1,0.5
2024-06-06 10:00:00+00:00,1,1,1,1.0
2024-06-07 08:00:00+00:00,2,2,1,0.5
2024-06-07 16:00:00+00:00,1,1,1,1.0
2024-06-08 02:00:00+00:00,1,1,1,1.0
2024-06-08 04:00:00+00:00,4,4,1,0.25
2024-06-08 06:00:00+00:00,1,1,1,1.0
2024-06-09 06:00:00+00:00,1,1,1,1.0
2024-06-09 18:00:00+00:00,1,1,1,1.0
2024-06-10 00:00:00+00:00,1,1,1,1.0
2024-06-10 02:00:00+00:00,4,3,2,0.5
2024-06-10 04:00:00+00:00,5,3,3,0.6
2024-06-10 06:00:00+00:00,1,1,1,1.0
2024-06-11 02:00:00+00:00,1,1,1,1.0
2024-06-11 04:00:00+00:00,1,1,1,1.0
2024-06-11 10:00:00+00:00,1,1,1,1.0
2024-06-11 16:00:00+00:00,1,1,1,1.0
2024-06-12 02:00:00+00:00,2,2,1,0.5
2024-06-12 06:00:00+00:00,3,3,1,0.3333333333333333
2024-06-12 08:00:00+00:00,4,2,3,0.75
2024-06-12 10:00:00+00:00,1,1,1,1.0
2024-06-13 04:00:00+00:00,5,5,1,0.2
2024-06-13 06:00:00+00:00,2,1,2,1.0
2024-06-13 08:00:00+00:00,2,1,2,1.0
2024-06-14 02:00:00+00:00,8,4,4,0.5
2024-06-14 04:00:00+00:00,2,2,1,0.5
2024-06-14 08:00:00+00:00,3,2,2,0.6666666666666666
2024-06-15 00:00:00+00:00,2,2,1,0.5
2024-06-15 02:00:00+00:00,2,1,2,1.0
2024-06-15 04:00:00+00:00,1,1,1,1.0
2024-06-15 06:00:00+00:00,2,2,1,0.5
2024-06-17 02:00:00+00:00,4,2,2,0.5
2024-06-17 04:00:00+00:00,2,2,1,0.5
2024-06-17 06:00:00+00:00,2,2,1,0.5
2024-06-18 02:00:00+00:00,2,2,1,0.5
2024-06-18 04:00:00+00:00,3,3,1,0.3333333333333333
2024-06-18 06:00:00+00:00,1,1,1,1.0
2024-06-18 08:00:00+00:00,3,2,2,0.6666666666666666
2024-06-18 12:00:00+00:00,3,2,2,0.6666666666666666
2024-06-19 02:00:00+00:00,5,3,2,0.4
2024-06-19 04:00:00+00:00,10,3,4,0.4
2024-06-19 06:00:00+00:00,1,1,1,1.0
2024-06-19 08:00:00+00:00,2,2,1,0.5
2024-06-20 02:00:00+00:00,3,3,1,0.3333333333333333
2024-06-20 04:00:00+00:00,2,1,2,1.0
2024-06-20 06:00:00+00:00,3,3,1,0.3333333333333333
2024-06-20 08:00:00+00:00,1,1,1,1.0
2024-06-21 02:00:00+00:00,4,4,1,0.25
2024-06-21 04:00:00+00:00,3,2,2,0.6666666666666666
2024-06-21 06:00:00+00:00,1,1,1,1.0
2024-06-21 08:00:00+00:00,2,2,1,0.5
2024-06-22 02:00:00+00:00,2,2,1,0.5
2024-06-22 08:00:00+00:00,6,5,2,0.3333333333333333
2024-06-22 10:00:00+00:00,1,1,1,1.0
2024-06-23 08:00:00+00:00,1,1,1,1.0
2024-06-23 18:00:00+00:00,1,1,1,1.0
2024-06-24 02:00:00+00:00,1,1,1,1.0
2024-06-24 04:00:00+00:00,3,3,1,0.3333333333333333
2024-06-24 06:00:00+00:00,2,2,1,0.5
2024-06-24 08:00:00+00:00,1,1,1,1.0
2024-06-24 14:00:00+00:00,1,1,1,1.0
2024-06-25 00:00:00+00:00,1,1,1,1.0
2024-06-25 02:00:00+00:00,9,4,4,0.4444444444444444
2024-06-25 04:00:00+00:00,3,1,3,1.0
2024-06-25 06:00:00+00:00,1,1,1,1.0
2024-06-25 08:00:00+00:00,2,2,1,0.5
2024-06-26 02:00:00+00:00,5,3,3,0.6
2024-06-26 04:00:00+00:00,5,3,2,0.4
2024-06-26 06:00:00+00:00,1,1,1,1.0
2024-06-26 10:00:00+00:00,1,1,1,1.0
2024-06-27 02:00:00+00:00,6,4,2,0.3333333333333333
2024-06-27 04:00:00+00:00,2,2,1,0.5
2024-06-27 06:00:00+00:00,1,1,1,1.0
2024-06-27 16:00:00+00:00,2,1,2,1.0
2024-06-28 00:00:00+00:00,2,2,1,0.5
2024-06-28 02:00:00+00:00,6,3,3,0.5
2024-06-28 04:00:00+00:00,5,3,2,0.4
2024-06-28 06:00:00+00:00,2,2,1,0.5
2024-06-28 08:00:00+00:00,1,1,1,1.0
2024-06-28 10:00:00+00:00,2,2,1,0.5
2024-06-29 00:00:00+00:00,2,2,1,0.5
2024-06-29 02:00:00+00:00,7,4,2,0.2857142857142857
2024-06-29 04:00:00+00:00,2,2,1,0.5
2024-06-29 06:00:00+00:00,2,1,2,1.0
2024-06-30 02:00:00+00:00,2,1,2,1.0
2024-07-01 02:00:00+00:00,6,4,2,0.3333333333333333
2024-07-01 04:00:00+00:00,10,5,4,0.4
2024-07-01 06:00:00+00:00,6,4,2,0.3333333333333333
2024-07-01 10:00:00+00:00,1,1,1,1.0
2024-07-02 02:00:00+00:00,4,3,2,0.5
2024-07-02 04:00:00+00:00,4,2,3,0.75
2024-07-02 08:00:00+00:00,3,2,2,0.6666666666666666
2024-07-02 14:00:00+00:00,3,3,1,0.3333333333333333
2024-07-03 04:00:00+00:00,4,4,1,0.25
2024-07-03 06:00:00+00:00,1,1,1,1.0
2024-07-03 08:00:00+00:00,3,2,2,0.6666666666666666
2024-07-04 00:00:00+00:00,1,1,1,1.0
2024-07-04 02:00:00+00:00,9,6,3,0.3333333333333333
2024-07-04 04:00:00+00:00,4,2,3,0.75
2024-07-04 06:00:00+00:00,2,2,1,0.5
2024-07-04 08:00:00+00:00,1,1,1,1.0
2024-07-04 16:00:00+00:00,5,3,2,0.4
2024-07-05 02:00:00+00:00,6,4,2,0.3333333333333333
2024-07-05 04:00:00+00:00,7,5,2,0.2857142857142857
2024-07-05 06:00:00+00:00,3,3,1,0.3333333333333333
2024-07-05 10:00:00+00:00,1,1,1,1.0
2024-07-06 00:00:00+00:00,1,1,1,1.0
2024-07-06 02:00:00+00:00,7,7,1,0.14285714285714285
2024-07-06 04:00:00+00:00,1,1,1,1.0
2024-07-06 06:00:00+00:00,3,2,2,0.6666666666666666
2024-07-06 08:00:00+00:00,2,2,1,0.5
2024-07-07 16:00:00+00:00,1,1,1,1.0
2024-07-08 00:00:00+00:00,1,1,1,1.0
2024-07-08 02:00:00+00:00,12,7,4,0.3333333333333333
2024-07-08 04:00:00+00:00,3,3,1,0.3333333333333333
2024-07-08 06:00:00+00:00,1,1,1,1.0
2024-07-08 08:00:00+00:00,1,1,1,1.0
2024-07-08 10:00:00+00:00,1,1,1,1.0
2024-07-08 14:00:00+00:00,4,3,2,0.5
2024-07-08 16:00:00+00:00,1,1,1,1.0
2024-07-09 00:00:00+00:00,1,1,1,1.0
2024-07-09 02:00:00+00:00,6,4,3,0.5
2024-07-09 04:00:00+00:00,6,4,2,0.3333333333333333
2024-07-09 06:00:00+00:00,3,3,1,0.3333333333333333
2024-07-09 08:00:00+00:00,1,1,1,1.0
2024-07-09 16:00:00+00:00,5,4,2,0.4
2024-07-10 00:00:00+00:00,2,2,1,0.5
2024-07-10 02:00:00+00:00,8,5,3,0.375
2024-07-10 04:00:00+00:00,5,4,2,0.4
2024-07-10 06:00:00+00:00,2,2,1,0.5
2024-07-10 08:00:00+00:00,2,2,1,0.5
2024-07-10 16:00:00+00:00,1,1,1,1.0
2024-07-11 02:00:00+00:00,10,4,5,0.5
2024-07-11 04:00:00+00:00,2,2,1,0.5
2024-07-11 06:00:00+00:00,8,4,4,0.5
2024-07-11 10:00:00+00:00,1,1,1,1.0
2024-07-11 16:00:00+00:00,3,3,1,0.3333333333333333
2024-07-12 00:00:00+00:00,1,1,1,1.0
2024-07-12 02:00:00+00:00,7,5,2,0.2857142857142857
2024-07-12 04:00:00+00:00,12,6,5,0.4166666666666667
2024-07-12 06:00:00+00:00,3,2,2,0.6666666666666666
2024-07-12 08:00:00+00:00,2,2,1,0.5
2024-07-12 10:00:00+00:00,1,1,1,1.0
2024-07-12 18:00:00+00:00,1,1,1,1.0
2024-07-13 02:00:00+00:00,15,7,5,0.3333333333333333
2024-07-13 04:00:00+00:00,3,3,1,0.3333333333333333
2024-07-13 06:00:00+00:00,1,1,1,1.0
2024-07-13 08:00:00+00:00,2,1,2,1.0
2024-07-14 12:00:00+00:00,1,1,1,1.0
2024-07-15 00:00:00+00:00,2,2,1,0.5
2024-07-15 02:00:00+00:00,14,6,5,0.35714285714285715
2024-07-15 04:00:00+00:00,12,7,4,0.3333333333333333
2024-07-15 06:00:00+00:00,2,2,1,0.5
2024-07-15 08:00:00+00:00,3,2,2,0.6666666666666666
2024-07-16 02:00:00+00:00,13,6,5,0.38461538461538464
2024-07-16 04:00:00+00:00,8,5,3,0.375
2024-07-16 06:00:00+00:00,1,1,1,1.0
2024-07-16 08:00:00+00:00,3,3,1,0.3333333333333333
2024-07-16 12:00:00+00:00,1,1,1,1.0
2024-07-16 16:00:00+00:00,3,3,1,0.3333333333333333
2024-07-16 18:00:00+00:00,8,5,3,0.375
2024-07-17 02:00:00+00:00,1,1,1,1.0
2024-07-17 06:00:00+00:00,1,1,1,1.0
2024-07-17 08:00:00+00:00,2,2,1,0.5
2024-07-17 16:00:00+00:00,10,7,3,0.3
2024-07-17 18:00:00+00:00,1,1,1,1.0
2024-07-18 02:00:00+00:00,12,6,5,0.4166666666666667
2024-07-18 04:00:00+00:00,6,4,3,0.5
2024-07-18 06:00:00+00:00,2,2,1,0.5
2024-07-18 08:00:00+00:00,1,1,1,1.0
2024-07-18 16:00:00+00:00,1,1,1,1.0
2024-07-19 00:00:00+00:00,1,1,1,1.0
2024-07-19 02:00:00+00:00,11,7,2,0.18181818181818182
2024-07-19 04:00:00+00:00,2,1,2,1.0
2024-07-19 06:00:00+00:00,1,1,1,1.0
2024-07-19 08:00:00+00:00,1,1,1,1.0
2024-07-19 18:00:00+00:00,7,4,4,0.5714285714285714
2024-07-20 02:00:00+00:00,10,7,3,0.3
2024-07-20 04:00:00+00:00,3,2,2,0.6666666666666666
2024-07-20 06:00:00+00:00,1,1,1,1.0
2024-07-20 08:00:00+00:00,3,3,1,0.3333333333333333
2024-07-21 12:00:00+00:00,2,2,1,0.5
2024-07-21 18:00:00+00:00,2,2,1,0.5
2024-07-21 20:00:00+00:00,8,4,2,0.25
2024-07-22 00:00:00+00:00,1,1,1,1.0
2024-07-22 02:00:00+00:00,8,8,1,0.125
2024-07-22 04:00:00+00:00,10,6,3,0.3
2024-07-22 06:00:00+00:00,1,1,1,1.0
2024-07-22 08:00:00+00:00,1,1,1,1.0
2024-07-22 16:00:00+00:00,2,2,1,0.5
2024-07-23 02:00:00+00:00,11,6,3,0.2727272727272727
2024-07-23 04:00:00+00:00,5,3,2,0.4
2024-07-23 06:00:00+00:00,1,1,1,1.0
2024-07-23 14:00:00+00:00,2,2,1,0.5
2024-07-23 16:00:00+00:00,6,5,2,0.3333333333333333
2024-07-23 18:00:00+00:00,3,2,2,0.6666666666666666
2024-07-24 00:00:00+00:00,1,1,1,1.0
2024-07-24 02:00:00+00:00,13,6,4,0.3076923076923077
2024-07-24 04:00:00+00:00,6,4,3,0.5
2024-07-24 06:00:00+00:00,1,1,1,1.0
2024-07-24 14:00:00+00:00,2,2,1,0.5
2024-07-24 18:00:00+00:00,1,1,1,1.0
2024-07-25 00:00:00+00:00,1,1,1,1.0
2024-07-25 02:00:00+00:00,10,5,4,0.4
2024-07-25 04:00:00+00:00,4,2,3,0.75
2024-07-25 06:00:00+00:00,1,1,1,1.0
2024-07-25 16:00:00+00:00,8,5,3,0.375
2024-07-26 02:00:00+00:00,10,6,4,0.4
2024-07-26 06:00:00+00:00,1,1,1,1.0
2024-07-26 08:00:00+00:00,5,3,3,0.6
2024-07-26 14:00:00+00:00,5,5,1,0.2
2024-07-26 16:00:00+00:00,1,1,1,1.0
2024-07-27 04:00:00+00:00,1,1,1,1.0
2024-07-27 06:00:00+00:00,2,2,1,0.5
2024-07-29 02:00:00+00:00,1,1,1,1.0
2024-07-29 04:00:00+00:00,16,8,4,0.25
2024-07-29 06:00:00+00:00,1,1,1,1.0
2024-07-29 08:00:00+00:00,4,3,2,0.5
2024-07-29 10:00:00+00:00,1,1,1,1.0
2024-07-30 02:00:00+00:00,2,2,1,0.5
2024-07-30 04:00:00+00:00,1,1,1,1.0
2024-07-30 06:00:00+00:00,2,2,1,0.5
2024-07-30 08:00:00+00:00,1,1,1,1.0
2024-07-30 14:00:00+00:00,1,1,1,1.0
2024-07-30 16:00:00+00:00,7,6,2,0.2857142857142857
2024-07-31 00:00:00+00:00,1,1,1,1.0
2024-07-31 02:00:00+00:00,1,1,1,1.0
2024-07-31 04:00:00+00:00,4,2,3,0.75
2024-07-31 06:00:00+00:00,2,1,2,1.0
2024-07-31 10:00:00+00:00,2,2,1,0.5
2024-07-31 16:00:00+00:00,1,1,1,1.0
2024-08-01 02:00:00+00:00,6,4,2,0.3333333333333333
2024-08-01 04:00:00+00:00,1,1,1,1.0
2024-08-01 08:00:00+00:00,3,3,1,0.3333333333333333
2024-08-02 02:00:00+00:00,3,3,1,0.3333333333333333
2024-08-02 04:00:00+00:00,3,2,2,0.6666666666666666
2024-08-02 06:00:00+00:00,2,1,2,1.0
2024-08-02 08:00:00+00:00,6,3,2,0.3333333333333333
2024-08-03 02:00:00+00:00,1,1,1,1.0
2024-08-03 04:00:00+00:00,3,2,2,0.6666666666666666
2024-08-03 06:00:00+00:00,1,1,1,1.0
2024-08-03 08:00:00+00:00,2,2,1,0.5
2024-08-05 04:00:00+00:00,1,1,1,1.0
2024-08-05 08:00:00+00:00,1,1,1,1.0
2024-08-05 10:00:00+00:00,2,2,1,0.5
2024-08-06 02:00:00+00:00,5,5,1,0.2
2024-08-06 04:00:00+00:00,13,8,3,0.23076923076923078
2024-08-06 06:00:00+00:00,3,2,2,0.6666666666666666
2024-08-07 02:00:00+00:00,8,5,2,0.25
2024-08-07 04:00:00+00:00,4,3,2,0.5
2024-08-07 06:00:00+00:00,1,1,1,1.0
2024-08-07 08:00:00+00:00,1,1,1,1.0
2024-08-07 10:00:00+00:00,2,2,1,0.5
2024-08-07 12:00:00+00:00,2,2,1,0.5
2024-08-08 02:00:00+00:00,8,6,2,0.25
2024-08-08 04:00:00+00:00,4,3,2,0.5
2024-08-08 06:00:00+00:00,7,5,3,0.42857142857142855
2024-08-08 10:00:00+00:00,1,1,1,1.0
2024-08-08 12:00:00+00:00,1,1,1,1.0
2024-08-09 02:00:00+00:00,7,5,2,0.2857142857142857
2024-08-09 04:00:00+00:00,3,2,2,0.6666666666666666
2024-08-09 06:00:00+00:00,1,1,1,1.0
2024-08-09 14:00:00+00:00,2,2,1,0.5
2024-08-09 16:00:00+00:00,11,7,3,0.2727272727272727
2024-08-10 02:00:00+00:00,2,2,1,0.5
2024-08-10 04:00:00+00:00,11,7,3,0.2727272727272727
2024-08-10 06:00:00+00:00,1,1,1,1.0
2024-08-10 08:00:00+00:00,1,1,1,1.0
2024-08-10 10:00:00+00:00,1,1,1,1.0
2024-08-11 10:00:00+00:00,1,1,1,1.0
2024-08-12 02:00:00+00:00,3,2,2,0.6666666666666666
2024-08-12 04:00:00+00:00,1,1,1,1.0
2024-08-12 06:00:00+00:00,2,1,2,1.0
2024-08-12 08:00:00+00:00,1,1,1,1.0
2024-08-12 14:00:00+00:00,1,1,1,1.0
2024-08-13 00:00:00+00:00,1,1,1,1.0
2024-08-13 02:00:00+00:00,13,7,4,0.3076923076923077
2024-08-13 10:00:00+00:00,1,1,1,1.0
2024-08-14 02:00:00+00:00,5,3,3,0.6
2024-08-14 04:00:00+00:00,5,4,2,0.4
2024-08-14 06:00:00+00:00,2,2,1,0.5
2024-08-15 00:00:00+00:00,1,1,1,1.0
2024-08-15 02:00:00+00:00,4,3,2,0.5
2024-08-15 04:00:00+00:00,9,4,4,0.4444444444444444
2024-08-15 12:00:00+00:00,2,2,1,0.5
2024-08-15 16:00:00+00:00,1,1,1,1.0
2024-08-16 02:00:00+00:00,5,4,2,0.4
2024-08-16 04:00:00+00:00,7,6,2,0.2857142857142857
2024-08-16 08:00:00+00:00,1,1,1,1.0
2024-08-16 10:00:00+00:00,1,1,1,1.0
2024-08-17 02:00:00+00:00,6,4,3,0.5
2024-08-17 04:00:00+00:00,8,5,2,0.25
2024-08-18 12:00:00+00:00,2,2,1,0.5
2024-08-18 14:00:00+00:00,1,1,1,1.0
2024-08-19 00:00:00+00:00,1,1,1,1.0
2024-08-19 02:00:00+00:00,3,3,1,0.3333333333333333
2024-08-19 04:00:00+00:00,12,6,4,0.3333333333333333
2024-08-19 06:00:00+00:00,1,1,1,1.0
2024-08-20 00:00:00+00:00,1,1,1,1.0
2024-08-20 02:00:00+00:00,2,2,1,0.5
2024-08-20 04:00:00+00:00,10,8,2,0.2
2024-08-20 06:00:00+00:00,1,1,1,1.0
2024-08-20 08:00:00+00:00,1,1,1,1.0
2024-08-20 12:00:00+00:00,2,1,2,1.0
2024-08-20 14:00:00+00:00,1,1,1,1.0
2024-08-21 02:00:00+00:00,7,6,2,0.2857142857142857
2024-08-21 04:00:00+00:00,4,4,1,0.25
2024-08-21 06:00:00+00:00,3,3,1,0.3333333333333333
2024-08-21 14:00:00+00:00,1,1,1,1.0
2024-08-22 04:00:00+00:00,9,5,3,0.3333333333333333
2024-08-22 06:00:00+00:00,3,3,1,0.3333333333333333
2024-08-22 08:00:00+00:00,1,1,1,1.0
2024-08-22 12:00:00+00:00,2,2,1,0.5
2024-08-23 00:00:00+00:00,1,1,1,1.0
2024-08-23 02:00:00+00:00,2,2,1,0.5
2024-08-23 04:00:00+00:00,4,4,1,0.25
