workload_id,wave_start,wave_end,algorithm,number_of_deliveries,total_distance_km,total_travel_time_minutes,on_time_deliveries,late_deliveries,on_time_rate,total_lateness_minutes,max_lateness_minutes,route_runtime_seconds,training_runtime_seconds,greedy_reward,model_size,final_epsilon,device
1,2023-10-02 04:00:00+00:00,2023-10-02 06:00:00+00:00,nearest_neighbor,5,57.32448403424207,61.6449552881404,5,0,1.0,0.0,0.0,3.200645822000297,,,,,
1,2023-10-02 04:00:00+00:00,2023-10-02 06:00:00+00:00,clarke_wright,5,57.32448403424207,61.6449552881404,5,0,1.0,0.0,0.0,3.2711494029990718,,,,,
1,2023-10-02 04:00:00+00:00,2023-10-02 06:00:00+00:00,q_learning,5,57.32448403424207,61.6449552881404,5,0,1.0,0.0,0.0,0.00038392199894587975,1.7140890449991275,2.310818510333462,212.0,0.05,cpu
1,2023-10-02 04:00:00+00:00,2023-10-02 06:00:00+00:00,sarsa,5,57.32448403424207,61.6449552881404,5,0,1.0,0.0,0.0,0.0003356809993420029,1.7350932699991972,2.310818510333462,217.0,0.05,cpu
1,2023-10-02 04:00:00+00:00,2023-10-02 06:00:00+00:00,dqn,5,57.32448403424207,61.6449552881404,5,0,1.0,0.0,0.0,0.0015198080000118352,105.40899102600088,2.310818510333462,18821.0,0.05,cuda
2,2024-04-05 02:00:00+00:00,2024-04-05 04:00:00+00:00,nearest_neighbor,5,50.838655330615495,55.63750422711835,5,0,1.0,0.0,0.0,2.753211133998775,,,,,
2,2024-04-05 02:00:00+00:00,2024-04-05 04:00:00+00:00,clarke_wright,5,45.40230621886514,50.37719725342444,5,0,1.0,0.0,0.0,2.773885253000117,,,,,
2,2024-04-05 02:00:00+00:00,2024-04-05 04:00:00+00:00,q_learning,5,50.838655330615495,55.63750422711835,5,0,1.0,0.0,0.0,0.0004342419997556135,1.7778856660006568,2.0432196322370113,191.0,0.05,cpu
2,2024-04-05 02:00:00+00:00,2024-04-05 04:00:00+00:00,sarsa,5,50.838655330615495,55.63750422711835,5,0,1.0,0.0,0.0,0.0003459010004007723,1.7314545469998848,2.0432196322370113,191.0,0.05,cpu
2,2024-04-05 02:00:00+00:00,2024-04-05 04:00:00+00:00,dqn,5,50.838655330615495,55.63750422711835,5,0,1.0,0.0,0.0,0.0012967399998160545,128.7811936449998,2.0432196322370113,18821.0,0.05,cuda
3,2024-06-10 04:00:00+00:00,2024-06-10 06:00:00+00:00,nearest_neighbor,5,38.316835506337085,42.64905861310468,5,0,1.0,0.0,0.0,2.705990579999707,,,,,
3,2024-06-10 04:00:00+00:00,2024-06-10 06:00:00+00:00,clarke_wright,5,36.667796608039744,40.40488024416943,5,0,1.0,0.0,0.0,2.6867575439991924,,,,,
3,2024-06-10 04:00:00+00:00,2024-06-10 06:00:00+00:00,q_learning,5,38.316835506337085,42.64905861310468,5,0,1.0,0.0,0.0,0.00038075100019341335,1.8160169670009054,3.6402399045907528,192.0,0.05,cpu
3,2024-06-10 04:00:00+00:00,2024-06-10 06:00:00+00:00,sarsa,5,38.316835506337085,42.64905861310468,5,0,1.0,0.0,0.0,0.00038421799945353996,1.6569733079995785,3.6402399045907528,193.0,0.05,cpu
3,2024-06-10 04:00:00+00:00,2024-06-10 06:00:00+00:00,dqn,5,38.316835506337085,42.64905861310468,5,0,1.0,0.0,0.0,0.0015250489996105898,104.25266757099962,3.6402399045907528,18821.0,0.05,cuda
4,2024-07-09 16:00:00+00:00,2024-07-09 18:00:00+00:00,nearest_neighbor,5,67.32729507189842,74.79624810267259,5,0,1.0,0.0,0.0,2.621974929999851,,,,,
4,2024-07-09 16:00:00+00:00,2024-07-09 18:00:00+00:00,clarke_wright,5,65.13829584464858,73.05912150999038,5,0,1.0,0.0,0.0,2.6438464549992204,,,,,
4,2024-07-09 16:00:00+00:00,2024-07-09 18:00:00+00:00,q_learning,5,67.32729507189842,74.79624810267259,5,0,1.0,0.0,0.0,0.0003962299997510854,1.7557249500005128,0.6805764857016143,215.0,0.05,cpu
4,2024-07-09 16:00:00+00:00,2024-07-09 18:00:00+00:00,sarsa,5,67.32729507189842,74.79624810267259,5,0,1.0,0.0,0.0,0.00036782000097446144,1.7096294880011556,0.6805764857016143,214.0,0.05,cpu
4,2024-07-09 16:00:00+00:00,2024-07-09 18:00:00+00:00,dqn,5,67.32729507189842,74.79624810267259,5,0,1.0,0.0,0.0,0.001350025999272475,103.42451008700118,0.6805764857016143,18821.0,0.05,cuda
5,2024-08-16 02:00:00+00:00,2024-08-16 04:00:00+00:00,nearest_neighbor,5,43.7927958990398,49.54593629830227,5,0,1.0,0.0,0.0,1.6423032130005595,,,,,
5,2024-08-16 02:00:00+00:00,2024-08-16 04:00:00+00:00,clarke_wright,5,40.206503493680735,44.53354021048088,5,0,1.0,0.0,0.0,1.6374462410003616,,,,,
5,2024-08-16 02:00:00+00:00,2024-08-16 04:00:00+00:00,q_learning,5,43.7927958990398,49.54593629830227,5,0,1.0,0.0,0.0,0.00038887200025783386,1.775014494000061,2.7235806024841116,202.0,0.05,cpu
5,2024-08-16 02:00:00+00:00,2024-08-16 04:00:00+00:00,sarsa,5,43.7927958990398,49.54593629830227,5,0,1.0,0.0,0.0,0.0003455659989413107,1.6559294029993907,2.7235806024841116,203.0,0.05,cpu
5,2024-08-16 02:00:00+00:00,2024-08-16 04:00:00+00:00,dqn,5,43.7927958990398,49.54593629830227,5,0,1.0,0.0,0.0,0.0012406059995555552,100.693609259999,2.7235806024841116,18821.0,0.05,cuda
