workload_size,algorithm,workloads,mean_distance_km,std_distance_km,median_distance_km,mean_travel_time_minutes,std_travel_time_minutes,mean_on_time_rate,min_on_time_rate,total_late_deliveries,total_lateness_minutes,max_lateness_minutes,mean_route_runtime_seconds,mean_matrix_preparation_seconds,mean_training_runtime_seconds,mean_greedy_reward,std_greedy_reward,mean_model_size
5,nearest_neighbor,31,47.56074001799164,13.86383704737881,46.26640599892636,52.06164198098532,14.611681811251414,1.0,1.0,0,0.0,0.0,1.8944392707744335,,,,,
5,clarke_wright,31,44.77095955579195,11.606586300389719,42.90734830299646,49.16440785966053,12.300033707010797,1.0,1.0,0,0.0,0.0,1.882480813806443,,,,,
5,q_learning,31,46.96120359756551,12.531664668335656,46.26640599892636,51.29230204547095,13.03203410445902,1.0,1.0,0,0.0,0.0,0.0003693501614047097,1.9109405748386785,1.7677824888387623,2.8637518020500448,1.092656030078649,199.16129032258064
5,sarsa,31,46.82741025409425,12.32833562051954,46.26640599892636,51.20452747890924,12.928828529499022,1.0,1.0,0,0.0,0.0,0.00036294583875098386,1.9109405748386785,1.7195738363870474,2.8505250476359727,1.093058512776864,200.41935483870967
5,dqn,31,46.96094040604359,12.531349090862179,46.26640599892636,51.29514673534393,13.034443982118354,1.0,1.0,0,0.0,0.0,0.001824427064137416,1.9109405748386785,135.64088458096762,2.863738295385452,1.0926565593478788,18821.0
6,nearest_neighbor,22,52.351454950799415,16.352363349026106,49.78472937506941,56.696768140122316,17.406367551827543,1.0,1.0,0,0.0,0.0,2.4109617515452597,,,,,
6,clarke_wright,22,49.09253884824753,15.253963361917451,46.052811219467685,53.28225127762072,16.24011861459389,1.0,1.0,0,0.0,0.0,2.380327104817897,,,,,
6,q_learning,22,50.11877258571369,15.764676565948445,46.68667573126537,54.237449857571555,16.692234967074363,1.0,1.0,0,0.0,0.0,0.00043754645475303636,2.4537446901363285,2.1404660666819897,3.836474594550475,1.4047584439122782,562.9090909090909
6,sarsa,22,50.97548448115302,16.403419519128793,46.44925922657204,55.06880529597506,17.19696780591003,1.0,1.0,0,0.0,0.0,0.0004320700909374364,2.4537446901363285,2.083046872909077,3.73867663145447,1.4847553106369038,573.7272727272727
6,dqn,22,50.1820691870942,15.77592792702415,46.68667573126537,54.301280384222906,16.706925326481407,1.0,1.0,0,0.0,0.0,0.0018345917728558683,2.4537446901363285,163.40109088013662,3.839440790871112,1.4053684586743678,19206.0
7,nearest_neighbor,11,69.08922127543386,9.964114580558274,71.73836478500829,74.72586855885207,10.44621188762469,0.987012987012987,0.8571428571428571,1,4.041008933333333,4.041008933333333,2.9823041241815273,,,,,
7,clarke_wright,11,64.9718519748014,10.867745908867295,67.79517010369838,70.70738102533768,10.843551100443241,0.9740259740259741,0.7142857142857143,2,24.77722758333333,18.57028303333333,2.9591802935456144,,,,,
7,q_learning,11,66.29588317787153,10.727865560471214,66.72926716404157,71.96597044327797,11.044192154046682,1.0,1.0,0,0.0,0.0,0.0004864262726765364,3.0332124587278653,2.5026037472727527,3.9058765418815757,0.8554409083669647,1200.7272727272727
7,sarsa,11,68.97690065232324,9.442618368339392,70.12844952145696,74.63600650096409,9.836575352642827,1.0,1.0,0,0.0,0.0,0.00048213981773926365,3.0332124587278653,2.4283189898186803,3.7150703463214483,0.8156861041272686,1252.0
7,dqn,11,66.62704208138472,9.956006197334776,66.72926716404157,72.14869917851105,10.336559128758838,1.0,1.0,0,0.0,0.0,0.0017855366359071543,3.0332124587278653,152.40195966009114,3.930885258448861,0.8601766382200168,19591.0
8,nearest_neighbor,14,68.67171846766693,21.632330340151427,63.062704889454494,74.18088620064876,21.584065822977678,1.0,1.0,0,0.0,0.0,3.611975143928443,,,,,
8,clarke_wright,14,63.062644848689736,17.027303345983388,57.91413402657703,68.40867056835978,16.888407458042224,1.0,1.0,0,0.0,0.0,3.592037734571282,,,,,
8,q_learning,14,65.08057171590325,18.331240214187968,62.18768602336074,70.52358489324938,18.441888696222318,1.0,1.0,0,0.0,0.0,0.0005647299996910429,3.5978209922139803,2.88369045028555,5.140224823133645,1.6983325882975417,2000.9285714285713
8,sarsa,14,67.59006605915411,19.825570896775385,65.69482609661179,73.225783998344,20.209079199532827,1.0,1.0,0,0.0,0.0,0.0005502220001939214,3.5978209922139803,2.7905252195715287,4.912954668053814,1.862476522609145,2054.6428571428573
8,dqn,14,64.6814785247686,18.310014611035832,62.18768602336074,70.2715753478781,18.71609913848546,1.0,1.0,0,0.0,0.0,0.0032630996426112643,3.6293106172853578,215.67416014392893,5.170543013771059,1.6944048551293094,19976.0
9,nearest_neighbor,4,60.21426816772596,11.423428178734346,56.882456226894035,64.39557014860024,9.73607443852423,1.0,1.0,0,0.0,0.0,3.8500841555005536,,,,,
9,clarke_wright,4,56.06901234887686,9.032533067005275,55.61819422831958,60.29385458911727,7.367485744203857,1.0,1.0,0,0.0,0.0,3.907997210999838,,,,,
9,q_learning,4,62.00139414643766,8.614305597073946,60.87797987362737,66.47989195333047,7.083433283825314,1.0,1.0,0,0.0,0.0,0.0006331997492452,3.889936526751171,3.3009130587502113,7.271545165237289,0.7041508878524293,2980.0
9,sarsa,4,64.51700310240281,9.883389729423474,64.69180465764912,69.12779054555487,8.25181414324561,1.0,1.0,0,0.0,0.0,0.0006148310008028751,3.889936526751171,3.1410763614990174,6.933883552536857,0.7537872365708582,3040.75
9,dqn,4,58.24852921118384,7.883279857917882,56.882456226894035,62.568908350100294,6.505840369506918,1.0,1.0,0,0.0,0.0,0.002337031998649725,3.889936526751171,257.04114819849974,7.549111145925175,0.7885360385599208,20361.0
10,nearest_neighbor,10,74.59793099184387,21.188194721335254,71.01546630614995,81.39379566305024,23.248079708208635,0.99,0.9,1,32.94140816666667,32.94140816666667,4.330587937700011,,,,,
10,clarke_wright,10,66.62324174029592,15.71679399529773,65.62281669939208,72.62251528627893,17.443412106079066,0.99,0.9,1,0.8191931333333333,0.8191931333333333,4.385757861299908,,,,,
10,q_learning,10,73.54486887927494,17.530105589714182,70.85359369444123,80.10990260076024,18.987183869724312,1.0,1.0,0,0.0,0.0,0.00069760709930048,4.356634107399555,3.7620834179998157,7.44216791855275,1.7493810743091291,4165.4
10,sarsa,10,71.67414409853197,16.590557513454467,69.38542843496508,78.4094991276472,18.271205278255746,1.0,1.0,0,0.0,0.0,0.0007048223999162699,4.356634107399555,3.4544833647999895,7.560820064492712,1.9428664100778874,4365.3
10,dqn,10,68.07495622807758,15.797045632113337,67.66413292741231,74.47152880958723,17.939632590119288,1.0,1.0,0,0.0,0.0,0.00380436490017923,4.667326988099854,256.91444856269976,8.049565396841974,1.9204497661096287,20746.0
11,nearest_neighbor,4,77.86883153654519,16.981181389551793,80.25591872929688,85.56657453318788,17.249404574053777,1.0,1.0,0,0.0,0.0,5.115820399750191,,,,,
11,clarke_wright,4,74.82502783819545,15.27504879634745,77.86046959901662,81.52977059913513,14.579298524246832,0.9772727272727273,0.9090909090909092,1,22.173854366666667,22.173854366666667,5.102376517751509,,,,,
11,q_learning,4,83.91382695321077,16.17554152779054,85.1844517517757,91.53109900375547,16.589132937399086,1.0,1.0,0,0.0,0.0,0.0007771145001242499,4.92478076424959,4.158229786250558,7.777365938815595,1.5203405801531484,5620.75
11,sarsa,4,85.36532280477427,16.375539482704355,87.81656482581278,93.7025351081326,16.81571671720661,1.0,1.0,0,0.0,0.0,0.000763780748457,4.92478076424959,3.780233546749514,7.707595302610031,1.5263692561954305,5883.0
11,dqn,4,74.50766773201153,14.088107800671823,74.73810464760575,82.19057554571292,14.110216271991405,1.0,1.0,0,0.0,0.0,0.003086483500737775,4.92478076424959,235.96549255599896,8.894793500600297,1.4005573268032039,21131.0
12,nearest_neighbor,5,84.0911256728542,8.833838050607005,88.87238679766962,91.20458168283167,8.915627643590927,0.9833333333333332,0.9166666666666666,1,10.464877433333331,10.464877433333331,5.62982865060003,,,,,
12,clarke_wright,5,77.0012096755303,4.383869038437872,78.16394418415015,83.6302819847753,4.373098264374526,0.9666666666666666,0.8333333333333334,2,91.89625258333334,52.61746053333333,5.619646151400593,,,,,
12,q_learning,5,95.12043316962213,3.635029915333941,95.43314459952347,102.46195961557285,5.665649645705654,1.0,1.0,0,0.0,0.0,0.0008467116000246599,5.604068343000108,4.584311011599493,8.580192582767355,1.0611511727302831,6836.0
12,sarsa,5,90.24774818644414,4.224474114318102,90.62068979099712,97.40438076919857,6.048354838130148,1.0,1.0,0,0.0,0.0,0.0008448164000583,5.604068343000108,4.137099939799009,9.159493337160729,0.6830359946176949,6979.4
12,dqn,5,81.8159528326996,3.3577581520520794,82.46884578804872,89.05712343190108,4.587296304224344,1.0,1.0,0,0.0,0.0,0.0039394054001604,5.604068343000108,281.63604250900096,10.386057203218957,1.0399048380671025,21516.0
13,nearest_neighbor,4,104.4717108894809,15.267959544362675,106.45774154213065,114.19954742378133,19.108764200243847,0.9230769230769231,0.7692307692307693,4,148.608731,56.14768851666667,5.621235206249821,,,,,
13,clarke_wright,4,92.93236600352458,20.719841102847166,91.78692731633141,102.58068102011798,23.491410082590065,0.9807692307692308,0.9230769230769232,1,25.931049716666667,25.931049716666667,5.755601716250567,,,,,
13,q_learning,4,106.9049314184108,12.659563769206427,105.97926887966008,118.32399713752459,15.32968506633432,1.0,1.0,0,0.0,0.0,0.0009026194993566,5.613353921250109,4.9385684267504075,8.394633839679523,1.5040858578175718,9730.5
13,sarsa,4,111.05302707369161,25.210811827349612,104.11732959212628,121.13140553171047,27.8655213245674,0.9615384615384616,0.8461538461538461,2,113.0487033,73.88090871666667,0.000920252999094325,5.613353921250109,4.49766452574886,5.526931770930247,8.25392856662926,10671.75
13,dqn,4,96.64314837218386,19.448048760270467,97.0968937216527,106.05857732187384,22.87944117953619,1.0,1.0,0,0.0,0.0,0.0034798362503351502,5.613353921250109,282.74636224249934,9.832116625925524,1.650652596190137,21901.0
14,nearest_neighbor,1,91.94285588111588,,91.94285588111588,99.26824089097111,,1.0,1.0,0,0.0,0.0,6.197397702000671,,,,,
14,clarke_wright,1,78.46007910290382,,78.46007910290382,83.97185037005923,,1.0,1.0,0,0.0,0.0,6.332424827000068,,,,,
14,q_learning,1,87.58111472568461,,87.58111472568461,95.68962788751784,,1.0,1.0,0,0.0,0.0,0.001055433998772,6.208375786000033,5.426598386000478,10.907282852887834,,11028.0
14,sarsa,1,87.58111472568461,,87.58111472568461,95.68962788751784,,1.0,1.0,0,0.0,0.0,0.0010023879985965,6.208375786000033,5.02300300600109,10.907282852887834,,11051.0
14,dqn,1,81.31301130835362,,81.31301130835362,88.31282253106932,,1.0,1.0,0,0.0,0.0,0.0038413610000134,6.208375786000033,390.7676712379998,11.742323262670451,,22286.0
15,nearest_neighbor,1,93.59905556115534,,93.59905556115534,102.76332377048524,,1.0,1.0,0,0.0,0.0,6.804047203000664,,,,,
15,clarke_wright,1,86.26619403037363,,86.26619403037363,94.8144707003542,,1.0,1.0,0,0.0,0.0,6.699981215000662,,,,,
15,q_learning,1,93.07439345397536,,93.07439345397536,101.97646587342372,,1.0,1.0,0,0.0,0.0,0.0010536569989199,6.8359352569987095,5.735956754000654,11.353460333731388,,10389.0
15,sarsa,1,93.07439345397536,,93.07439345397536,101.97646587342372,,1.0,1.0,0,0.0,0.0,0.0011041189991374,6.8359352569987095,5.234865247999551,11.353460333731388,,10436.0
15,dqn,1,80.54714969600954,,80.54714969600954,87.98816887990856,,1.0,1.0,0,0.0,0.0,0.0040674290012248,6.8359352569987095,357.0815075720002,13.014962738547682,,22671.0
16,nearest_neighbor,1,99.77921836744936,,99.77921836744936,108.05659751916969,,1.0,1.0,0,0.0,0.0,7.259062747998541,,,,,
16,clarke_wright,1,93.04731511089813,,93.04731511089813,101.01022564956062,,1.0,1.0,0,0.0,0.0,7.16255123999872,,,,,
16,q_learning,1,122.55952919300007,,122.55952919300007,131.36699314540957,,1.0,1.0,0,0.0,0.0,0.0011255310018896,7.584724836000532,6.18089409499953,9.896167922652682,,15519.0
16,sarsa,1,118.26610634506926,,118.26610634506926,127.39148981995108,,1.0,1.0,0,0.0,0.0,0.0011208399992028,7.584724836000532,5.60995084300157,11.019591190808642,,16876.0
16,dqn,1,93.979443657786,,93.979443657786,101.891190173955,,1.0,1.0,0,0.0,0.0,0.0044459020027716,7.584724836000532,360.6702002659986,13.38120125671332,,23056.0
