eps_km,eps_meters,min_samples,number_of_deliveries,number_of_clusters,number_of_noise,noise_ratio,clustered_deliveries,clustered_ratio,silhouette_score,min_cluster_size,max_cluster_size,mean_cluster_size,median_cluster_size,std_cluster_size,runtime_seconds
0.25,250.0,10,2394,38,1560,0.6516290726817042,834,0.3483709273182957,0.857911507608827,10,123,21.94736842105263,15.5,19.886450516052978,0.041391837000446685
0.25,250.0,8,2394,52,1399,0.5843776106934002,995,0.41562238930659984,0.8045304821519147,8,123,19.134615384615383,13.5,18.907699740250152,0.010966482999720029
0.25,250.0,5,2394,104,1038,0.43358395989974935,1356,0.5664160401002506,0.7628631218286162,4,123,13.038461538461538,8.0,15.376007207111217,0.010769231999802287
0.25,250.0,3,2394,222,587,0.24519632414369255,1807,0.7548036758563075,0.6641588160345394,3,134,8.13963963963964,4.0,13.428601848959861,0.012322462999691197
2.0,2000.0,8,2394,2,37,0.015455304928989139,2357,0.9845446950710108,0.4593805183727809,8,2349,1178.5,1178.5,1170.5,0.017950743999790575
1.5,1500.0,10,2394,4,96,0.040100250626566414,2298,0.9598997493734336,0.3751764678499565,7,2248,574.5,21.5,966.2138738395346,0.014916095999979007
2.0,2000.0,5,2394,3,26,0.01086048454469507,2368,0.9891395154553049,0.2751524748242111,7,2353,789.3333333333334,8.0,1105.6793788838104,0.018963911999890115
1.5,1500.0,8,2394,5,66,0.02756892230576441,2328,0.9724310776942355,0.21639955612495668,8,2282,465.6,8.0,908.216185717916,0.015003014999820152
0.5,500.0,8,2394,29,574,0.23976608187134502,1820,0.7602339181286549,0.2013847112227485,8,982,62.758620689655174,19.0,175.8643001886856,0.01043554799980484
0.5,500.0,5,2394,47,357,0.14912280701754385,2037,0.8508771929824561,0.17427903948963486,5,992,43.340425531914896,10.0,143.51281010296157,0.011670193999634648
1.0,1000.0,8,2394,6,183,0.07644110275689223,2211,0.9235588972431078,0.17395782835820228,8,2136,368.5,16.5,790.471114800113,0.01290063799933705
0.5,500.0,10,2394,32,698,0.29156223893065997,1696,0.70843776106934,0.16920200643689706,5,888,53.0,19.5,151.77141529286732,0.010330589999284712
2.0,2000.0,3,2394,5,18,0.007518796992481203,2376,0.9924812030075187,0.12756077690852244,3,2354,475.2,7.0,939.401809664001,0.017797325999708846
0.75,750.0,10,2394,16,318,0.13283208020050125,2076,0.8671679197994987,0.1148633116582202,10,1474,129.75,23.0,349.8559525004541,0.012326919000770431
1.0,1000.0,10,2394,6,213,0.08897243107769423,2181,0.9110275689223057,0.10358964617693742,9,2106,363.5,16.0,779.2904358025532,0.013041369000347913
0.75,750.0,8,2394,14,264,0.11027568922305764,2130,0.8897243107769424,0.1008803270088053,8,1684,152.14285714285714,20.5,427.36683091141424,0.012819364000279165
1.5,1500.0,3,2394,8,22,0.009189640768588136,2372,0.9908103592314118,0.06427553740633947,3,2310,296.5,7.5,761.0540388172183,0.01535380399946007
1.5,1500.0,5,2394,7,36,0.015037593984962405,2358,0.9849624060150376,0.024934561243294653,5,2302,336.85714285714283,8.0,802.2839590945391,0.015437760000168055
1.0,1000.0,5,2394,14,96,0.040100250626566414,2298,0.9598997493734336,0.014006097465354849,5,2196,164.14285714285714,6.5,563.5504613155591,0.013817830000334652
0.75,750.0,5,2394,18,169,0.07059314954051796,2225,0.929406850459482,-0.016654955367439855,5,1980,123.61111111111111,8.5,450.40625351994896,0.011522330999468977
0.5,500.0,3,2394,77,191,0.0797827903091061,2203,0.9202172096908939,-0.028049148663850137,3,1387,28.61038961038961,5.0,157.29087587115706,0.011238937000598526
0.75,750.0,3,2394,31,91,0.038011695906432746,2303,0.9619883040935673,-0.05502227242543836,3,2027,74.29032258064517,5.0,356.66268455153653,0.012487429000429984
1.0,1000.0,3,2394,19,55,0.02297410192147034,2339,0.9770258980785297,-0.060176275178512435,3,2205,123.10526315789474,6.0,490.7311295926178,0.01366135900025256
2.0,2000.0,10,2394,1,53,0.022138680033416874,2341,0.9778613199665831,,2341,2341,2341.0,2341.0,0.0,0.017806775999815727
