workload_size,wave_start,wave_end,cluster_switch_penalty,number_of_clusters,dominant_cluster_size,dominant_cluster_share,number_of_deliveries,total_distance_km,total_travel_time_minutes,on_time_deliveries,late_deliveries,on_time_rate,total_lateness_minutes,max_lateness_minutes,training_runtime_seconds,route_runtime_seconds,matrix_preparation_seconds,greedy_reward,reward_per_delivery,model_size,final_epsilon,device,cluster_switches,cluster_switch_rate,cluster_sequence,delivery_order
5,2024-06-10 04:00:00+00:00,2024-06-10 06:00:00+00:00,0.0,3,3,0.6,5,38.316835506337085,42.64905861310468,5,0,1.0,0.0,0.0,136.4382300709999,0.0017790590000004158,3.9705310239996834,3.6402399045907528,0.7280479809181506,18821,0.05,cuda,2,0.5,4 -> 4 -> 4 -> 2 -> 9,66668e28bb9619f5c265adfd -> 66667aa0bb9619f5c265aab7 -> 666691e8bb9619f5c265af1e -> 66668f29bb9619f5c265ae63 -> 66668733bb9619f5c265ada3
5,2024-06-10 04:00:00+00:00,2024-06-10 06:00:00+00:00,0.1,3,3,0.6,5,38.316835506337085,42.64905861310468,5,0,1.0,0.0,0.0,133.79980791700018,0.0016559910000069067,3.9705310239996834,3.440239904590753,0.6880479809181506,18821,0.05,cuda,2,0.5,4 -> 4 -> 4 -> 2 -> 9,66668e28bb9619f5c265adfd -> 66667aa0bb9619f5c265aab7 -> 666691e8bb9619f5c265af1e -> 66668f29bb9619f5c265ae63 -> 66668733bb9619f5c265ada3
5,2024-06-10 04:00:00+00:00,2024-06-10 06:00:00+00:00,0.25,3,3,0.6,5,38.316835506337085,42.64905861310468,5,0,1.0,0.0,0.0,129.61454763600022,0.0016622610000922577,3.9705310239996834,3.1402399045907528,0.6280479809181505,18821,0.05,cuda,2,0.5,4 -> 4 -> 4 -> 2 -> 9,66668e28bb9619f5c265adfd -> 66667aa0bb9619f5c265aab7 -> 666691e8bb9619f5c265af1e -> 66668f29bb9619f5c265ae63 -> 66668733bb9619f5c265ada3
5,2024-06-10 04:00:00+00:00,2024-06-10 06:00:00+00:00,0.5,3,3,0.6,5,38.316835506337085,42.64905861310468,5,0,1.0,0.0,0.0,128.69082622299993,0.002413966999938566,3.9705310239996834,2.6402399045907528,0.5280479809181505,18821,0.05,cuda,2,0.5,4 -> 4 -> 4 -> 2 -> 9,66668e28bb9619f5c265adfd -> 66667aa0bb9619f5c265aab7 -> 666691e8bb9619f5c265af1e -> 66668f29bb9619f5c265ae63 -> 66668733bb9619f5c265ada3
6,2024-07-01 02:00:00+00:00,2024-07-01 04:00:00+00:00,0.0,4,2,0.3333333333333333,6,35.187872743265146,37.84103448204581,6,0,1.0,0.0,0.0,168.77049385500004,0.002056340999843087,4.063642301000073,4.739273511039331,0.7898789185065551,19206,0.05,cuda,3,0.6,6 -> 4 -> 4 -> 8 -> 7 -> 7,668223fc2d58011d21e79c86 -> 668225af2d58011d21e7a021 -> 66821fdc2d58011d21e79557 -> 6682227f2d58011d21e798a9 -> 668226ae2d58011d21e7a344 -> 6682230e2d58011d21e7991d
6,2024-07-01 02:00:00+00:00,2024-07-01 04:00:00+00:00,0.1,4,2,0.3333333333333333,6,35.187872743265146,37.84103448204581,6,0,1.0,0.0,0.0,161.2950380530001,0.001976978999664425,4.063642301000073,4.439273511039331,0.7398789185065552,19206,0.05,cuda,3,0.6,6 -> 4 -> 4 -> 8 -> 7 -> 7,668223fc2d58011d21e79c86 -> 668225af2d58011d21e7a021 -> 66821fdc2d58011d21e79557 -> 6682227f2d58011d21e798a9 -> 668226ae2d58011d21e7a344 -> 6682230e2d58011d21e7991d
6,2024-07-01 02:00:00+00:00,2024-07-01 04:00:00+00:00,0.25,4,2,0.3333333333333333,6,35.187872743265146,37.84103448204581,6,0,1.0,0.0,0.0,182.26576996899985,0.0020778560001417645,4.063642301000073,3.9892735110393307,0.6648789185065551,19206,0.05,cuda,3,0.6,6 -> 4 -> 4 -> 8 -> 7 -> 7,668223fc2d58011d21e79c86 -> 668225af2d58011d21e7a021 -> 66821fdc2d58011d21e79557 -> 6682227f2d58011d21e798a9 -> 668226ae2d58011d21e7a344 -> 6682230e2d58011d21e7991d
6,2024-07-01 02:00:00+00:00,2024-07-01 04:00:00+00:00,0.5,4,2,0.3333333333333333,6,35.187872743265146,37.84103448204581,6,0,1.0,0.0,0.0,167.36658390200046,0.0036651259997597663,4.063642301000073,3.2392735110393307,0.5398789185065551,19206,0.05,cuda,3,0.6,6 -> 4 -> 4 -> 8 -> 7 -> 7,668223fc2d58011d21e79c86 -> 668225af2d58011d21e7a021 -> 66821fdc2d58011d21e79557 -> 6682227f2d58011d21e798a9 -> 668226ae2d58011d21e7a344 -> 6682230e2d58011d21e7991d
8,2024-07-16 18:00:00+00:00,2024-07-16 20:00:00+00:00,0.0,5,3,0.375,8,63.1653601367244,71.07032678616127,8,0,1.0,0.0,0.0,225.5257478020003,0.0028032549998897593,5.413303240999994,5.038840443009665,0.6298550553762081,19976,0.05,cuda,5,0.7142857142857143,4 -> 4 -> 6 -> 6 -> 5 -> 2 -> 6 -> 8,6696bc45c7250ec426d89b88 -> 6696b597c7250ec426d89a42 -> 6696b6e1c7250ec426d89a4b -> 6696bb32c7250ec426d89af7 -> 6696b7e6c7250ec426d89adc -> 6696b907c7250ec426d89ae5 -> 6696bd0ec7250ec426d89b91 -> 6696ba77c7250ec426d89aee
8,2024-07-16 18:00:00+00:00,2024-07-16 20:00:00+00:00,0.1,5,3,0.375,8,63.1653601367244,71.07032678616127,8,0,1.0,0.0,0.0,224.89335054000003,0.003495408999697247,5.413303240999994,4.538840443009666,0.5673550553762082,19976,0.05,cuda,5,0.7142857142857143,4 -> 4 -> 6 -> 6 -> 5 -> 2 -> 6 -> 8,6696bc45c7250ec426d89b88 -> 6696b597c7250ec426d89a42 -> 6696b6e1c7250ec426d89a4b -> 6696bb32c7250ec426d89af7 -> 6696b7e6c7250ec426d89adc -> 6696b907c7250ec426d89ae5 -> 6696bd0ec7250ec426d89b91 -> 6696ba77c7250ec426d89aee
8,2024-07-16 18:00:00+00:00,2024-07-16 20:00:00+00:00,0.25,5,3,0.375,8,63.1653601367244,71.07032678616127,8,0,1.0,0.0,0.0,229.0745763290006,0.0025560069998391555,5.413303240999994,3.788840443009665,0.4736050553762081,19976,0.05,cuda,5,0.7142857142857143,4 -> 4 -> 6 -> 6 -> 5 -> 2 -> 6 -> 8,6696bc45c7250ec426d89b88 -> 6696b597c7250ec426d89a42 -> 6696b6e1c7250ec426d89a4b -> 6696bb32c7250ec426d89af7 -> 6696b7e6c7250ec426d89adc -> 6696b907c7250ec426d89ae5 -> 6696bd0ec7250ec426d89b91 -> 6696ba77c7250ec426d89aee
8,2024-07-16 18:00:00+00:00,2024-07-16 20:00:00+00:00,0.5,5,3,0.375,8,67.05781298996291,74.71850846916274,8,0,1.0,0.0,0.0,244.2047216359997,0.0026040110005851602,5.413303240999994,2.602109214056996,0.3252636517571245,19976,0.05,cuda,4,0.5714285714285714,4 -> 4 -> 6 -> 6 -> 6 -> 5 -> 2 -> 8,6696bc45c7250ec426d89b88 -> 6696b597c7250ec426d89a42 -> 6696b6e1c7250ec426d89a4b -> 6696bd0ec7250ec426d89b91 -> 6696bb32c7250ec426d89af7 -> 6696b7e6c7250ec426d89adc -> 6696b907c7250ec426d89ae5 -> 6696ba77c7250ec426d89aee
10,2024-07-20 02:00:00+00:00,2024-07-20 04:00:00+00:00,0.0,7,3,0.3,10,81.2866076214798,88.41330052914317,10,0,1.0,0.0,0.0,294.5045725789996,0.003419222000047739,6.0963760539998475,6.335951839579078,0.6335951839579078,20746,0.05,cuda,7,0.7777777777777778,4 -> 4 -> 6 -> 9 -> 0 -> 0 -> 8 -> 4 -> 7 -> 3,669b3571c7250ec426d98692 -> 669b30b2c7250ec426d97fa4 -> 669b2bd8c7250ec426d97784 -> 669b318cc7250ec426d983a7 -> 669b2de9c7250ec426d977cf -> 669b2f46c7250ec426d9782e -> 669b3249c7250ec426d9840b -> 669b347cc7250ec426d984fd -> 669b3033c7250ec426d97bf1 -> 669b329fc7250ec426d98434
10,2024-07-20 02:00:00+00:00,2024-07-20 04:00:00+00:00,0.1,7,3,0.3,10,81.2866076214798,88.41330052914317,10,0,1.0,0.0,0.0,307.59110774000055,0.0033020870005202596,6.0963760539998475,5.635951839579077,0.5635951839579076,20746,0.05,cuda,7,0.7777777777777778,4 -> 4 -> 6 -> 9 -> 0 -> 0 -> 8 -> 4 -> 7 -> 3,669b3571c7250ec426d98692 -> 669b30b2c7250ec426d97fa4 -> 669b2bd8c7250ec426d97784 -> 669b318cc7250ec426d983a7 -> 669b2de9c7250ec426d977cf -> 669b2f46c7250ec426d9782e -> 669b3249c7250ec426d9840b -> 669b347cc7250ec426d984fd -> 669b3033c7250ec426d97bf1 -> 669b329fc7250ec426d98434
10,2024-07-20 02:00:00+00:00,2024-07-20 04:00:00+00:00,0.25,7,3,0.3,10,81.2866076214798,88.41330052914317,10,0,1.0,0.0,0.0,309.60296601700065,0.0036213840003256337,6.0963760539998475,4.585951839579078,0.45859518395790777,20746,0.05,cuda,7,0.7777777777777778,4 -> 4 -> 6 -> 9 -> 0 -> 0 -> 8 -> 4 -> 7 -> 3,669b3571c7250ec426d98692 -> 669b30b2c7250ec426d97fa4 -> 669b2bd8c7250ec426d97784 -> 669b318cc7250ec426d983a7 -> 669b2de9c7250ec426d977cf -> 669b2f46c7250ec426d9782e -> 669b3249c7250ec426d9840b -> 669b347cc7250ec426d984fd -> 669b3033c7250ec426d97bf1 -> 669b329fc7250ec426d98434
10,2024-07-20 02:00:00+00:00,2024-07-20 04:00:00+00:00,0.5,7,3,0.3,10,84.52539345600827,91.23914120153562,10,0,1.0,0.0,0.0,316.916898384,0.0057679199999256525,6.0963760539998475,3.1030023701619145,0.31030023701619147,20746,0.05,cuda,6,0.6666666666666666,6 -> 9 -> 0 -> 0 -> 4 -> 4 -> 4 -> 8 -> 7 -> 3,669b2bd8c7250ec426d97784 -> 669b318cc7250ec426d983a7 -> 669b2de9c7250ec426d977cf -> 669b2f46c7250ec426d9782e -> 669b30b2c7250ec426d97fa4 -> 669b3571c7250ec426d98692 -> 669b347cc7250ec426d984fd -> 669b3249c7250ec426d9840b -> 669b3033c7250ec426d97bf1 -> 669b329fc7250ec426d98434
12,2024-07-15 04:00:00+00:00,2024-07-15 06:00:00+00:00,0.0,7,4,0.3333333333333333,12,79.67218993760609,84.23909296729217,12,0,1.0,0.0,0.0,356.2931708219994,0.005157589000191365,7.364045555999837,11.227813932010138,0.9356511610008448,21516,0.05,cuda,6,0.5454545454545454,6 -> 2 -> 4 -> 4 -> 4 -> 4 -> 0 -> 0 -> 1 -> 8 -> 8 -> 7,6694aa74d54b84ac2ddb4115 -> 6694a133d54b84ac2ddb34c7 -> 6694a2f6d54b84ac2ddb38ba -> 6694a27fd54b84ac2ddb3882 -> 6694a2e1d54b84ac2ddb38b3 -> 6694a434d54b84ac2ddb3ccf -> 6694a9ccd54b84ac2ddb402b -> 6694a3b3d54b84ac2ddb3c92 -> 6694a5ead54b84ac2ddb3dfd -> 6694a906d54b84ac2ddb3fbc -> 6694aabbd54b84ac2ddb413a -> 6694a748d54b84ac2ddb3e2d
12,2024-07-15 04:00:00+00:00,2024-07-15 06:00:00+00:00,0.1,7,4,0.3333333333333333,12,79.67218993760609,84.23909296729217,12,0,1.0,0.0,0.0,367.2467152039999,0.003979520999564556,7.364045555999837,10.627813932010138,0.8856511610008448,21516,0.05,cuda,6,0.5454545454545454,6 -> 2 -> 4 -> 4 -> 4 -> 4 -> 0 -> 0 -> 1 -> 8 -> 8 -> 7,6694aa74d54b84ac2ddb4115 -> 6694a133d54b84ac2ddb34c7 -> 6694a2f6d54b84ac2ddb38ba -> 6694a27fd54b84ac2ddb3882 -> 6694a2e1d54b84ac2ddb38b3 -> 6694a434d54b84ac2ddb3ccf -> 6694a9ccd54b84ac2ddb402b -> 6694a3b3d54b84ac2ddb3c92 -> 6694a5ead54b84ac2ddb3dfd -> 6694a906d54b84ac2ddb3fbc -> 6694aabbd54b84ac2ddb413a -> 6694a748d54b84ac2ddb3e2d
12,2024-07-15 04:00:00+00:00,2024-07-15 06:00:00+00:00,0.25,7,4,0.3333333333333333,12,80.15724907663142,84.86363309857148,12,0,1.0,0.0,0.0,332.45957011599967,0.004138809000323818,7.364045555999837,9.671365737052188,0.805947144754349,21516,0.05,cuda,6,0.5454545454545454,6 -> 2 -> 4 -> 4 -> 4 -> 4 -> 0 -> 0 -> 1 -> 8 -> 8 -> 7,6694aa74d54b84ac2ddb4115 -> 6694a133d54b84ac2ddb34c7 -> 6694a2e1d54b84ac2ddb38b3 -> 6694a27fd54b84ac2ddb3882 -> 6694a434d54b84ac2ddb3ccf -> 6694a2f6d54b84ac2ddb38ba -> 6694a9ccd54b84ac2ddb402b -> 6694a3b3d54b84ac2ddb3c92 -> 6694a5ead54b84ac2ddb3dfd -> 6694a906d54b84ac2ddb3fbc -> 6694aabbd54b84ac2ddb413a -> 6694a748d54b84ac2ddb3e2d
12,2024-07-15 04:00:00+00:00,2024-07-15 06:00:00+00:00,0.5,7,4,0.3333333333333333,12,79.67218993760609,84.23909296729217,12,0,1.0,0.0,0.0,312.34440246099985,0.003931100000045262,7.364045555999837,8.227813932010138,0.6856511610008448,21516,0.05,cuda,6,0.5454545454545454,6 -> 2 -> 4 -> 4 -> 4 -> 4 -> 0 -> 0 -> 1 -> 8 -> 8 -> 7,6694aa74d54b84ac2ddb4115 -> 6694a133d54b84ac2ddb34c7 -> 6694a2f6d54b84ac2ddb38ba -> 6694a27fd54b84ac2ddb3882 -> 6694a2e1d54b84ac2ddb38b3 -> 6694a434d54b84ac2ddb3ccf -> 6694a9ccd54b84ac2ddb402b -> 6694a3b3d54b84ac2ddb3c92 -> 6694a5ead54b84ac2ddb3dfd -> 6694a906d54b84ac2ddb3fbc -> 6694aabbd54b84ac2ddb413a -> 6694a748d54b84ac2ddb3e2d
13,2024-08-06 04:00:00+00:00,2024-08-06 06:00:00+00:00,0.0,8,3,0.23076923076923078,13,104.46746246373625,117.3734687484856,13,0,1.0,0.0,0.0,340.80227999899944,0.004336418000093545,8.622999129000164,9.80787748326734,0.7544521140974877,21901,0.05,cuda,7,0.5833333333333334,6 -> 6 -> 4 -> 4 -> 4 -> 8 -> 8 -> 0 -> 9 -> 5 -> 5 -> 3 -> 7,66b1aef78bafc7aafe84102c -> 66b1af828bafc7aafe84104f -> 66b1a3a841dd95a0cd977312 -> 66b1add041dd95a0cd97754b -> 66b1ac0c41dd95a0cd9774ae -> 66b1a2f041dd95a0cd9772cb -> 66b1a12a41dd95a0cd976eec -> 66b1ad7b41dd95a0cd9774fb -> 66b1a22241dd95a0cd976f21 -> 66b1afe941dd95a0cd9776fe -> 66b1adfc41dd95a0cd977570 -> 66b1aedf41dd95a0cd97757d -> 66b1b07141dd95a0cd977755
13,2024-08-06 04:00:00+00:00,2024-08-06 06:00:00+00:00,0.1,8,3,0.23076923076923078,13,103.66874676994858,117.22153392551529,13,0,1.0,0.0,0.0,365.76649625699974,0.006222385000000941,8.622999129000164,9.19768824845863,0.7075144806506639,21901,0.05,cuda,7,0.5833333333333334,6 -> 6 -> 4 -> 4 -> 4 -> 8 -> 8 -> 0 -> 9 -> 5 -> 5 -> 3 -> 7,66b1af828bafc7aafe84104f -> 66b1aef78bafc7aafe84102c -> 66b1ac0c41dd95a0cd9774ae -> 66b1a3a841dd95a0cd977312 -> 66b1add041dd95a0cd97754b -> 66b1a2f041dd95a0cd9772cb -> 66b1a12a41dd95a0cd976eec -> 66b1ad7b41dd95a0cd9774fb -> 66b1a22241dd95a0cd976f21 -> 66b1afe941dd95a0cd9776fe -> 66b1adfc41dd95a0cd977570 -> 66b1aedf41dd95a0cd97757d -> 66b1b07141dd95a0cd977755
13,2024-08-06 04:00:00+00:00,2024-08-06 06:00:00+00:00,0.25,8,3,0.23076923076923078,13,103.66874676994858,117.22153392551529,13,0,1.0,0.0,0.0,425.772548070001,0.004824493000342045,8.622999129000164,8.14768824845863,0.6267452498814331,21901,0.05,cuda,7,0.5833333333333334,6 -> 6 -> 4 -> 4 -> 4 -> 8 -> 8 -> 0 -> 9 -> 5 -> 5 -> 3 -> 7,66b1af828bafc7aafe84104f -> 66b1aef78bafc7aafe84102c -> 66b1ac0c41dd95a0cd9774ae -> 66b1a3a841dd95a0cd977312 -> 66b1add041dd95a0cd97754b -> 66b1a2f041dd95a0cd9772cb -> 66b1a12a41dd95a0cd976eec -> 66b1ad7b41dd95a0cd9774fb -> 66b1a22241dd95a0cd976f21 -> 66b1afe941dd95a0cd9776fe -> 66b1adfc41dd95a0cd977570 -> 66b1aedf41dd95a0cd97757d -> 66b1b07141dd95a0cd977755
13,2024-08-06 04:00:00+00:00,2024-08-06 06:00:00+00:00,0.5,8,3,0.23076923076923078,13,103.66874676994858,117.22153392551529,13,0,1.0,0.0,0.0,429.32687850299953,0.005921374999161344,8.622999129000164,6.397688248458631,0.4921298652660485,21901,0.05,cuda,7,0.5833333333333334,6 -> 6 -> 4 -> 4 -> 4 -> 8 -> 8 -> 0 -> 9 -> 5 -> 5 -> 3 -> 7,66b1af828bafc7aafe84104f -> 66b1aef78bafc7aafe84102c -> 66b1ac0c41dd95a0cd9774ae -> 66b1a3a841dd95a0cd977312 -> 66b1add041dd95a0cd97754b -> 66b1a2f041dd95a0cd9772cb -> 66b1a12a41dd95a0cd976eec -> 66b1ad7b41dd95a0cd9774fb -> 66b1a22241dd95a0cd976f21 -> 66b1afe941dd95a0cd9776fe -> 66b1adfc41dd95a0cd977570 -> 66b1aedf41dd95a0cd97757d -> 66b1b07141dd95a0cd977755
