wave_start,wave_end,number_of_deliveries,nn_distance_km,priority_nn_distance_km,distance_change_km,distance_change_percent,nn_travel_time_minutes,priority_nn_travel_time_minutes,travel_time_change_minutes,travel_time_change_percent,nn_on_time_deliveries,priority_nn_on_time_deliveries,on_time_delivery_change,nn_late_deliveries,priority_nn_late_deliveries,nn_on_time_rate,priority_nn_on_time_rate,on_time_rate_change,nn_total_lateness_minutes,priority_nn_total_lateness_minutes,lateness_change_minutes,nn_routing_runtime_seconds,priority_nn_routing_runtime_seconds,matrix_preparation_seconds
2023-10-02 04:00:00+00:00,2023-10-02 06:00:00+00:00,5,57.32448403424207,73.31787469794497,15.993390663702904,27.89975511013662,61.6449552881404,78.54994237284268,16.904987084702277,27.423147613109798,5,5,0,0,0,1.0,1.0,0.0,0.0,0.0,0.0,0.050404510000134906,0.05067140999972253,3.4977458240000487
2024-01-29 04:00:00+00:00,2024-01-29 06:00:00+00:00,5,56.23648386196553,60.96238746470781,4.725903602742278,8.403625686026492,63.22817350093929,67.81183835983867,4.5836648588993825,7.249402608208015,5,5,0,0,0,1.0,1.0,0.0,0.0,0.0,0.0,0.050454908999654435,0.05119357099965782,3.498353307000343
2024-01-31 02:00:00+00:00,2024-01-31 04:00:00+00:00,6,45.9253061034011,50.95578367239693,5.030477568995835,10.953607054179857,49.167119771896225,53.75303235546469,4.585912583568465,9.32719387437,6,6,0,0,0,1.0,1.0,0.0,0.0,0.0,0.0,0.05059243299956506,0.05162677599992094,4.07514290600011
2024-02-01 04:00:00+00:00,2024-02-01 06:00:00+00:00,10,58.60132888141967,85.64978173475815,27.048452853338482,46.1567226710358,66.38025312335434,94.07126024677426,27.691007123419922,41.71572993547006,10,10,0,0,0,1.0,1.0,0.0,0.0,0.0,0.0,0.0509925410001415,0.05204371799982255,6.347583140000097
2024-02-02 04:00:00+00:00,2024-02-02 06:00:00+00:00,6,30.5252127910072,30.844674433615467,0.3194616426082675,1.0465500921991333,33.31456172949571,33.70336678664949,0.3888050571537818,1.167072406087052,6,6,0,0,0,1.0,1.0,0.0,0.0,0.0,0.0,0.05057949800038841,0.05128894100016623,4.105463215999862
2024-02-04 06:00:00+00:00,2024-02-04 08:00:00+00:00,6,28.508063376983337,28.508063376983337,0.0,0.0,33.0033980186204,33.0033980186204,0.0,0.0,6,6,0,0,0,1.0,1.0,0.0,0.0,0.0,0.0,0.053285024000160774,0.05382214200017188,4.096363535999899
2024-02-06 04:00:00+00:00,2024-02-06 06:00:00+00:00,5,48.91915093343699,60.91015773421254,11.991006800775551,24.511886596501647,52.769524214568094,65.97002057646664,13.200496361898544,25.01537877852285,5,5,0,0,0,1.0,1.0,0.0,0.0,0.0,0.0,0.05075352100038799,0.05077231399991433,3.472746745999757
2024-02-20 02:00:00+00:00,2024-02-20 04:00:00+00:00,5,52.756157424985815,52.756157424985815,0.0,0.0,59.278601013356095,59.278601013356095,0.0,0.0,5,5,0,0,0,1.0,1.0,0.0,0.0,0.0,0.0,0.05054575299982389,0.05117005000010977,3.4932500059999256
2024-02-21 02:00:00+00:00,2024-02-21 04:00:00+00:00,5,54.07678980608435,52.80856694163259,-1.268222864451758,-2.3452258704696005,57.41065461762011,55.24382178722985,-2.1668328303902626,-3.774269505934587,5,5,0,0,0,1.0,1.0,0.0,0.0,0.0,0.0,0.05094412400012516,0.05136099099991043,3.4963044440000886
2024-02-27 04:00:00+00:00,2024-02-27 06:00:00+00:00,5,55.95157169906435,59.03566284231113,3.0840911432467806,5.512072404032851,60.52579968485277,63.74832697455595,3.22252728970318,5.3242209214621115,5,5,0,0,0,1.0,1.0,0.0,0.0,0.0,0.0,0.05094260099986059,0.05149252199998955,3.501456789999793
2024-03-08 02:00:00+00:00,2024-03-08 04:00:00+00:00,5,42.29254167096016,47.42244046407341,5.129898793113249,12.129558996534968,48.068711995210435,54.05781914139426,5.989107146183827,12.45947082330931,5,5,0,0,0,1.0,1.0,0.0,0.0,0.0,0.0,0.050908348000120895,0.051538807000270026,3.482378191999942
2024-03-08 04:00:00+00:00,2024-03-08 06:00:00+00:00,6,42.749953642253956,42.749953642253956,0.0,0.0,48.123393520719475,48.123393520719475,0.0,0.0,6,6,0,0,0,1.0,1.0,0.0,0.0,0.0,0.0,0.05084361199988052,0.0512829529998271,2.895107930999984
2024-03-18 02:00:00+00:00,2024-03-18 04:00:00+00:00,6,64.52278254500737,68.68900360528744,4.166221060280066,6.456976738989752,67.42297333503042,73.48847584425206,6.065502509221645,8.996195523863436,6,6,0,0,0,1.0,1.0,0.0,0.0,0.0,0.0,0.05630765300020357,0.05403415299997505,4.063987906999955
2024-03-22 02:00:00+00:00,2024-03-22 04:00:00+00:00,5,45.39983069477543,46.97940271675256,1.5795720219771283,3.4792465033551414,49.60557963802089,51.39063377822491,1.7850541402040179,3.598494671828888,5,5,0,0,0,1.0,1.0,0.0,0.0,0.0,0.0,0.05063476500026809,0.057138535999911255,3.4684814020001795
2024-04-04 02:00:00+00:00,2024-04-04 04:00:00+00:00,7,55.699862210980065,66.10811397753619,10.408251766556127,18.686315106367278,61.58692507180673,73.1348564995521,11.547931427745368,18.75062184754501,7,7,0,0,0,1.0,1.0,0.0,0.0,0.0,0.0,0.05056241600004796,0.05131821399982073,4.629381483000088
2024-04-05 02:00:00+00:00,2024-04-05 04:00:00+00:00,5,50.838655330615495,55.108678908254305,4.27002357763881,8.39916703120856,55.63750422711835,59.229841426450044,3.592337199331695,6.45668286030118,5,5,0,0,0,1.0,1.0,0.0,0.0,0.0,0.0,0.05119046499976321,0.05158529000027556,3.5470139439999
2024-04-10 04:00:00+00:00,2024-04-10 06:00:00+00:00,5,46.26640599892636,44.38670110525073,-1.8797048936756298,-4.062785628343921,50.86627268557288,49.93486675729015,-0.9314059282827287,-1.8310874359522353,5,5,0,0,0,1.0,1.0,0.0,0.0,0.0,0.0,0.050636225000289414,0.05067356400013523,3.5403587709997737
2024-04-19 04:00:00+00:00,2024-04-19 06:00:00+00:00,5,31.142219349500685,31.142219349500685,0.0,0.0,35.3107340615728,35.3107340615728,0.0,0.0,5,5,0,0,0,1.0,1.0,0.0,0.0,0.0,0.0,0.050113211999814666,0.05026384099983261,2.4040526499998123
2024-04-22 02:00:00+00:00,2024-04-22 04:00:00+00:00,8,43.59640053210937,42.49940627306474,-1.096994259044628,-2.516249611562946,48.316837985532494,46.94117637869363,-1.375661606838861,-2.847168118184338,8,8,0,0,0,1.0,1.0,0.0,0.0,0.0,0.0,0.05076964999989286,0.05155549899973266,5.212472111999887
2024-04-22 04:00:00+00:00,2024-04-22 06:00:00+00:00,5,56.74263981033898,62.2558751902268,5.513235379887824,9.716212355145428,64.43846537033492,69.87462928014551,5.436163909810588,8.436209457454268,5,5,0,0,0,1.0,1.0,0.0,0.0,0.0,0.0,0.049939734999952634,0.05099642999994103,3.473517387999891
2024-04-23 02:00:00+00:00,2024-04-23 04:00:00+00:00,8,41.490239340877245,53.949448821178684,12.459209480301439,30.02925429747113,47.69970868629707,62.251871808223854,14.552163121926782,30.507865818701013,8,8,0,0,0,1.0,1.0,0.0,0.0,0.0,0.0,0.049829987999601144,0.05075893299999734,5.220632846000171
2024-04-26 02:00:00+00:00,2024-04-26 04:00:00+00:00,6,49.13847177240126,49.13847177240126,0.0,0.0,53.11262135267413,53.11262135267413,0.0,0.0,6,6,0,0,0,1.0,1.0,0.0,0.0,0.0,0.0,0.050824416000068595,0.05144434400017417,4.068631553000159
2024-05-04 02:00:00+00:00,2024-05-04 04:00:00+00:00,8,70.46718258793143,66.0625008992486,-4.404681688682828,-6.250685108896629,73.49802521797892,69.98455322851439,-3.5134719894645343,-4.78036243701018,8,8,0,0,0,1.0,1.0,0.0,0.0,0.0,0.0,0.050975287000255776,0.0517614729997149,5.248183056000016
2024-05-16 04:00:00+00:00,2024-05-16 06:00:00+00:00,6,42.85867182334422,46.36689595786185,3.508224134517633,8.185564286681364,48.16126386268422,51.20043713938175,3.0391732766975252,6.310410136583446,6,6,0,0,0,1.0,1.0,0.0,0.0,0.0,0.0,0.05062848400029907,0.051001533000089694,2.910509302999799
2024-05-24 02:00:00+00:00,2024-05-24 04:00:00+00:00,5,28.983287564107933,30.37655787470508,1.3932703105971491,4.807150698537508,33.112566904582465,34.65458441566439,1.542017511081923,4.656895116362973,5,5,0,0,0,1.0,1.0,0.0,0.0,0.0,0.0,0.05072938100011015,0.050926833000175975,3.5216944620001414
2024-05-27 02:00:00+00:00,2024-05-27 04:00:00+00:00,5,22.104358599307155,27.15229717261418,5.047938573307025,22.836847088905124,24.991667928591035,30.807839067170903,5.816171138579868,23.27244085988369,5,5,0,0,0,1.0,1.0,0.0,0.0,0.0,0.0,0.05117326100025821,0.051473400999839214,3.514662215000044
2024-05-27 04:00:00+00:00,2024-05-27 06:00:00+00:00,5,61.5062412947393,60.9732919953487,-0.5329492993905944,-0.8664962907368854,61.93456930492727,61.481635233917025,-0.4529340710102474,-0.73131060099939,5,5,0,0,0,1.0,1.0,0.0,0.0,0.0,0.0,0.05058804999998756,0.05159694399981163,3.4655164829996465
2024-05-27 06:00:00+00:00,2024-05-27 08:00:00+00:00,6,53.522530646434724,70.51964588787625,16.997115241441527,31.7569349508584,58.6401498923029,76.78020265353013,18.140052761227224,30.93452659064278,6,6,0,0,0,1.0,1.0,0.0,0.0,0.0,0.0,0.04919497299988507,0.049621955000020534,3.9982982189999348
2024-06-10 04:00:00+00:00,2024-06-10 06:00:00+00:00,5,38.316835506337085,39.759626649331814,1.4427911429947287,3.765423537536419,42.64905861310468,44.79420961116762,2.145150998062938,5.029773382627026,5,5,0,0,0,1.0,1.0,0.0,0.0,0.0,0.0,0.04932605700014392,0.04987771199967028,3.135481972999969
2024-06-13 04:00:00+00:00,2024-06-13 06:00:00+00:00,5,56.69767385118966,62.29921139110834,5.601537539918674,9.879660239008446,58.651239882176064,63.29942055019977,4.648180668023706,7.925119191617079,5,5,0,0,0,1.0,1.0,0.0,0.0,0.0,0.0,0.049221288000353525,0.04968028899975252,3.139144858000236
2024-06-14 02:00:00+00:00,2024-06-14 04:00:00+00:00,8,51.21326317586882,55.303203120314265,4.089939944445447,7.986095184757894,55.750882243067394,60.97001328931938,5.219131046251988,9.361521892150837,8,8,0,0,0,1.0,1.0,0.0,0.0,0.0,0.0,0.05173588700017717,0.052201344999957655,4.216568547999941
2024-06-19 02:00:00+00:00,2024-06-19 04:00:00+00:00,5,30.64800606361119,30.64800606361119,0.0,0.0,34.62075749106991,34.62075749106991,0.0,0.0,5,5,0,0,0,1.0,1.0,0.0,0.0,0.0,0.0,0.0511698210002578,0.0517904569996972,3.5861153109999577
2024-06-19 04:00:00+00:00,2024-06-19 06:00:00+00:00,10,54.123775728401384,78.57347504800639,24.449699319605003,45.17367643066161,61.002042811199246,87.00787782761014,26.0058350164109,42.63108876025466,10,10,0,0,0,1.0,1.0,0.0,0.0,0.0,0.0,0.05133359000001292,0.05144658299968796,6.274393334000251
2024-06-22 08:00:00+00:00,2024-06-22 10:00:00+00:00,6,84.21689671959427,84.39660094478475,0.17970422519047702,0.21338262532851823,94.5279855035088,92.71553245884974,-1.8124530446590654,-1.917371913730023,6,6,0,0,0,1.0,1.0,0.0,0.0,0.0,0.0,0.049626778999936505,0.050377426000068226,3.747422250999989
2024-06-25 02:00:00+00:00,2024-06-25 04:00:00+00:00,9,50.89055907876424,63.93683276902773,13.04627369026349,25.635940980863538,56.63660809171955,71.15560049014763,14.518992398428082,25.63534944556612,9,9,0,0,0,1.0,1.0,0.0,0.0,0.0,0.0,0.04940222999994148,0.050215462000323896,5.464821828999902
2024-06-26 02:00:00+00:00,2024-06-26 04:00:00+00:00,5,30.288997881101373,35.59001514244673,5.301017261345358,17.501461362816805,31.525039266148642,37.29101233399683,5.76597306784819,18.29013762415722,5,5,0,0,0,1.0,1.0,0.0,0.0,0.0,0.0,0.05050909799956571,0.051949370999864186,3.25781157099982
2024-06-26 04:00:00+00:00,2024-06-26 06:00:00+00:00,5,34.42367785071482,38.48444304963073,4.0607651989159095,11.796430400395426,36.99612760262214,42.419918354746855,5.423790752124717,14.660428276121253,5,5,0,0,0,1.0,1.0,0.0,0.0,0.0,0.0,0.04932870099992215,0.0499327259999518,3.226879942999858
2024-06-27 02:00:00+00:00,2024-06-27 04:00:00+00:00,6,34.902882196432806,33.17099734236488,-1.7318848540679284,-4.962011000469563,40.03232756677802,38.62646406292387,-1.4058635038541496,-3.511820544306411,6,6,0,0,0,1.0,1.0,0.0,0.0,0.0,0.0,0.049974940000083734,0.050174645999959466,3.717084096000235
2024-06-28 02:00:00+00:00,2024-06-28 04:00:00+00:00,6,51.31617546362011,55.59215939304865,4.275983929428534,8.332623954916386,51.40555124248597,56.66973321525214,5.264181972766167,10.24049318707703,6,6,0,0,0,1.0,1.0,0.0,0.0,0.0,0.0,0.05005029900030422,0.05027729299990824,3.6687388440000177
2024-06-28 04:00:00+00:00,2024-06-28 06:00:00+00:00,5,39.98738802007367,41.68772819598002,1.700340175906348,4.2521911535026415,42.04315174315723,44.46511700266369,2.4219652595064574,5.760665314299721,5,5,0,0,0,1.0,1.0,0.0,0.0,0.0,0.0,0.04982853100000284,0.04977590099997542,3.17647634199966
2024-06-29 02:00:00+00:00,2024-06-29 04:00:00+00:00,7,58.53368725145781,63.83795709452022,5.304269843062407,9.061909632098738,65.94661677827587,72.15742212882446,6.210805350548597,9.417928703500314,7,7,0,0,0,1.0,1.0,0.0,0.0,0.0,0.0,0.04918892699970456,0.05010141799994017,4.324973490000048
2024-07-01 02:00:00+00:00,2024-07-01 04:00:00+00:00,6,41.826297444608215,37.31422148915075,-4.512075955457462,-10.787653297385301,44.16350112607742,40.15550145688778,-4.007999669189644,-9.075366687409261,6,6,0,0,0,1.0,1.0,0.0,0.0,0.0,0.0,0.05012717099998554,0.050267010999959894,3.6717624019997857
2024-07-01 04:00:00+00:00,2024-07-01 06:00:00+00:00,10,50.587080060109166,70.90538715854548,20.318307098436314,40.165012636217504,53.03932779664969,74.23578588897854,21.196458092328854,39.9636627628372,10,10,0,0,0,1.0,1.0,0.0,0.0,0.0,0.0,0.05033999599982053,0.05118257799995263,5.7544489349998
2024-07-01 06:00:00+00:00,2024-07-01 08:00:00+00:00,6,45.763219597054,45.763219597054,0.0,0.0,51.50420038922647,51.50420038922647,0.0,0.0,6,6,0,0,0,1.0,1.0,0.0,0.0,0.0,0.0,0.0500253610002801,0.05146343299975342,3.692716110999754
2024-07-04 02:00:00+00:00,2024-07-04 04:00:00+00:00,9,60.54003915532682,81.89124170976818,21.351202554441365,35.267903444298824,65.06170396393873,88.40665896671668,23.34495500277795,35.88125361075263,9,9,0,0,0,1.0,1.0,0.0,0.0,0.0,0.0,0.0512442369999917,0.05202149599972472,5.345673070999965
2024-07-04 16:00:00+00:00,2024-07-04 18:00:00+00:00,5,46.50305736070058,46.50305736070058,0.0,0.0,50.385668672481344,50.385668672481344,0.0,0.0,5,5,0,0,0,1.0,1.0,0.0,0.0,0.0,0.0,0.04963337299977866,0.050277901999834285,3.2955445389998204
2024-07-05 02:00:00+00:00,2024-07-05 04:00:00+00:00,6,51.192922228869,59.02923278143311,7.8363105525641075,15.30741010940964,56.10242031866618,65.33875359922015,9.236333280553978,16.46334191660694,6,6,0,0,0,1.0,1.0,0.0,0.0,0.0,0.0,0.051791669000067486,0.0554345169998669,3.666276682999978
2024-07-05 04:00:00+00:00,2024-07-05 06:00:00+00:00,7,61.208907316710274,78.52552522409131,17.316617907381037,28.291009701873133,68.16281736125819,86.726878547448,18.564061186189804,27.234879520606626,7,7,0,0,0,1.0,1.0,0.0,0.0,0.0,0.0,0.04979363799975545,0.050930491000144684,4.29852122300008
2024-07-06 02:00:00+00:00,2024-07-06 04:00:00+00:00,7,82.1468057485646,83.63108025550703,1.4842745069424268,1.8068560224794405,88.68774157271501,91.8923522056686,3.204610632953589,3.613363669122334,7,7,0,0,0,1.0,1.0,0.0,0.0,0.0,0.0,0.05102857000019867,0.05172285599974202,4.354990112999985
2024-07-08 02:00:00+00:00,2024-07-08 04:00:00+00:00,12,88.87238679766962,102.37735832295759,13.50497152528797,15.195914064999652,91.61163366451848,105.9555368312546,14.343903166736126,15.657294377331437,12,12,0,0,0,1.0,1.0,0.0,0.0,0.0,0.0,0.049745195000014064,0.05140238200010572,6.9613170500001615
2024-07-09 02:00:00+00:00,2024-07-09 04:00:00+00:00,6,47.44804535912963,47.71191731658416,0.2638719574545334,0.5561281933898695,48.37352166241624,47.84855451523785,-0.524967147178387,-1.0852365697952888,6,6,0,0,0,1.0,1.0,0.0,0.0,0.0,0.0,0.05032558399989284,0.05175389099986205,3.7032024290001573
2024-07-09 04:00:00+00:00,2024-07-09 06:00:00+00:00,6,65.15474819600587,67.29493973723388,2.140191541228006,3.2847821540030213,69.07487366712311,72.15833519669663,3.083461529573512,4.4639408888866585,6,6,0,0,0,1.0,1.0,0.0,0.0,0.0,0.0,0.0517602770000849,0.052499121999971976,3.743792054000096
2024-07-09 16:00:00+00:00,2024-07-09 18:00:00+00:00,5,67.32729507189842,67.33536382971641,0.008068757817994765,0.011984378414992294,74.79624810267259,74.5979937732491,-0.19825432942349153,-0.26505919006973233,5,5,0,0,0,1.0,1.0,0.0,0.0,0.0,0.0,0.05032464500027345,0.05081389999986641,3.3020407430003615
2024-07-10 02:00:00+00:00,2024-07-10 04:00:00+00:00,8,62.960049642184586,69.85001910917816,6.889969466993577,10.943399038200804,67.80629664537713,75.4522608485548,7.64596420317767,11.27618610874091,8,8,0,0,0,1.0,1.0,0.0,0.0,0.0,0.0,0.05155350900031408,0.05333014500001809,4.831562221999775
2024-07-10 04:00:00+00:00,2024-07-10 06:00:00+00:00,5,41.21796827425134,41.21796827425134,0.0,0.0,46.19438819652435,46.19438819652435,0.0,0.0,5,5,0,0,0,1.0,1.0,0.0,0.0,0.0,0.0,0.050159290000010515,0.05146384299996498,3.2212286129997665
2024-07-11 02:00:00+00:00,2024-07-11 04:00:00+00:00,10,54.63378291800552,54.63378291800552,0.0,0.0,58.98499978103286,58.98499978103286,0.0,0.0,10,10,0,0,0,1.0,1.0,0.0,0.0,0.0,0.0,0.05104977200016947,0.0523012970002128,5.789373347000037
2024-07-11 06:00:00+00:00,2024-07-11 08:00:00+00:00,8,60.91474636228653,76.94205240306917,16.02730604078264,26.311044530106503,68.0685504989413,84.21151713013616,16.142966631194852,23.7157490689418,8,8,0,0,0,1.0,1.0,0.0,0.0,0.0,0.0,0.04959514200027115,0.05073869299985745,4.770646037999995
2024-07-12 02:00:00+00:00,2024-07-12 04:00:00+00:00,7,56.795589663839834,56.795589663839834,0.0,0.0,59.86994833153783,59.86994833153783,0.0,0.0,7,7,0,0,0,1.0,1.0,0.0,0.0,0.0,0.0,0.04973007999979018,0.05026959699989675,4.270067379000011
2024-07-12 04:00:00+00:00,2024-07-12 06:00:00+00:00,12,70.04588024997093,103.26806442813495,33.222184178164014,47.42917650489202,78.7352736628284,112.67317146380144,33.93789780097303,43.10380369833579,12,12,0,0,0,1.0,1.0,0.0,0.0,0.0,0.0,0.051190654000038194,0.05261617499991189,6.91820511800006
2024-07-13 02:00:00+00:00,2024-07-13 04:00:00+00:00,15,93.59905556115534,94.66660090823257,1.0675453470772283,1.14055140906814,102.76332377048523,103.45093954814493,0.6876157776597012,0.6691256689939724,15,15,0,0,0,1.0,1.0,0.0,0.0,0.0,0.0,0.049827351000203635,0.05236688500008313,8.524315590999777
2024-07-15 02:00:00+00:00,2024-07-15 04:00:00+00:00,14,91.94285588111588,108.65188230392832,16.709026422812443,18.173273238779508,99.26824089097111,116.27749554251419,17.009254651543074,17.134638932732553,14,14,0,0,0,1.0,1.0,0.0,0.0,0.0,0.0,0.05182542000011381,0.05228766100026405,7.994105855000271
2024-07-15 04:00:00+00:00,2024-07-15 06:00:00+00:00,12,80.76871797707904,104.81056939136512,24.041851414286086,29.766290732890926,86.67524040111532,111.19959850737204,24.524358106256727,28.294537162819516,11,12,1,1,0,0.9166666666666666,1.0,0.08333333333333337,10.464877433333333,0.0,-10.464877433333333,0.05001877000040622,0.051430495000204246,6.340950897999846
2024-07-16 02:00:00+00:00,2024-07-16 04:00:00+00:00,13,98.45522711012886,104.68666854521841,6.23144143508955,6.329213407957772,108.78766716328558,116.4785702008121,7.690903037526525,7.069646071169824,13,13,0,0,0,1.0,1.0,0.0,0.0,0.0,0.0,0.05153632799965635,0.05370231799997782,7.5386362369999915
2024-07-16 04:00:00+00:00,2024-07-16 06:00:00+00:00,8,48.47754644669236,65.98978622874232,17.51223978204996,36.124435054292704,52.08410639710772,71.45801247911835,19.373906082010635,37.19734756375985,8,8,0,0,0,1.0,1.0,0.0,0.0,0.0,0.0,0.05078088700020089,0.05177211199998055,4.370565693999652
2024-07-16 18:00:00+00:00,2024-07-16 20:00:00+00:00,8,63.1653601367244,68.63159921201559,5.466239075291185,8.653855631408183,71.07032678616127,76.17878234777041,5.108455561609134,7.187888099881152,8,8,0,0,0,1.0,1.0,0.0,0.0,0.0,0.0,0.05129739399990285,0.052875244000006205,4.7873258700001315
2024-07-17 16:00:00+00:00,2024-07-17 18:00:00+00:00,10,92.94483959237616,109.69946187888044,16.754622286504286,18.02641476383654,104.20204524992195,124.44679519824251,20.24474994832056,19.428361410531647,10,10,0,0,0,1.0,1.0,0.0,0.0,0.0,0.0,0.05094599000040034,0.05132270000012795,5.917748617000143
2024-07-18 02:00:00+00:00,2024-07-18 04:00:00+00:00,12,89.44347702892642,118.9865215060054,29.54304447707898,33.029847964793035,100.94066643279996,130.85639816426556,29.9157317314656,29.636946920081648,12,12,0,0,0,1.0,1.0,0.0,0.0,0.0,0.0,0.05089455600000292,0.051776278000033926,6.858760488999906
2024-07-18 04:00:00+00:00,2024-07-18 06:00:00+00:00,6,80.28004038663042,90.19306639037428,9.913026003743866,12.348058067737034,88.64512177720837,97.76519222880471,9.120070451596334,10.288293668903508,6,6,0,0,0,1.0,1.0,0.0,0.0,0.0,0.0,0.04918538899983105,0.04989592000038101,3.7068170409997947
2024-07-19 02:00:00+00:00,2024-07-19 04:00:00+00:00,11,70.058653899415,88.59033323344131,18.531679334026308,26.451663431376677,74.92129929601738,95.64901614612863,20.72771685011125,27.665986902089244,11,11,0,0,0,1.0,1.0,0.0,0.0,0.0,0.0,0.05003707600008056,0.052121500999874115,6.350415587000043
2024-07-19 18:00:00+00:00,2024-07-19 20:00:00+00:00,7,65.50274777982347,65.8139954400063,0.3112476601828291,0.4751673337873337,69.83216255879925,70.57796437664264,0.7458018178433861,1.0679918686685592,7,7,0,0,0,1.0,1.0,0.0,0.0,0.0,0.0,0.05182344500008185,0.05168147599988515,4.353217685000345
2024-07-20 02:00:00+00:00,2024-07-20 04:00:00+00:00,10,90.51064780689684,91.07967649538453,0.5690286884876912,0.6286870133795812,97.52715648377821,97.771575110684,0.24441862690578375,0.25061596761148075,10,10,0,0,0,1.0,1.0,0.0,0.0,0.0,0.0,0.050116091999825585,0.05141861499987499,5.701990734999981
2024-07-21 20:00:00+00:00,2024-07-21 22:00:00+00:00,8,60.82510114621009,60.82510114621009,0.0,0.0,68.8089705854306,68.8089705854306,0.0,0.0,8,8,0,0,0,1.0,1.0,0.0,0.0,0.0,0.0,0.052768067000215524,0.05348814000035418,4.846094841000195
2024-07-22 02:00:00+00:00,2024-07-22 04:00:00+00:00,8,104.29135865735005,118.72983574874722,14.438477091397175,13.844365705153855,110.27089494573123,129.34366207467014,19.072767128938906,17.29628397259802,8,8,0,0,0,1.0,1.0,0.0,0.0,0.0,0.0,0.05041758400011531,0.051137342999936664,4.650757848000012
2024-07-22 04:00:00+00:00,2024-07-22 06:00:00+00:00,10,63.8751547421306,84.92950680988115,21.05435206775055,32.961723776245634,69.23742072616776,90.06815212621716,20.8307314000494,30.085943672619486,10,10,0,0,0,1.0,1.0,0.0,0.0,0.0,0.0,0.052377170999989175,0.05363306300023396,5.749424758000259
2024-07-23 02:00:00+00:00,2024-07-23 04:00:00+00:00,11,57.672752189970005,67.79217859846642,10.119426408496416,17.546286633181186,67.0052480036335,77.36771710114292,10.362469097509418,15.465160425863198,11,11,0,0,0,1.0,1.0,0.0,0.0,0.0,0.0,0.04979898800002047,0.05106626499991762,6.219657207999717
2024-07-23 04:00:00+00:00,2024-07-23 06:00:00+00:00,5,44.58283941169836,44.02854642056455,-0.5542929911338064,-1.2432877727127494,49.70442339567765,49.682534020704665,-0.02188937497298582,-0.044039088430285145,5,5,0,0,0,1.0,1.0,0.0,0.0,0.0,0.0,0.049646942999970634,0.049908458999652794,3.1201123529999677
2024-07-23 16:00:00+00:00,2024-07-23 18:00:00+00:00,6,86.27610183255018,86.27610183255018,0.0,0.0,91.27621586725667,91.27621586725667,0.0,0.0,6,6,0,0,0,1.0,1.0,0.0,0.0,0.0,0.0,0.05024121999986164,0.050530041999991226,3.6252770359997157
2024-07-24 02:00:00+00:00,2024-07-24 04:00:00+00:00,13,85.82023664142942,90.3000895597892,4.479852918359782,5.220042607290072,89.49325567600464,95.97117040584286,6.4779147298382185,7.238439009628195,13,13,0,0,0,1.0,1.0,0.0,0.0,0.0,0.0,0.05297973400001865,0.05424115400001028,7.269056314999943
2024-07-24 04:00:00+00:00,2024-07-24 06:00:00+00:00,6,68.89617457022385,79.11074677440712,10.21457220418327,14.826036812496543,73.05541258948634,85.03819134993384,11.982778760447502,16.402314812430458,6,6,0,0,0,1.0,1.0,0.0,0.0,0.0,0.0,0.05000409900003433,0.05050998700016862,3.666482805999749
2024-07-25 02:00:00+00:00,2024-07-25 04:00:00+00:00,10,90.10076586375976,101.27092092924609,11.170155065486327,12.397403016947246,97.96801499262955,111.0952335427815,13.127218550151952,13.399494264673582,10,10,0,0,0,1.0,1.0,0.0,0.0,0.0,0.0,0.04969762299970171,0.05074235199981558,5.684507884999675
2024-07-25 16:00:00+00:00,2024-07-25 18:00:00+00:00,8,106.87493353835396,101.73747849890793,-5.137455039446024,-4.8069784647888065,111.8092263402377,105.9462272391653,-5.862999101072404,-5.243752499665082,8,8,0,0,0,1.0,1.0,0.0,0.0,0.0,0.0,0.04954369500001121,0.05053588700002365,4.697491627999625
2024-07-26 02:00:00+00:00,2024-07-26 04:00:00+00:00,10,78.15577787016929,80.85746773822078,2.7016898680514885,3.456801200980276,82.82830300970112,85.74270993831462,2.914406928613502,3.5186123857591984,10,10,0,0,0,1.0,1.0,0.0,0.0,0.0,0.0,0.050137484000060795,0.051356646999920486,5.717818094999984
2024-07-26 08:00:00+00:00,2024-07-26 10:00:00+00:00,5,37.001079851703764,42.56272524694021,5.561645395236447,15.031035357689307,41.12203757737505,46.659502298001286,5.537464720626232,13.465929819763826,5,5,0,0,0,1.0,1.0,0.0,0.0,0.0,0.0,0.04964884999981223,0.05009113000005527,3.136309758000152
2024-07-26 14:00:00+00:00,2024-07-26 16:00:00+00:00,5,64.74547668059289,64.74547668059289,0.0,0.0,69.09634740102497,69.09634740102497,0.0,0.0,5,5,0,0,0,1.0,1.0,0.0,0.0,0.0,0.0,0.04999203699981081,0.05046214899994084,3.125908915999844
2024-07-29 04:00:00+00:00,2024-07-29 06:00:00+00:00,16,99.77921836744936,116.03422355560001,16.255005188150648,16.290972663555625,108.05659751916969,124.61473985873916,16.55814233956947,15.3235829368327,16,16,0,0,0,1.0,1.0,0.0,0.0,0.0,0.0,0.05033354699980919,0.052787249999710184,8.465645053999651
2024-07-30 16:00:00+00:00,2024-07-30 18:00:00+00:00,7,77.03633371846425,78.29031171265302,1.253977994188773,1.6277747572613477,87.42187253061516,88.14670549897878,0.7248329683636143,0.8291208451406455,7,7,0,0,0,1.0,1.0,0.0,0.0,0.0,0.0,0.05012872699990112,0.05053014599980088,4.16548517199999
2024-08-01 02:00:00+00:00,2024-08-01 04:00:00+00:00,6,50.43098697773756,44.25680476516081,-6.174182212576753,-12.242834381374108,55.24492877269648,48.82485868460877,-6.420070088087712,-11.621103023777781,6,6,0,0,0,1.0,1.0,0.0,0.0,0.0,0.0,0.049774270999932924,0.05058018699992317,3.650218807999863
2024-08-02 08:00:00+00:00,2024-08-02 10:00:00+00:00,6,51.640509269724646,51.640509269724646,0.0,0.0,52.869521981966884,52.869521981966884,0.0,0.0,6,6,0,0,0,1.0,1.0,0.0,0.0,0.0,0.0,0.050513120999767125,0.05086968700015859,3.647177172999818
2024-08-06 02:00:00+00:00,2024-08-06 04:00:00+00:00,5,89.63894670949284,89.01653980316844,-0.6224069063244002,-0.6943487503724615,96.0281815019574,95.87368199136286,-0.15449951059454747,-0.16088975983721843,5,5,0,0,0,1.0,1.0,0.0,0.0,0.0,0.0,0.050168452999969304,0.0504428120002558,3.174806164000074
2024-08-06 04:00:00+00:00,2024-08-06 06:00:00+00:00,13,114.46025597413244,147.41674790551835,32.95649193138591,28.79295669130248,128.21145499483694,160.56423281830192,32.352777823464976,25.233921434530025,10,13,3,3,0,0.7692307692307693,1.0,0.23076923076923073,119.68251735,0.0,-119.68251735,0.04975477100015269,0.051615519000279164,7.228837334000218
2024-08-07 02:00:00+00:00,2024-08-07 04:00:00+00:00,8,70.24199157096288,91.16332560173103,20.92133403076815,29.784653827236806,77.6596540918113,94.68351237580666,17.023858283995352,21.921110109335917,8,8,0,0,0,1.0,1.0,0.0,0.0,0.0,0.0,0.05012328999964666,0.051962206999633054,4.668597308999779
2024-08-08 02:00:00+00:00,2024-08-08 04:00:00+00:00,8,76.13798335396439,82.02270194138184,5.884718587417453,7.7290181958976785,80.31322136719552,87.43504824102267,7.121826873827146,8.867564708014694,8,8,0,0,0,1.0,1.0,0.0,0.0,0.0,0.0,0.050599054000031174,0.05077917700009493,4.681810237999798
2024-08-08 06:00:00+00:00,2024-08-08 08:00:00+00:00,7,72.2095235638418,88.40087962222574,16.191356058383946,22.422743232849147,75.03904736093976,92.38831525188567,17.34926789094591,23.120320021515575,6,7,1,1,0,0.8571428571428571,1.0,0.1428571428571429,4.041008933333333,0.0,-4.041008933333333,0.05037694900011047,0.050114108999878226,4.138496782999937
2024-08-09 02:00:00+00:00,2024-08-09 04:00:00+00:00,7,71.73836478500829,71.42617165367886,-0.3121931313294226,-0.43518294885174746,76.5180282402797,77.55377283841197,1.0357445981322684,1.3535955146150043,7,7,0,0,0,1.0,1.0,0.0,0.0,0.0,0.0,0.05027723600005629,0.05092840099996465,4.1386749620000955
2024-08-09 16:00:00+00:00,2024-08-09 18:00:00+00:00,11,93.29073649761696,109.50328356082052,16.21254706320356,17.378517601924706,102.20314294521933,119.78447474391294,17.58133179869361,17.20233966593099,11,11,0,0,0,1.0,1.0,0.0,0.0,0.0,0.0,0.050055748999966454,0.051225503999830835,6.1763545859998885
2024-08-10 04:00:00+00:00,2024-08-10 06:00:00+00:00,11,90.45318355917877,113.12111248891647,22.6679289297377,25.060399244994247,98.13660788788128,124.1615992441995,26.02499135631821,26.519147050661395,11,11,0,0,0,1.0,1.0,0.0,0.0,0.0,0.0,0.05248114900041401,0.05293311500008713,6.367535719999978
2024-08-13 02:00:00+00:00,2024-08-13 04:00:00+00:00,13,119.15112383223293,161.42195225490988,42.270828422676956,35.47665104879338,130.30581186099812,174.61402714511124,44.30821528411312,34.003253309513376,12,13,1,1,0,0.9230769230769231,1.0,0.07692307692307687,28.92621365,0.0,-28.92621365,0.05759501900001851,0.05879489900007684,8.314467543999854
2024-08-14 02:00:00+00:00,2024-08-14 04:00:00+00:00,5,38.2561663805996,38.2561663805996,0.0,0.0,44.61122958737181,44.61122958737181,0.0,0.0,5,5,0,0,0,1.0,1.0,0.0,0.0,0.0,0.0,0.0510998469999322,0.05201135500010423,3.3274218910000855
2024-08-14 04:00:00+00:00,2024-08-14 06:00:00+00:00,5,60.413917671684715,60.413917671684715,0.0,0.0,67.11728564347098,67.11728564347098,0.0,0.0,5,5,0,0,0,1.0,1.0,0.0,0.0,0.0,0.0,0.05439328000011301,0.05509584400033418,3.25978016199997
2024-08-15 04:00:00+00:00,2024-08-15 06:00:00+00:00,9,53.224873298461254,69.77408427248487,16.549210974023616,31.09300210302625,57.97769544062412,75.40012565318568,17.422430212561565,30.050228937443972,9,9,0,0,0,1.0,1.0,0.0,0.0,0.0,0.0,0.0511182289997123,0.05239704499990694,4.893058351000036
2024-08-16 02:00:00+00:00,2024-08-16 04:00:00+00:00,5,43.7927958990398,43.7927958990398,0.0,0.0,49.54593629830227,49.54593629830227,0.0,0.0,5,5,0,0,0,1.0,1.0,0.0,0.0,0.0,0.0,0.05129595300013534,0.051361539000026823,3.2726192699997227
2024-08-16 04:00:00+00:00,2024-08-16 06:00:00+00:00,7,77.7412794028988,98.82834076106822,21.08706135816942,27.1246646828186,82.89784027656674,105.81427081157332,22.916430535006583,27.64418283824038,7,7,0,0,0,1.0,1.0,0.0,0.0,0.0,0.0,0.05164860300010332,0.05221732300014992,4.351754498999981
2024-08-17 02:00:00+00:00,2024-08-17 04:00:00+00:00,6,34.63601597457345,37.10143386931163,2.4654178947381737,7.118075868044565,40.10783513437043,42.89429656879061,2.7864614344201755,6.947424175562933,6,6,0,0,0,1.0,1.0,0.0,0.0,0.0,0.0,0.05123583900012818,0.051489866000338225,3.2690252120000878
2024-08-17 04:00:00+00:00,2024-08-17 06:00:00+00:00,8,100.74790205582106,112.62878149341829,11.88087943759723,11.792681728513244,105.37570501821297,116.09853839763912,10.722833379426149,10.175811756203986,8,8,0,0,0,1.0,1.0,0.0,0.0,0.0,0.0,0.05123650899986387,0.05215849300020636,4.874454574999618
2024-08-19 04:00:00+00:00,2024-08-19 06:00:00+00:00,12,91.32516631062504,138.0876458804097,46.76247956978466,51.20437384228905,98.06009425289619,146.79558131051328,48.73548705761709,49.69961270068603,12,12,0,0,0,1.0,1.0,0.0,0.0,0.0,0.0,0.051623450000079174,0.05293643000004522,7.054927904000124
2024-08-20 04:00:00+00:00,2024-08-20 06:00:00+00:00,10,112.44615645517031,113.4675257512348,1.021369296064492,0.9083185484171603,122.76839265606773,126.29687264878773,3.528479992719994,2.874094802727387,9,10,1,1,0,0.9,1.0,0.09999999999999998,32.94140816666667,0.0,-32.94140816666667,0.05201736700018955,0.053512464000050386,6.156309864999912
2024-08-21 02:00:00+00:00,2024-08-21 04:00:00+00:00,7,81.36833258818322,86.724504817842,5.356172229658782,6.582625032722664,86.02155406457845,93.61743535803056,7.595881293452109,8.830207005734515,7,7,0,0,0,1.0,1.0,0.0,0.0,0.0,0.0,0.05180051800016372,0.05241070900001432,4.6048753410000245
2024-08-22 04:00:00+00:00,2024-08-22 06:00:00+00:00,9,76.20160113835155,95.03750400973996,18.835902871388413,24.718513246447362,77.90627309811858,99.04750294411332,21.141229845994744,27.136749077148835,9,9,0,0,0,1.0,1.0,0.0,0.0,0.0,0.0,0.05162248499982525,0.05290208499991422,5.629612708999957
