wave_start,wave_end,algorithm,number_of_deliveries,deliveries_with_deadline,deliveries_without_deadline,on_time_deliveries,late_deliveries,on_time_rate,total_lateness_minutes,mean_lateness_minutes,max_lateness_minutes,total_distance_km,total_travel_time_minutes,routing_runtime_seconds,matrix_preparation_seconds,returned_to_depot
2023-10-02 04:00:00+00:00,2023-10-02 06:00:00+00:00,nearest_neighbor,5,5,0,5,0,1.0,0.0,0.0,0.0,57.32448403424207,61.6449552881404,0.050404510000134906,3.4977458240000487,True
2023-10-02 04:00:00+00:00,2023-10-02 06:00:00+00:00,priority_nearest_neighbor,5,5,0,5,0,1.0,0.0,0.0,0.0,73.31787469794497,78.54994237284268,0.05067140999972253,3.4977458240000487,True
2024-01-29 04:00:00+00:00,2024-01-29 06:00:00+00:00,nearest_neighbor,5,5,0,5,0,1.0,0.0,0.0,0.0,56.23648386196553,63.22817350093929,0.050454908999654435,3.498353307000343,True
2024-01-29 04:00:00+00:00,2024-01-29 06:00:00+00:00,priority_nearest_neighbor,5,5,0,5,0,1.0,0.0,0.0,0.0,60.96238746470781,67.81183835983867,0.05119357099965782,3.498353307000343,True
2024-01-31 02:00:00+00:00,2024-01-31 04:00:00+00:00,nearest_neighbor,6,6,0,6,0,1.0,0.0,0.0,0.0,45.9253061034011,49.167119771896225,0.05059243299956506,4.07514290600011,True
2024-01-31 02:00:00+00:00,2024-01-31 04:00:00+00:00,priority_nearest_neighbor,6,6,0,6,0,1.0,0.0,0.0,0.0,50.95578367239693,53.75303235546469,0.05162677599992094,4.07514290600011,True
2024-02-01 04:00:00+00:00,2024-02-01 06:00:00+00:00,nearest_neighbor,10,10,0,10,0,1.0,0.0,0.0,0.0,58.60132888141967,66.38025312335434,0.0509925410001415,6.347583140000097,True
2024-02-01 04:00:00+00:00,2024-02-01 06:00:00+00:00,priority_nearest_neighbor,10,10,0,10,0,1.0,0.0,0.0,0.0,85.64978173475815,94.07126024677426,0.05204371799982255,6.347583140000097,True
2024-02-02 04:00:00+00:00,2024-02-02 06:00:00+00:00,nearest_neighbor,6,6,0,6,0,1.0,0.0,0.0,0.0,30.5252127910072,33.31456172949571,0.05057949800038841,4.105463215999862,True
2024-02-02 04:00:00+00:00,2024-02-02 06:00:00+00:00,priority_nearest_neighbor,6,6,0,6,0,1.0,0.0,0.0,0.0,30.844674433615467,33.70336678664949,0.05128894100016623,4.105463215999862,True
2024-02-04 06:00:00+00:00,2024-02-04 08:00:00+00:00,nearest_neighbor,6,6,0,6,0,1.0,0.0,0.0,0.0,28.508063376983337,33.0033980186204,0.053285024000160774,4.096363535999899,True
2024-02-04 06:00:00+00:00,2024-02-04 08:00:00+00:00,priority_nearest_neighbor,6,6,0,6,0,1.0,0.0,0.0,0.0,28.508063376983337,33.0033980186204,0.05382214200017188,4.096363535999899,True
2024-02-06 04:00:00+00:00,2024-02-06 06:00:00+00:00,nearest_neighbor,5,5,0,5,0,1.0,0.0,0.0,0.0,48.91915093343699,52.769524214568094,0.05075352100038799,3.472746745999757,True
2024-02-06 04:00:00+00:00,2024-02-06 06:00:00+00:00,priority_nearest_neighbor,5,5,0,5,0,1.0,0.0,0.0,0.0,60.91015773421254,65.97002057646664,0.05077231399991433,3.472746745999757,True
2024-02-20 02:00:00+00:00,2024-02-20 04:00:00+00:00,nearest_neighbor,5,5,0,5,0,1.0,0.0,0.0,0.0,52.756157424985815,59.278601013356095,0.05054575299982389,3.4932500059999256,True
2024-02-20 02:00:00+00:00,2024-02-20 04:00:00+00:00,priority_nearest_neighbor,5,5,0,5,0,1.0,0.0,0.0,0.0,52.756157424985815,59.278601013356095,0.05117005000010977,3.4932500059999256,True
2024-02-21 02:00:00+00:00,2024-02-21 04:00:00+00:00,nearest_neighbor,5,5,0,5,0,1.0,0.0,0.0,0.0,54.07678980608435,57.41065461762011,0.05094412400012516,3.4963044440000886,True
2024-02-21 02:00:00+00:00,2024-02-21 04:00:00+00:00,priority_nearest_neighbor,5,5,0,5,0,1.0,0.0,0.0,0.0,52.80856694163259,55.24382178722985,0.05136099099991043,3.4963044440000886,True
2024-02-27 04:00:00+00:00,2024-02-27 06:00:00+00:00,nearest_neighbor,5,5,0,5,0,1.0,0.0,0.0,0.0,55.95157169906435,60.52579968485277,0.05094260099986059,3.501456789999793,True
2024-02-27 04:00:00+00:00,2024-02-27 06:00:00+00:00,priority_nearest_neighbor,5,5,0,5,0,1.0,0.0,0.0,0.0,59.03566284231113,63.74832697455595,0.05149252199998955,3.501456789999793,True
2024-03-08 02:00:00+00:00,2024-03-08 04:00:00+00:00,nearest_neighbor,5,5,0,5,0,1.0,0.0,0.0,0.0,42.29254167096016,48.068711995210435,0.050908348000120895,3.482378191999942,True
2024-03-08 02:00:00+00:00,2024-03-08 04:00:00+00:00,priority_nearest_neighbor,5,5,0,5,0,1.0,0.0,0.0,0.0,47.42244046407341,54.05781914139426,0.051538807000270026,3.482378191999942,True
2024-03-08 04:00:00+00:00,2024-03-08 06:00:00+00:00,nearest_neighbor,6,6,0,6,0,1.0,0.0,0.0,0.0,42.749953642253956,48.123393520719475,0.05084361199988052,2.895107930999984,True
2024-03-08 04:00:00+00:00,2024-03-08 06:00:00+00:00,priority_nearest_neighbor,6,6,0,6,0,1.0,0.0,0.0,0.0,42.749953642253956,48.123393520719475,0.0512829529998271,2.895107930999984,True
2024-03-18 02:00:00+00:00,2024-03-18 04:00:00+00:00,nearest_neighbor,6,6,0,6,0,1.0,0.0,0.0,0.0,64.52278254500737,67.42297333503042,0.05630765300020357,4.063987906999955,True
2024-03-18 02:00:00+00:00,2024-03-18 04:00:00+00:00,priority_nearest_neighbor,6,6,0,6,0,1.0,0.0,0.0,0.0,68.68900360528744,73.48847584425206,0.05403415299997505,4.063987906999955,True
2024-03-22 02:00:00+00:00,2024-03-22 04:00:00+00:00,nearest_neighbor,5,5,0,5,0,1.0,0.0,0.0,0.0,45.39983069477543,49.60557963802089,0.05063476500026809,3.4684814020001795,True
2024-03-22 02:00:00+00:00,2024-03-22 04:00:00+00:00,priority_nearest_neighbor,5,5,0,5,0,1.0,0.0,0.0,0.0,46.97940271675256,51.39063377822491,0.057138535999911255,3.4684814020001795,True
2024-04-04 02:00:00+00:00,2024-04-04 04:00:00+00:00,nearest_neighbor,7,7,0,7,0,1.0,0.0,0.0,0.0,55.699862210980065,61.58692507180673,0.05056241600004796,4.629381483000088,True
2024-04-04 02:00:00+00:00,2024-04-04 04:00:00+00:00,priority_nearest_neighbor,7,7,0,7,0,1.0,0.0,0.0,0.0,66.10811397753619,73.1348564995521,0.05131821399982073,4.629381483000088,True
2024-04-05 02:00:00+00:00,2024-04-05 04:00:00+00:00,nearest_neighbor,5,5,0,5,0,1.0,0.0,0.0,0.0,50.838655330615495,55.63750422711835,0.05119046499976321,3.5470139439999,True
2024-04-05 02:00:00+00:00,2024-04-05 04:00:00+00:00,priority_nearest_neighbor,5,5,0,5,0,1.0,0.0,0.0,0.0,55.108678908254305,59.229841426450044,0.05158529000027556,3.5470139439999,True
2024-04-10 04:00:00+00:00,2024-04-10 06:00:00+00:00,nearest_neighbor,5,5,0,5,0,1.0,0.0,0.0,0.0,46.26640599892636,50.86627268557288,0.050636225000289414,3.5403587709997737,True
2024-04-10 04:00:00+00:00,2024-04-10 06:00:00+00:00,priority_nearest_neighbor,5,5,0,5,0,1.0,0.0,0.0,0.0,44.38670110525073,49.93486675729015,0.05067356400013523,3.5403587709997737,True
2024-04-19 04:00:00+00:00,2024-04-19 06:00:00+00:00,nearest_neighbor,5,5,0,5,0,1.0,0.0,0.0,0.0,31.142219349500685,35.3107340615728,0.050113211999814666,2.4040526499998123,True
2024-04-19 04:00:00+00:00,2024-04-19 06:00:00+00:00,priority_nearest_neighbor,5,5,0,5,0,1.0,0.0,0.0,0.0,31.142219349500685,35.3107340615728,0.05026384099983261,2.4040526499998123,True
2024-04-22 02:00:00+00:00,2024-04-22 04:00:00+00:00,nearest_neighbor,8,8,0,8,0,1.0,0.0,0.0,0.0,43.59640053210937,48.316837985532494,0.05076964999989286,5.212472111999887,True
2024-04-22 02:00:00+00:00,2024-04-22 04:00:00+00:00,priority_nearest_neighbor,8,8,0,8,0,1.0,0.0,0.0,0.0,42.49940627306474,46.94117637869363,0.05155549899973266,5.212472111999887,True
2024-04-22 04:00:00+00:00,2024-04-22 06:00:00+00:00,nearest_neighbor,5,5,0,5,0,1.0,0.0,0.0,0.0,56.74263981033898,64.43846537033492,0.049939734999952634,3.473517387999891,True
2024-04-22 04:00:00+00:00,2024-04-22 06:00:00+00:00,priority_nearest_neighbor,5,5,0,5,0,1.0,0.0,0.0,0.0,62.2558751902268,69.87462928014551,0.05099642999994103,3.473517387999891,True
2024-04-23 02:00:00+00:00,2024-04-23 04:00:00+00:00,nearest_neighbor,8,8,0,8,0,1.0,0.0,0.0,0.0,41.490239340877245,47.69970868629707,0.049829987999601144,5.220632846000171,True
2024-04-23 02:00:00+00:00,2024-04-23 04:00:00+00:00,priority_nearest_neighbor,8,8,0,8,0,1.0,0.0,0.0,0.0,53.949448821178684,62.251871808223854,0.05075893299999734,5.220632846000171,True
2024-04-26 02:00:00+00:00,2024-04-26 04:00:00+00:00,nearest_neighbor,6,6,0,6,0,1.0,0.0,0.0,0.0,49.13847177240126,53.11262135267413,0.050824416000068595,4.068631553000159,True
2024-04-26 02:00:00+00:00,2024-04-26 04:00:00+00:00,priority_nearest_neighbor,6,6,0,6,0,1.0,0.0,0.0,0.0,49.13847177240126,53.11262135267413,0.05144434400017417,4.068631553000159,True
2024-05-04 02:00:00+00:00,2024-05-04 04:00:00+00:00,nearest_neighbor,8,8,0,8,0,1.0,0.0,0.0,0.0,70.46718258793143,73.49802521797892,0.050975287000255776,5.248183056000016,True
2024-05-04 02:00:00+00:00,2024-05-04 04:00:00+00:00,priority_nearest_neighbor,8,8,0,8,0,1.0,0.0,0.0,0.0,66.0625008992486,69.98455322851439,0.0517614729997149,5.248183056000016,True
2024-05-16 04:00:00+00:00,2024-05-16 06:00:00+00:00,nearest_neighbor,6,6,0,6,0,1.0,0.0,0.0,0.0,42.85867182334422,48.16126386268422,0.05062848400029907,2.910509302999799,True
2024-05-16 04:00:00+00:00,2024-05-16 06:00:00+00:00,priority_nearest_neighbor,6,6,0,6,0,1.0,0.0,0.0,0.0,46.36689595786185,51.20043713938175,0.051001533000089694,2.910509302999799,True
2024-05-24 02:00:00+00:00,2024-05-24 04:00:00+00:00,nearest_neighbor,5,5,0,5,0,1.0,0.0,0.0,0.0,28.983287564107933,33.112566904582465,0.05072938100011015,3.5216944620001414,True
2024-05-24 02:00:00+00:00,2024-05-24 04:00:00+00:00,priority_nearest_neighbor,5,5,0,5,0,1.0,0.0,0.0,0.0,30.37655787470508,34.65458441566439,0.050926833000175975,3.5216944620001414,True
2024-05-27 02:00:00+00:00,2024-05-27 04:00:00+00:00,nearest_neighbor,5,5,0,5,0,1.0,0.0,0.0,0.0,22.104358599307155,24.991667928591035,0.05117326100025821,3.514662215000044,True
2024-05-27 02:00:00+00:00,2024-05-27 04:00:00+00:00,priority_nearest_neighbor,5,5,0,5,0,1.0,0.0,0.0,0.0,27.15229717261418,30.807839067170903,0.051473400999839214,3.514662215000044,True
2024-05-27 04:00:00+00:00,2024-05-27 06:00:00+00:00,nearest_neighbor,5,5,0,5,0,1.0,0.0,0.0,0.0,61.5062412947393,61.93456930492727,0.05058804999998756,3.4655164829996465,True
2024-05-27 04:00:00+00:00,2024-05-27 06:00:00+00:00,priority_nearest_neighbor,5,5,0,5,0,1.0,0.0,0.0,0.0,60.9732919953487,61.481635233917025,0.05159694399981163,3.4655164829996465,True
2024-05-27 06:00:00+00:00,2024-05-27 08:00:00+00:00,nearest_neighbor,6,6,0,6,0,1.0,0.0,0.0,0.0,53.522530646434724,58.6401498923029,0.04919497299988507,3.9982982189999348,True
2024-05-27 06:00:00+00:00,2024-05-27 08:00:00+00:00,priority_nearest_neighbor,6,6,0,6,0,1.0,0.0,0.0,0.0,70.51964588787625,76.78020265353013,0.049621955000020534,3.9982982189999348,True
2024-06-10 04:00:00+00:00,2024-06-10 06:00:00+00:00,nearest_neighbor,5,5,0,5,0,1.0,0.0,0.0,0.0,38.316835506337085,42.64905861310468,0.04932605700014392,3.135481972999969,True
2024-06-10 04:00:00+00:00,2024-06-10 06:00:00+00:00,priority_nearest_neighbor,5,5,0,5,0,1.0,0.0,0.0,0.0,39.759626649331814,44.79420961116762,0.04987771199967028,3.135481972999969,True
2024-06-13 04:00:00+00:00,2024-06-13 06:00:00+00:00,nearest_neighbor,5,5,0,5,0,1.0,0.0,0.0,0.0,56.69767385118966,58.651239882176064,0.049221288000353525,3.139144858000236,True
2024-06-13 04:00:00+00:00,2024-06-13 06:00:00+00:00,priority_nearest_neighbor,5,5,0,5,0,1.0,0.0,0.0,0.0,62.29921139110834,63.29942055019977,0.04968028899975252,3.139144858000236,True
2024-06-14 02:00:00+00:00,2024-06-14 04:00:00+00:00,nearest_neighbor,8,8,0,8,0,1.0,0.0,0.0,0.0,51.21326317586882,55.750882243067394,0.05173588700017717,4.216568547999941,True
2024-06-14 02:00:00+00:00,2024-06-14 04:00:00+00:00,priority_nearest_neighbor,8,8,0,8,0,1.0,0.0,0.0,0.0,55.303203120314265,60.97001328931938,0.052201344999957655,4.216568547999941,True
2024-06-19 02:00:00+00:00,2024-06-19 04:00:00+00:00,nearest_neighbor,5,5,0,5,0,1.0,0.0,0.0,0.0,30.64800606361119,34.62075749106991,0.0511698210002578,3.5861153109999577,True
2024-06-19 02:00:00+00:00,2024-06-19 04:00:00+00:00,priority_nearest_neighbor,5,5,0,5,0,1.0,0.0,0.0,0.0,30.64800606361119,34.62075749106991,0.0517904569996972,3.5861153109999577,True
2024-06-19 04:00:00+00:00,2024-06-19 06:00:00+00:00,nearest_neighbor,10,10,0,10,0,1.0,0.0,0.0,0.0,54.123775728401384,61.002042811199246,0.05133359000001292,6.274393334000251,True
2024-06-19 04:00:00+00:00,2024-06-19 06:00:00+00:00,priority_nearest_neighbor,10,10,0,10,0,1.0,0.0,0.0,0.0,78.57347504800639,87.00787782761014,0.05144658299968796,6.274393334000251,True
2024-06-22 08:00:00+00:00,2024-06-22 10:00:00+00:00,nearest_neighbor,6,6,0,6,0,1.0,0.0,0.0,0.0,84.21689671959427,94.5279855035088,0.049626778999936505,3.747422250999989,True
2024-06-22 08:00:00+00:00,2024-06-22 10:00:00+00:00,priority_nearest_neighbor,6,6,0,6,0,1.0,0.0,0.0,0.0,84.39660094478475,92.71553245884974,0.050377426000068226,3.747422250999989,True
2024-06-25 02:00:00+00:00,2024-06-25 04:00:00+00:00,nearest_neighbor,9,9,0,9,0,1.0,0.0,0.0,0.0,50.89055907876424,56.63660809171955,0.04940222999994148,5.464821828999902,True
2024-06-25 02:00:00+00:00,2024-06-25 04:00:00+00:00,priority_nearest_neighbor,9,9,0,9,0,1.0,0.0,0.0,0.0,63.93683276902773,71.15560049014763,0.050215462000323896,5.464821828999902,True
2024-06-26 02:00:00+00:00,2024-06-26 04:00:00+00:00,nearest_neighbor,5,5,0,5,0,1.0,0.0,0.0,0.0,30.288997881101373,31.525039266148642,0.05050909799956571,3.25781157099982,True
2024-06-26 02:00:00+00:00,2024-06-26 04:00:00+00:00,priority_nearest_neighbor,5,5,0,5,0,1.0,0.0,0.0,0.0,35.59001514244673,37.29101233399683,0.051949370999864186,3.25781157099982,True
2024-06-26 04:00:00+00:00,2024-06-26 06:00:00+00:00,nearest_neighbor,5,5,0,5,0,1.0,0.0,0.0,0.0,34.42367785071482,36.99612760262214,0.04932870099992215,3.226879942999858,True
2024-06-26 04:00:00+00:00,2024-06-26 06:00:00+00:00,priority_nearest_neighbor,5,5,0,5,0,1.0,0.0,0.0,0.0,38.48444304963073,42.419918354746855,0.0499327259999518,3.226879942999858,True
2024-06-27 02:00:00+00:00,2024-06-27 04:00:00+00:00,nearest_neighbor,6,6,0,6,0,1.0,0.0,0.0,0.0,34.902882196432806,40.03232756677802,0.049974940000083734,3.717084096000235,True
2024-06-27 02:00:00+00:00,2024-06-27 04:00:00+00:00,priority_nearest_neighbor,6,6,0,6,0,1.0,0.0,0.0,0.0,33.17099734236488,38.62646406292387,0.050174645999959466,3.717084096000235,True
2024-06-28 02:00:00+00:00,2024-06-28 04:00:00+00:00,nearest_neighbor,6,6,0,6,0,1.0,0.0,0.0,0.0,51.31617546362011,51.40555124248597,0.05005029900030422,3.6687388440000177,True
2024-06-28 02:00:00+00:00,2024-06-28 04:00:00+00:00,priority_nearest_neighbor,6,6,0,6,0,1.0,0.0,0.0,0.0,55.59215939304865,56.66973321525214,0.05027729299990824,3.6687388440000177,True
2024-06-28 04:00:00+00:00,2024-06-28 06:00:00+00:00,nearest_neighbor,5,5,0,5,0,1.0,0.0,0.0,0.0,39.98738802007367,42.04315174315723,0.04982853100000284,3.17647634199966,True
2024-06-28 04:00:00+00:00,2024-06-28 06:00:00+00:00,priority_nearest_neighbor,5,5,0,5,0,1.0,0.0,0.0,0.0,41.68772819598002,44.46511700266369,0.04977590099997542,3.17647634199966,True
2024-06-29 02:00:00+00:00,2024-06-29 04:00:00+00:00,nearest_neighbor,7,7,0,7,0,1.0,0.0,0.0,0.0,58.53368725145781,65.94661677827587,0.04918892699970456,4.324973490000048,True
2024-06-29 02:00:00+00:00,2024-06-29 04:00:00+00:00,priority_nearest_neighbor,7,7,0,7,0,1.0,0.0,0.0,0.0,63.83795709452022,72.15742212882446,0.05010141799994017,4.324973490000048,True
2024-07-01 02:00:00+00:00,2024-07-01 04:00:00+00:00,nearest_neighbor,6,6,0,6,0,1.0,0.0,0.0,0.0,41.826297444608215,44.16350112607742,0.05012717099998554,3.6717624019997857,True
2024-07-01 02:00:00+00:00,2024-07-01 04:00:00+00:00,priority_nearest_neighbor,6,6,0,6,0,1.0,0.0,0.0,0.0,37.31422148915075,40.15550145688778,0.050267010999959894,3.6717624019997857,True
2024-07-01 04:00:00+00:00,2024-07-01 06:00:00+00:00,nearest_neighbor,10,10,0,10,0,1.0,0.0,0.0,0.0,50.587080060109166,53.03932779664969,0.05033999599982053,5.7544489349998,True
2024-07-01 04:00:00+00:00,2024-07-01 06:00:00+00:00,priority_nearest_neighbor,10,10,0,10,0,1.0,0.0,0.0,0.0,70.90538715854548,74.23578588897854,0.05118257799995263,5.7544489349998,True
2024-07-01 06:00:00+00:00,2024-07-01 08:00:00+00:00,nearest_neighbor,6,6,0,6,0,1.0,0.0,0.0,0.0,45.763219597054,51.50420038922647,0.0500253610002801,3.692716110999754,True
2024-07-01 06:00:00+00:00,2024-07-01 08:00:00+00:00,priority_nearest_neighbor,6,6,0,6,0,1.0,0.0,0.0,0.0,45.763219597054,51.50420038922647,0.05146343299975342,3.692716110999754,True
2024-07-04 02:00:00+00:00,2024-07-04 04:00:00+00:00,nearest_neighbor,9,9,0,9,0,1.0,0.0,0.0,0.0,60.54003915532682,65.06170396393873,0.0512442369999917,5.345673070999965,True
2024-07-04 02:00:00+00:00,2024-07-04 04:00:00+00:00,priority_nearest_neighbor,9,9,0,9,0,1.0,0.0,0.0,0.0,81.89124170976818,88.40665896671668,0.05202149599972472,5.345673070999965,True
2024-07-04 16:00:00+00:00,2024-07-04 18:00:00+00:00,nearest_neighbor,5,5,0,5,0,1.0,0.0,0.0,0.0,46.50305736070058,50.385668672481344,0.04963337299977866,3.2955445389998204,True
2024-07-04 16:00:00+00:00,2024-07-04 18:00:00+00:00,priority_nearest_neighbor,5,5,0,5,0,1.0,0.0,0.0,0.0,46.50305736070058,50.385668672481344,0.050277901999834285,3.2955445389998204,True
2024-07-05 02:00:00+00:00,2024-07-05 04:00:00+00:00,nearest_neighbor,6,6,0,6,0,1.0,0.0,0.0,0.0,51.192922228869,56.10242031866618,0.051791669000067486,3.666276682999978,True
2024-07-05 02:00:00+00:00,2024-07-05 04:00:00+00:00,priority_nearest_neighbor,6,6,0,6,0,1.0,0.0,0.0,0.0,59.02923278143311,65.33875359922015,0.0554345169998669,3.666276682999978,True
2024-07-05 04:00:00+00:00,2024-07-05 06:00:00+00:00,nearest_neighbor,7,7,0,7,0,1.0,0.0,0.0,0.0,61.208907316710274,68.16281736125819,0.04979363799975545,4.29852122300008,True
2024-07-05 04:00:00+00:00,2024-07-05 06:00:00+00:00,priority_nearest_neighbor,7,7,0,7,0,1.0,0.0,0.0,0.0,78.52552522409131,86.726878547448,0.050930491000144684,4.29852122300008,True
2024-07-06 02:00:00+00:00,2024-07-06 04:00:00+00:00,nearest_neighbor,7,7,0,7,0,1.0,0.0,0.0,0.0,82.1468057485646,88.68774157271501,0.05102857000019867,4.354990112999985,True
2024-07-06 02:00:00+00:00,2024-07-06 04:00:00+00:00,priority_nearest_neighbor,7,7,0,7,0,1.0,0.0,0.0,0.0,83.63108025550703,91.8923522056686,0.05172285599974202,4.354990112999985,True
2024-07-08 02:00:00+00:00,2024-07-08 04:00:00+00:00,nearest_neighbor,12,12,0,12,0,1.0,0.0,0.0,0.0,88.87238679766962,91.61163366451848,0.049745195000014064,6.9613170500001615,True
2024-07-08 02:00:00+00:00,2024-07-08 04:00:00+00:00,priority_nearest_neighbor,12,12,0,12,0,1.0,0.0,0.0,0.0,102.37735832295759,105.9555368312546,0.05140238200010572,6.9613170500001615,True
2024-07-09 02:00:00+00:00,2024-07-09 04:00:00+00:00,nearest_neighbor,6,6,0,6,0,1.0,0.0,0.0,0.0,47.44804535912963,48.37352166241624,0.05032558399989284,3.7032024290001573,True
2024-07-09 02:00:00+00:00,2024-07-09 04:00:00+00:00,priority_nearest_neighbor,6,6,0,6,0,1.0,0.0,0.0,0.0,47.71191731658416,47.84855451523785,0.05175389099986205,3.7032024290001573,True
2024-07-09 04:00:00+00:00,2024-07-09 06:00:00+00:00,nearest_neighbor,6,6,0,6,0,1.0,0.0,0.0,0.0,65.15474819600587,69.07487366712311,0.0517602770000849,3.743792054000096,True
2024-07-09 04:00:00+00:00,2024-07-09 06:00:00+00:00,priority_nearest_neighbor,6,6,0,6,0,1.0,0.0,0.0,0.0,67.29493973723388,72.15833519669663,0.052499121999971976,3.743792054000096,True
2024-07-09 16:00:00+00:00,2024-07-09 18:00:00+00:00,nearest_neighbor,5,5,0,5,0,1.0,0.0,0.0,0.0,67.32729507189842,74.79624810267259,0.05032464500027345,3.3020407430003615,True
2024-07-09 16:00:00+00:00,2024-07-09 18:00:00+00:00,priority_nearest_neighbor,5,5,0,5,0,1.0,0.0,0.0,0.0,67.33536382971641,74.5979937732491,0.05081389999986641,3.3020407430003615,True
2024-07-10 02:00:00+00:00,2024-07-10 04:00:00+00:00,nearest_neighbor,8,8,0,8,0,1.0,0.0,0.0,0.0,62.960049642184586,67.80629664537713,0.05155350900031408,4.831562221999775,True
2024-07-10 02:00:00+00:00,2024-07-10 04:00:00+00:00,priority_nearest_neighbor,8,8,0,8,0,1.0,0.0,0.0,0.0,69.85001910917816,75.4522608485548,0.05333014500001809,4.831562221999775,True
2024-07-10 04:00:00+00:00,2024-07-10 06:00:00+00:00,nearest_neighbor,5,5,0,5,0,1.0,0.0,0.0,0.0,41.21796827425134,46.19438819652435,0.050159290000010515,3.2212286129997665,True
2024-07-10 04:00:00+00:00,2024-07-10 06:00:00+00:00,priority_nearest_neighbor,5,5,0,5,0,1.0,0.0,0.0,0.0,41.21796827425134,46.19438819652435,0.05146384299996498,3.2212286129997665,True
2024-07-11 02:00:00+00:00,2024-07-11 04:00:00+00:00,nearest_neighbor,10,10,0,10,0,1.0,0.0,0.0,0.0,54.63378291800552,58.98499978103286,0.05104977200016947,5.789373347000037,True
2024-07-11 02:00:00+00:00,2024-07-11 04:00:00+00:00,priority_nearest_neighbor,10,10,0,10,0,1.0,0.0,0.0,0.0,54.63378291800552,58.98499978103286,0.0523012970002128,5.789373347000037,True
2024-07-11 06:00:00+00:00,2024-07-11 08:00:00+00:00,nearest_neighbor,8,8,0,8,0,1.0,0.0,0.0,0.0,60.91474636228653,68.0685504989413,0.04959514200027115,4.770646037999995,True
2024-07-11 06:00:00+00:00,2024-07-11 08:00:00+00:00,priority_nearest_neighbor,8,8,0,8,0,1.0,0.0,0.0,0.0,76.94205240306917,84.21151713013616,0.05073869299985745,4.770646037999995,True
2024-07-12 02:00:00+00:00,2024-07-12 04:00:00+00:00,nearest_neighbor,7,7,0,7,0,1.0,0.0,0.0,0.0,56.795589663839834,59.86994833153783,0.04973007999979018,4.270067379000011,True
2024-07-12 02:00:00+00:00,2024-07-12 04:00:00+00:00,priority_nearest_neighbor,7,7,0,7,0,1.0,0.0,0.0,0.0,56.795589663839834,59.86994833153783,0.05026959699989675,4.270067379000011,True
2024-07-12 04:00:00+00:00,2024-07-12 06:00:00+00:00,nearest_neighbor,12,12,0,12,0,1.0,0.0,0.0,0.0,70.04588024997093,78.7352736628284,0.051190654000038194,6.91820511800006,True
2024-07-12 04:00:00+00:00,2024-07-12 06:00:00+00:00,priority_nearest_neighbor,12,12,0,12,0,1.0,0.0,0.0,0.0,103.26806442813495,112.67317146380144,0.05261617499991189,6.91820511800006,True
2024-07-13 02:00:00+00:00,2024-07-13 04:00:00+00:00,nearest_neighbor,15,15,0,15,0,1.0,0.0,0.0,0.0,93.59905556115534,102.76332377048523,0.049827351000203635,8.524315590999777,True
2024-07-13 02:00:00+00:00,2024-07-13 04:00:00+00:00,priority_nearest_neighbor,15,15,0,15,0,1.0,0.0,0.0,0.0,94.66660090823257,103.45093954814493,0.05236688500008313,8.524315590999777,True
2024-07-15 02:00:00+00:00,2024-07-15 04:00:00+00:00,nearest_neighbor,14,14,0,14,0,1.0,0.0,0.0,0.0,91.94285588111588,99.26824089097111,0.05182542000011381,7.994105855000271,True
2024-07-15 02:00:00+00:00,2024-07-15 04:00:00+00:00,priority_nearest_neighbor,14,14,0,14,0,1.0,0.0,0.0,0.0,108.65188230392832,116.27749554251419,0.05228766100026405,7.994105855000271,True
2024-07-15 04:00:00+00:00,2024-07-15 06:00:00+00:00,nearest_neighbor,12,12,0,11,1,0.9166666666666666,10.464877433333333,0.8720731194444444,10.464877433333333,80.76871797707904,86.67524040111532,0.05001877000040622,6.340950897999846,True
2024-07-15 04:00:00+00:00,2024-07-15 06:00:00+00:00,priority_nearest_neighbor,12,12,0,12,0,1.0,0.0,0.0,0.0,104.81056939136512,111.19959850737204,0.051430495000204246,6.340950897999846,True
2024-07-16 02:00:00+00:00,2024-07-16 04:00:00+00:00,nearest_neighbor,13,13,0,13,0,1.0,0.0,0.0,0.0,98.45522711012886,108.78766716328558,0.05153632799965635,7.5386362369999915,True
2024-07-16 02:00:00+00:00,2024-07-16 04:00:00+00:00,priority_nearest_neighbor,13,13,0,13,0,1.0,0.0,0.0,0.0,104.68666854521841,116.4785702008121,0.05370231799997782,7.5386362369999915,True
2024-07-16 04:00:00+00:00,2024-07-16 06:00:00+00:00,nearest_neighbor,8,8,0,8,0,1.0,0.0,0.0,0.0,48.47754644669236,52.08410639710772,0.05078088700020089,4.370565693999652,True
2024-07-16 04:00:00+00:00,2024-07-16 06:00:00+00:00,priority_nearest_neighbor,8,8,0,8,0,1.0,0.0,0.0,0.0,65.98978622874232,71.45801247911835,0.05177211199998055,4.370565693999652,True
2024-07-16 18:00:00+00:00,2024-07-16 20:00:00+00:00,nearest_neighbor,8,8,0,8,0,1.0,0.0,0.0,0.0,63.1653601367244,71.07032678616127,0.05129739399990285,4.7873258700001315,True
2024-07-16 18:00:00+00:00,2024-07-16 20:00:00+00:00,priority_nearest_neighbor,8,8,0,8,0,1.0,0.0,0.0,0.0,68.63159921201559,76.17878234777041,0.052875244000006205,4.7873258700001315,True
2024-07-17 16:00:00+00:00,2024-07-17 18:00:00+00:00,nearest_neighbor,10,10,0,10,0,1.0,0.0,0.0,0.0,92.94483959237616,104.20204524992195,0.05094599000040034,5.917748617000143,True
2024-07-17 16:00:00+00:00,2024-07-17 18:00:00+00:00,priority_nearest_neighbor,10,10,0,10,0,1.0,0.0,0.0,0.0,109.69946187888044,124.44679519824251,0.05132270000012795,5.917748617000143,True
2024-07-18 02:00:00+00:00,2024-07-18 04:00:00+00:00,nearest_neighbor,12,12,0,12,0,1.0,0.0,0.0,0.0,89.44347702892642,100.94066643279996,0.05089455600000292,6.858760488999906,True
2024-07-18 02:00:00+00:00,2024-07-18 04:00:00+00:00,priority_nearest_neighbor,12,12,0,12,0,1.0,0.0,0.0,0.0,118.9865215060054,130.85639816426556,0.051776278000033926,6.858760488999906,True
2024-07-18 04:00:00+00:00,2024-07-18 06:00:00+00:00,nearest_neighbor,6,6,0,6,0,1.0,0.0,0.0,0.0,80.28004038663042,88.64512177720837,0.04918538899983105,3.7068170409997947,True
2024-07-18 04:00:00+00:00,2024-07-18 06:00:00+00:00,priority_nearest_neighbor,6,6,0,6,0,1.0,0.0,0.0,0.0,90.19306639037428,97.76519222880471,0.04989592000038101,3.7068170409997947,True
2024-07-19 02:00:00+00:00,2024-07-19 04:00:00+00:00,nearest_neighbor,11,11,0,11,0,1.0,0.0,0.0,0.0,70.058653899415,74.92129929601738,0.05003707600008056,6.350415587000043,True
2024-07-19 02:00:00+00:00,2024-07-19 04:00:00+00:00,priority_nearest_neighbor,11,11,0,11,0,1.0,0.0,0.0,0.0,88.59033323344131,95.64901614612863,0.052121500999874115,6.350415587000043,True
2024-07-19 18:00:00+00:00,2024-07-19 20:00:00+00:00,nearest_neighbor,7,7,0,7,0,1.0,0.0,0.0,0.0,65.50274777982347,69.83216255879925,0.05182344500008185,4.353217685000345,True
2024-07-19 18:00:00+00:00,2024-07-19 20:00:00+00:00,priority_nearest_neighbor,7,7,0,7,0,1.0,0.0,0.0,0.0,65.8139954400063,70.57796437664264,0.05168147599988515,4.353217685000345,True
2024-07-20 02:00:00+00:00,2024-07-20 04:00:00+00:00,nearest_neighbor,10,10,0,10,0,1.0,0.0,0.0,0.0,90.51064780689684,97.52715648377821,0.050116091999825585,5.701990734999981,True
2024-07-20 02:00:00+00:00,2024-07-20 04:00:00+00:00,priority_nearest_neighbor,10,10,0,10,0,1.0,0.0,0.0,0.0,91.07967649538453,97.771575110684,0.05141861499987499,5.701990734999981,True
2024-07-21 20:00:00+00:00,2024-07-21 22:00:00+00:00,nearest_neighbor,8,8,0,8,0,1.0,0.0,0.0,0.0,60.82510114621009,68.8089705854306,0.052768067000215524,4.846094841000195,True
2024-07-21 20:00:00+00:00,2024-07-21 22:00:00+00:00,priority_nearest_neighbor,8,8,0,8,0,1.0,0.0,0.0,0.0,60.82510114621009,68.8089705854306,0.05348814000035418,4.846094841000195,True
2024-07-22 02:00:00+00:00,2024-07-22 04:00:00+00:00,nearest_neighbor,8,8,0,8,0,1.0,0.0,0.0,0.0,104.29135865735005,110.27089494573123,0.05041758400011531,4.650757848000012,True
2024-07-22 02:00:00+00:00,2024-07-22 04:00:00+00:00,priority_nearest_neighbor,8,8,0,8,0,1.0,0.0,0.0,0.0,118.72983574874722,129.34366207467014,0.051137342999936664,4.650757848000012,True
2024-07-22 04:00:00+00:00,2024-07-22 06:00:00+00:00,nearest_neighbor,10,10,0,10,0,1.0,0.0,0.0,0.0,63.8751547421306,69.23742072616776,0.052377170999989175,5.749424758000259,True
2024-07-22 04:00:00+00:00,2024-07-22 06:00:00+00:00,priority_nearest_neighbor,10,10,0,10,0,1.0,0.0,0.0,0.0,84.92950680988115,90.06815212621716,0.05363306300023396,5.749424758000259,True
2024-07-23 02:00:00+00:00,2024-07-23 04:00:00+00:00,nearest_neighbor,11,11,0,11,0,1.0,0.0,0.0,0.0,57.672752189970005,67.0052480036335,0.04979898800002047,6.219657207999717,True
2024-07-23 02:00:00+00:00,2024-07-23 04:00:00+00:00,priority_nearest_neighbor,11,11,0,11,0,1.0,0.0,0.0,0.0,67.79217859846642,77.36771710114292,0.05106626499991762,6.219657207999717,True
2024-07-23 04:00:00+00:00,2024-07-23 06:00:00+00:00,nearest_neighbor,5,5,0,5,0,1.0,0.0,0.0,0.0,44.58283941169836,49.70442339567765,0.049646942999970634,3.1201123529999677,True
2024-07-23 04:00:00+00:00,2024-07-23 06:00:00+00:00,priority_nearest_neighbor,5,5,0,5,0,1.0,0.0,0.0,0.0,44.02854642056455,49.682534020704665,0.049908458999652794,3.1201123529999677,True
2024-07-23 16:00:00+00:00,2024-07-23 18:00:00+00:00,nearest_neighbor,6,6,0,6,0,1.0,0.0,0.0,0.0,86.27610183255018,91.27621586725667,0.05024121999986164,3.6252770359997157,True
2024-07-23 16:00:00+00:00,2024-07-23 18:00:00+00:00,priority_nearest_neighbor,6,6,0,6,0,1.0,0.0,0.0,0.0,86.27610183255018,91.27621586725667,0.050530041999991226,3.6252770359997157,True
2024-07-24 02:00:00+00:00,2024-07-24 04:00:00+00:00,nearest_neighbor,13,13,0,13,0,1.0,0.0,0.0,0.0,85.82023664142942,89.49325567600464,0.05297973400001865,7.269056314999943,True
2024-07-24 02:00:00+00:00,2024-07-24 04:00:00+00:00,priority_nearest_neighbor,13,13,0,13,0,1.0,0.0,0.0,0.0,90.3000895597892,95.97117040584286,0.05424115400001028,7.269056314999943,True
2024-07-24 04:00:00+00:00,2024-07-24 06:00:00+00:00,nearest_neighbor,6,6,0,6,0,1.0,0.0,0.0,0.0,68.89617457022385,73.05541258948634,0.05000409900003433,3.666482805999749,True
2024-07-24 04:00:00+00:00,2024-07-24 06:00:00+00:00,priority_nearest_neighbor,6,6,0,6,0,1.0,0.0,0.0,0.0,79.11074677440712,85.03819134993384,0.05050998700016862,3.666482805999749,True
2024-07-25 02:00:00+00:00,2024-07-25 04:00:00+00:00,nearest_neighbor,10,10,0,10,0,1.0,0.0,0.0,0.0,90.10076586375976,97.96801499262955,0.04969762299970171,5.684507884999675,True
2024-07-25 02:00:00+00:00,2024-07-25 04:00:00+00:00,priority_nearest_neighbor,10,10,0,10,0,1.0,0.0,0.0,0.0,101.27092092924609,111.0952335427815,0.05074235199981558,5.684507884999675,True
2024-07-25 16:00:00+00:00,2024-07-25 18:00:00+00:00,nearest_neighbor,8,8,0,8,0,1.0,0.0,0.0,0.0,106.87493353835396,111.8092263402377,0.04954369500001121,4.697491627999625,True
2024-07-25 16:00:00+00:00,2024-07-25 18:00:00+00:00,priority_nearest_neighbor,8,8,0,8,0,1.0,0.0,0.0,0.0,101.73747849890793,105.9462272391653,0.05053588700002365,4.697491627999625,True
2024-07-26 02:00:00+00:00,2024-07-26 04:00:00+00:00,nearest_neighbor,10,10,0,10,0,1.0,0.0,0.0,0.0,78.15577787016929,82.82830300970112,0.050137484000060795,5.717818094999984,True
2024-07-26 02:00:00+00:00,2024-07-26 04:00:00+00:00,priority_nearest_neighbor,10,10,0,10,0,1.0,0.0,0.0,0.0,80.85746773822078,85.74270993831462,0.051356646999920486,5.717818094999984,True
2024-07-26 08:00:00+00:00,2024-07-26 10:00:00+00:00,nearest_neighbor,5,5,0,5,0,1.0,0.0,0.0,0.0,37.001079851703764,41.12203757737505,0.04964884999981223,3.136309758000152,True
2024-07-26 08:00:00+00:00,2024-07-26 10:00:00+00:00,priority_nearest_neighbor,5,5,0,5,0,1.0,0.0,0.0,0.0,42.56272524694021,46.659502298001286,0.05009113000005527,3.136309758000152,True
2024-07-26 14:00:00+00:00,2024-07-26 16:00:00+00:00,nearest_neighbor,5,5,0,5,0,1.0,0.0,0.0,0.0,64.74547668059289,69.09634740102497,0.04999203699981081,3.125908915999844,True
2024-07-26 14:00:00+00:00,2024-07-26 16:00:00+00:00,priority_nearest_neighbor,5,5,0,5,0,1.0,0.0,0.0,0.0,64.74547668059289,69.09634740102497,0.05046214899994084,3.125908915999844,True
2024-07-29 04:00:00+00:00,2024-07-29 06:00:00+00:00,nearest_neighbor,16,16,0,16,0,1.0,0.0,0.0,0.0,99.77921836744936,108.05659751916969,0.05033354699980919,8.465645053999651,True
2024-07-29 04:00:00+00:00,2024-07-29 06:00:00+00:00,priority_nearest_neighbor,16,16,0,16,0,1.0,0.0,0.0,0.0,116.03422355560001,124.61473985873916,0.052787249999710184,8.465645053999651,True
2024-07-30 16:00:00+00:00,2024-07-30 18:00:00+00:00,nearest_neighbor,7,7,0,7,0,1.0,0.0,0.0,0.0,77.03633371846425,87.42187253061516,0.05012872699990112,4.16548517199999,True
2024-07-30 16:00:00+00:00,2024-07-30 18:00:00+00:00,priority_nearest_neighbor,7,7,0,7,0,1.0,0.0,0.0,0.0,78.29031171265302,88.14670549897878,0.05053014599980088,4.16548517199999,True
2024-08-01 02:00:00+00:00,2024-08-01 04:00:00+00:00,nearest_neighbor,6,6,0,6,0,1.0,0.0,0.0,0.0,50.43098697773756,55.24492877269648,0.049774270999932924,3.650218807999863,True
2024-08-01 02:00:00+00:00,2024-08-01 04:00:00+00:00,priority_nearest_neighbor,6,6,0,6,0,1.0,0.0,0.0,0.0,44.25680476516081,48.82485868460877,0.05058018699992317,3.650218807999863,True
2024-08-02 08:00:00+00:00,2024-08-02 10:00:00+00:00,nearest_neighbor,6,6,0,6,0,1.0,0.0,0.0,0.0,51.640509269724646,52.869521981966884,0.050513120999767125,3.647177172999818,True
2024-08-02 08:00:00+00:00,2024-08-02 10:00:00+00:00,priority_nearest_neighbor,6,6,0,6,0,1.0,0.0,0.0,0.0,51.640509269724646,52.869521981966884,0.05086968700015859,3.647177172999818,True
2024-08-06 02:00:00+00:00,2024-08-06 04:00:00+00:00,nearest_neighbor,5,5,0,5,0,1.0,0.0,0.0,0.0,89.63894670949284,96.0281815019574,0.050168452999969304,3.174806164000074,True
2024-08-06 02:00:00+00:00,2024-08-06 04:00:00+00:00,priority_nearest_neighbor,5,5,0,5,0,1.0,0.0,0.0,0.0,89.01653980316844,95.87368199136286,0.0504428120002558,3.174806164000074,True
2024-08-06 04:00:00+00:00,2024-08-06 06:00:00+00:00,nearest_neighbor,13,13,0,10,3,0.7692307692307693,119.68251735,9.206347488461539,56.14768851666667,114.46025597413244,128.21145499483694,0.04975477100015269,7.228837334000218,True
2024-08-06 04:00:00+00:00,2024-08-06 06:00:00+00:00,priority_nearest_neighbor,13,13,0,13,0,1.0,0.0,0.0,0.0,147.41674790551835,160.56423281830192,0.051615519000279164,7.228837334000218,True
2024-08-07 02:00:00+00:00,2024-08-07 04:00:00+00:00,nearest_neighbor,8,8,0,8,0,1.0,0.0,0.0,0.0,70.24199157096288,77.6596540918113,0.05012328999964666,4.668597308999779,True
2024-08-07 02:00:00+00:00,2024-08-07 04:00:00+00:00,priority_nearest_neighbor,8,8,0,8,0,1.0,0.0,0.0,0.0,91.16332560173103,94.68351237580666,0.051962206999633054,4.668597308999779,True
2024-08-08 02:00:00+00:00,2024-08-08 04:00:00+00:00,nearest_neighbor,8,8,0,8,0,1.0,0.0,0.0,0.0,76.13798335396439,80.31322136719552,0.050599054000031174,4.681810237999798,True
2024-08-08 02:00:00+00:00,2024-08-08 04:00:00+00:00,priority_nearest_neighbor,8,8,0,8,0,1.0,0.0,0.0,0.0,82.02270194138184,87.43504824102267,0.05077917700009493,4.681810237999798,True
2024-08-08 06:00:00+00:00,2024-08-08 08:00:00+00:00,nearest_neighbor,7,7,0,6,1,0.8571428571428571,4.041008933333333,0.5772869904761905,4.041008933333333,72.2095235638418,75.03904736093976,0.05037694900011047,4.138496782999937,True
2024-08-08 06:00:00+00:00,2024-08-08 08:00:00+00:00,priority_nearest_neighbor,7,7,0,7,0,1.0,0.0,0.0,0.0,88.40087962222574,92.38831525188567,0.050114108999878226,4.138496782999937,True
2024-08-09 02:00:00+00:00,2024-08-09 04:00:00+00:00,nearest_neighbor,7,7,0,7,0,1.0,0.0,0.0,0.0,71.73836478500829,76.5180282402797,0.05027723600005629,4.1386749620000955,True
2024-08-09 02:00:00+00:00,2024-08-09 04:00:00+00:00,priority_nearest_neighbor,7,7,0,7,0,1.0,0.0,0.0,0.0,71.42617165367886,77.55377283841197,0.05092840099996465,4.1386749620000955,True
2024-08-09 16:00:00+00:00,2024-08-09 18:00:00+00:00,nearest_neighbor,11,11,0,11,0,1.0,0.0,0.0,0.0,93.29073649761696,102.20314294521933,0.050055748999966454,6.1763545859998885,True
2024-08-09 16:00:00+00:00,2024-08-09 18:00:00+00:00,priority_nearest_neighbor,11,11,0,11,0,1.0,0.0,0.0,0.0,109.50328356082052,119.78447474391294,0.051225503999830835,6.1763545859998885,True
2024-08-10 04:00:00+00:00,2024-08-10 06:00:00+00:00,nearest_neighbor,11,11,0,11,0,1.0,0.0,0.0,0.0,90.45318355917877,98.13660788788128,0.05248114900041401,6.367535719999978,True
2024-08-10 04:00:00+00:00,2024-08-10 06:00:00+00:00,priority_nearest_neighbor,11,11,0,11,0,1.0,0.0,0.0,0.0,113.12111248891647,124.1615992441995,0.05293311500008713,6.367535719999978,True
2024-08-13 02:00:00+00:00,2024-08-13 04:00:00+00:00,nearest_neighbor,13,13,0,12,1,0.9230769230769231,28.92621365,2.225093357692308,28.92621365,119.15112383223293,130.30581186099812,0.05759501900001851,8.314467543999854,True
2024-08-13 02:00:00+00:00,2024-08-13 04:00:00+00:00,priority_nearest_neighbor,13,13,0,13,0,1.0,0.0,0.0,0.0,161.42195225490988,174.61402714511124,0.05879489900007684,8.314467543999854,True
2024-08-14 02:00:00+00:00,2024-08-14 04:00:00+00:00,nearest_neighbor,5,5,0,5,0,1.0,0.0,0.0,0.0,38.2561663805996,44.61122958737181,0.0510998469999322,3.3274218910000855,True
2024-08-14 02:00:00+00:00,2024-08-14 04:00:00+00:00,priority_nearest_neighbor,5,5,0,5,0,1.0,0.0,0.0,0.0,38.2561663805996,44.61122958737181,0.05201135500010423,3.3274218910000855,True
2024-08-14 04:00:00+00:00,2024-08-14 06:00:00+00:00,nearest_neighbor,5,5,0,5,0,1.0,0.0,0.0,0.0,60.413917671684715,67.11728564347098,0.05439328000011301,3.25978016199997,True
2024-08-14 04:00:00+00:00,2024-08-14 06:00:00+00:00,priority_nearest_neighbor,5,5,0,5,0,1.0,0.0,0.0,0.0,60.413917671684715,67.11728564347098,0.05509584400033418,3.25978016199997,True
2024-08-15 04:00:00+00:00,2024-08-15 06:00:00+00:00,nearest_neighbor,9,9,0,9,0,1.0,0.0,0.0,0.0,53.224873298461254,57.97769544062412,0.0511182289997123,4.893058351000036,True
2024-08-15 04:00:00+00:00,2024-08-15 06:00:00+00:00,priority_nearest_neighbor,9,9,0,9,0,1.0,0.0,0.0,0.0,69.77408427248487,75.40012565318568,0.05239704499990694,4.893058351000036,True
2024-08-16 02:00:00+00:00,2024-08-16 04:00:00+00:00,nearest_neighbor,5,5,0,5,0,1.0,0.0,0.0,0.0,43.7927958990398,49.54593629830227,0.05129595300013534,3.2726192699997227,True
2024-08-16 02:00:00+00:00,2024-08-16 04:00:00+00:00,priority_nearest_neighbor,5,5,0,5,0,1.0,0.0,0.0,0.0,43.7927958990398,49.54593629830227,0.051361539000026823,3.2726192699997227,True
2024-08-16 04:00:00+00:00,2024-08-16 06:00:00+00:00,nearest_neighbor,7,7,0,7,0,1.0,0.0,0.0,0.0,77.7412794028988,82.89784027656674,0.05164860300010332,4.351754498999981,True
2024-08-16 04:00:00+00:00,2024-08-16 06:00:00+00:00,priority_nearest_neighbor,7,7,0,7,0,1.0,0.0,0.0,0.0,98.82834076106822,105.81427081157332,0.05221732300014992,4.351754498999981,True
2024-08-17 02:00:00+00:00,2024-08-17 04:00:00+00:00,nearest_neighbor,6,6,0,6,0,1.0,0.0,0.0,0.0,34.63601597457345,40.10783513437043,0.05123583900012818,3.2690252120000878,True
2024-08-17 02:00:00+00:00,2024-08-17 04:00:00+00:00,priority_nearest_neighbor,6,6,0,6,0,1.0,0.0,0.0,0.0,37.10143386931163,42.89429656879061,0.051489866000338225,3.2690252120000878,True
2024-08-17 04:00:00+00:00,2024-08-17 06:00:00+00:00,nearest_neighbor,8,8,0,8,0,1.0,0.0,0.0,0.0,100.74790205582106,105.37570501821297,0.05123650899986387,4.874454574999618,True
2024-08-17 04:00:00+00:00,2024-08-17 06:00:00+00:00,priority_nearest_neighbor,8,8,0,8,0,1.0,0.0,0.0,0.0,112.62878149341829,116.09853839763912,0.05215849300020636,4.874454574999618,True
2024-08-19 04:00:00+00:00,2024-08-19 06:00:00+00:00,nearest_neighbor,12,12,0,12,0,1.0,0.0,0.0,0.0,91.32516631062504,98.06009425289619,0.051623450000079174,7.054927904000124,True
2024-08-19 04:00:00+00:00,2024-08-19 06:00:00+00:00,priority_nearest_neighbor,12,12,0,12,0,1.0,0.0,0.0,0.0,138.0876458804097,146.79558131051328,0.05293643000004522,7.054927904000124,True
2024-08-20 04:00:00+00:00,2024-08-20 06:00:00+00:00,nearest_neighbor,10,10,0,9,1,0.9,32.94140816666667,3.294140816666667,32.94140816666667,112.44615645517031,122.76839265606773,0.05201736700018955,6.156309864999912,True
2024-08-20 04:00:00+00:00,2024-08-20 06:00:00+00:00,priority_nearest_neighbor,10,10,0,10,0,1.0,0.0,0.0,0.0,113.4675257512348,126.29687264878773,0.053512464000050386,6.156309864999912,True
2024-08-21 02:00:00+00:00,2024-08-21 04:00:00+00:00,nearest_neighbor,7,7,0,7,0,1.0,0.0,0.0,0.0,81.36833258818322,86.02155406457845,0.05180051800016372,4.6048753410000245,True
2024-08-21 02:00:00+00:00,2024-08-21 04:00:00+00:00,priority_nearest_neighbor,7,7,0,7,0,1.0,0.0,0.0,0.0,86.724504817842,93.61743535803056,0.05241070900001432,4.6048753410000245,True
2024-08-22 04:00:00+00:00,2024-08-22 06:00:00+00:00,nearest_neighbor,9,9,0,9,0,1.0,0.0,0.0,0.0,76.20160113835155,77.90627309811858,0.05162248499982525,5.629612708999957,True
2024-08-22 04:00:00+00:00,2024-08-22 06:00:00+00:00,priority_nearest_neighbor,9,9,0,9,0,1.0,0.0,0.0,0.0,95.03750400973996,99.04750294411332,0.05290208499991422,5.629612708999957,True
