sequence,delivery_id,service_type,priority_score,priority_rank_in_wave,latitude,longitude,road_node
1,6691ee35407172f67458f318,3h,0.2875305675724451,1,10.7716134,106.6865374,4604903935
2,6691f28f407172f67458f6e4,3h,0.2591944313498969,3,10.7683009,106.673066,5058499831
3,6691f6cc407172f67458fe89,3h,0.23206890500421,6,10.7786823,106.6636601,5074798739
4,6691f5c8407172f67458fe0f,5h,0.173625275443309,12,10.7720543,106.656435,4537175218
5,6691f95f407172f674590606,3h,0.2178389857432737,9,10.7856993,106.6511768,6269039028
6,6691f563407172f67458fe02,5h,0.1754121239141456,11,10.7951906,106.6633816,366419728
7,6691f629407172f67458fe62,5h,0.1718936622696506,13,10.7909167,106.6716078,3798940828
8,6691eec3407172f67458f66a,3h,0.2834350504993704,2,10.7587245,106.6837029,4611394688
9,6691f9d6407172f674590660,3h,0.2152816098049567,10,10.7320514,106.7080562,2156215360
10,6691f697407172f67458fe70,5h,0.1699125226094486,14,10.7815014,106.6296,6631418424
11,6691f3c3407172f67458fa49,3h,0.2499729472168478,4,10.8014917,106.6262555,5722292349
12,6691f730407172f67459020f,3h,0.2298506290305262,7,10.8449788,106.6500627,5763943823
13,6691f52e407172f67458fdf8,3h,0.2415313705273708,5,10.8381938,106.6017477,5748143156
14,6691f8a2407172f674590285,3h,0.2219498715452227,8,10.8499236,106.7529832,5758041286
15,6691f934407172f6745905e3,5h,0.1575453184062607,15,10.8204837,106.7788366,4887809487
