delivery_id,rank_balanced,rank_deadline_focus,rank_service_focus,rank_waiting_focus,score_balanced,score_deadline_focus,score_service_focus,score_waiting_focus,rank_min,rank_max,rank_range
6691ee35407172f67458f318,1,1,1,1,0.2875305675724451,0.22924116540035405,0.429374623739833,0.3205547179213304,1,1,0
6691eec3407172f67458f66a,2,2,2,2,0.28343505049937046,0.22526073277754932,0.42582438355755753,0.3155686706066467,2,2,0
6691f28f407172f67458f6e4,3,3,3,3,0.25919443134989695,0.20275202155655636,0.4041807125234167,0.28353537955639874,3,3,0
6691f3c3407172f67458fa49,4,4,4,4,0.24997294721684782,0.1939298216603963,0.3961028804681915,0.27197239063485856,4,4,0
6691f52e407172f67458fdf8,5,5,5,5,0.24153137052737086,0.18644076984087365,0.3883560253601635,0.25997851775406977,5,5,0
6691f563407172f67458fe02,11,11,11,11,0.17541212391414568,0.13465331239546044,0.27855559223823495,0.1945450901461121,11,11,0
6691f5c8407172f67458fe0f,12,12,12,12,0.17362527544330902,0.13323983305764936,0.2768127495582084,0.19159412848538854,12,12,0
6691f629407172f67458fe62,13,13,13,13,0.17189366226965067,0.1318715677654231,0.27512286963173954,0.18873073842024435,13,13,0
6691f697407172f67458fe70,14,14,14,14,0.16991252260944864,0.13030793459279627,0.2731883970280228,0.18545041224083164,14,14,0
6691f6cc407172f67458fe89,6,6,6,6,0.23206890500421,0.17818723994017244,0.379587568292001,0.24619523690853168,6,6,0
6691f730407172f67459020f,7,7,7,7,0.22985062903052628,0.17628838386620369,0.3775103817745409,0.24287761177947942,7,7,0
6691f8a2407172f674590285,8,8,8,8,0.2219498715452227,0.16967942235265454,0.3700196603289801,0.23069143033916964,8,8,0
6691f934407172f6745905e3,15,15,15,15,0.1575453184062607,0.12058800060765304,0.26108791132448617,0.16487467888385826,15,15,0
6691f95f407172f674590606,9,9,9,9,0.21783898574327373,0.16624676934288526,0.36611846772201573,0.22433615296569703,9,9,0
6691f9d6407172f674590660,10,10,10,10,0.21528160980495675,0.1641387379467475,0.36367509144913873,0.22031674373540241,10,10,0
