wave_start,wave_size,mean_road_distance_km,mean_travel_time_minutes,mean_travel_efficiency
2023-05-11 04:00:00+00:00,2,3.3586131349012613,3.8184408014775237,0.5
2023-05-12 14:00:00+00:00,2,8.377157916712823,9.268890846408237,0.5
2023-05-13 10:00:00+00:00,2,4.043509888306277,4.495868701847763,0.5
2023-05-16 08:00:00+00:00,2,15.187982227061262,17.500212040000754,0.5
2023-05-18 14:00:00+00:00,2,7.045472671974976,7.696940094190623,0.5
2023-05-19 04:00:00+00:00,2,3.450861082306586,3.9836686172917366,0.5
2023-05-20 08:00:00+00:00,2,5.299425852625534,6.078607928640699,0.5
2023-05-22 04:00:00+00:00,2,4.3129271101711835,4.880669528143038,0.5
2023-05-22 16:00:00+00:00,2,6.59316642773377,7.00990478899615,0.5
2023-05-26 00:00:00+00:00,2,12.933226231495007,12.883332481370234,0.5
2023-05-30 04:00:00+00:00,3,4.890630308798213,5.364965674789221,0.44982451084903907
2023-05-31 04:00:00+00:00,2,9.371099352197,9.80926426053865,0.5
2023-06-02 06:00:00+00:00,2,2.1525663482961517,2.3545611796859665,0.5
2023-06-04 06:00:00+00:00,2,8.24607220871723,9.05793291632257,0.5
2023-06-06 08:00:00+00:00,2,3.8399877854275593,4.28175313583839,0.5
2023-06-06 12:00:00+00:00,2,8.95063026272944,9.780982176205177,0.5
2023-06-07 02:00:00+00:00,2,3.850280461567121,4.2069029918525125,0.5
2023-06-12 04:00:00+00:00,2,8.466045541970725,9.61905973991103,0.5
2023-06-20 04:00:00+00:00,2,7.923256278845175,8.640491848759568,0.5
2023-06-22 06:00:00+00:00,2,3.9337759148209375,4.606512253382814,0.5
2023-06-23 06:00:00+00:00,2,8.12612130301121,9.344578176055423,0.5
2023-06-28 12:00:00+00:00,2,7.792376408541175,8.602963354694989,0.5
2023-06-30 04:00:00+00:00,2,5.181135640923985,5.7400241738980515,0.5
2023-07-03 06:00:00+00:00,2,7.796656984040496,7.932555463525221,0.5
2023-07-04 04:00:00+00:00,2,10.017983422556497,10.659191010309641,0.5
2023-07-05 04:00:00+00:00,3,6.637493998192025,7.344322643649477,0.6666666666666666
2023-07-10 08:00:00+00:00,2,4.318919616400386,5.0639367438689415,0.5
2023-07-11 08:00:00+00:00,2,3.9020340470850376,4.146399539301316,0.5
2023-07-15 04:00:00+00:00,2,6.696224476535573,7.070542254139877,0.5
2023-07-18 16:00:00+00:00,2,4.3830166129661965,4.822439913429362,0.5
2023-07-20 04:00:00+00:00,3,4.681097726135824,5.12086510978664,0.39840286666536123
2023-07-20 08:00:00+00:00,2,1.5521092739281865,1.9150051692253505,0.5
2023-07-24 06:00:00+00:00,2,10.238386310612237,10.612726647734359,0.5
2023-07-25 00:00:00+00:00,2,2.9017970357678022,3.3426218779330457,0.5
2023-07-25 06:00:00+00:00,3,7.070634896830271,7.644785921947192,0.5000097936640813
2023-07-26 02:00:00+00:00,2,1.7731934467837414,1.8925825018434654,0.5
2023-07-29 04:00:00+00:00,2,5.344015579121375,5.967262657598813,0.5
2023-07-29 06:00:00+00:00,2,7.963009808194135,8.745452069396343,0.5
2023-08-01 06:00:00+00:00,4,3.1239852525813774,3.5288375557660943,0.5555008669644651
2023-08-02 08:00:00+00:00,2,2.9045418067335613,3.263065301938541,0.5
2023-08-06 14:00:00+00:00,2,2.965271274128199,3.2732082079483127,0.5
2023-08-07 04:00:00+00:00,2,5.251078382306591,5.675206868140041,0.5
2023-08-14 04:00:00+00:00,3,3.7260091643479285,4.2633797979822425,0.5703623380390206
2023-08-16 04:00:00+00:00,3,5.705520442915351,6.372409729398822,0.5515836593547211
2023-08-21 02:00:00+00:00,4,4.825371424147081,5.349405937272618,0.5323133287918814
2023-08-24 04:00:00+00:00,3,6.409330463858228,6.823893197176019,0.6427197237694995
2023-08-25 04:00:00+00:00,2,3.3886494984874567,3.9198628311840213,0.5
2023-08-26 02:00:00+00:00,3,3.674039077069009,4.022574498363931,0.5457088619381153
2023-08-26 06:00:00+00:00,2,7.0312541629883505,7.542985241613667,0.5
2023-08-31 04:00:00+00:00,3,4.082150202755289,4.727826716748765,0.5160974842121763
2023-09-05 10:00:00+00:00,3,3.344119464651561,3.936077064884094,0.6666666666666666
2023-09-08 08:00:00+00:00,3,4.878369870133251,5.538126255917001,0.5027144045447948
2023-09-11 06:00:00+00:00,3,5.803720112673361,6.384858989038439,0.4278592930822591
2023-09-13 04:00:00+00:00,2,9.069280376414076,10.134613207899132,0.5
2023-09-13 08:00:00+00:00,2,4.908864847418526,5.648411466041017,0.5
2023-09-13 14:00:00+00:00,2,4.3913870532582155,4.745463059899315,0.5
2023-09-14 16:00:00+00:00,2,3.3886494984874567,3.9198628311840213,0.5
2023-09-18 02:00:00+00:00,2,6.186516376549952,7.0587184767878375,0.5
2023-09-20 00:00:00+00:00,2,8.973225895935629,9.516292424973793,0.5
2023-09-20 04:00:00+00:00,2,10.414066377946945,11.617212382742599,0.5
2023-09-22 04:00:00+00:00,2,7.682362224343137,8.802793356907827,0.5
2023-09-23 18:00:00+00:00,2,7.343613085748225,8.068223676309746,0.5
2023-09-26 06:00:00+00:00,3,7.600648794806985,8.468736563720718,0.56223049476174
2023-09-27 06:00:00+00:00,2,8.688082034957592,9.389151895975088,0.5
2023-09-28 02:00:00+00:00,2,4.032450247469767,4.684489803446204,0.5
2023-09-29 06:00:00+00:00,3,1.5942851102658555,1.8342233848967304,0.3562964171536065
2023-10-02 04:00:00+00:00,5,9.51519162716953,10.202684716359471,0.35413568475954954
2023-10-04 06:00:00+00:00,2,4.563733578059282,5.021927114489685,0.5
2023-10-06 06:00:00+00:00,2,6.592634134490966,7.0340635274223215,0.5
2023-10-07 06:00:00+00:00,2,3.362899220821171,3.8287021890873234,0.5
2023-10-08 10:00:00+00:00,4,4.696756827118126,5.491142057797888,0.6530669400740396
2023-10-09 06:00:00+00:00,2,4.025539691770673,4.447645326132325,0.5
2023-10-10 06:00:00+00:00,2,7.081143118088412,8.170486199917246,0.5
2023-10-10 08:00:00+00:00,2,6.159850364372919,6.658334543832444,0.5
2023-10-12 04:00:00+00:00,3,6.945818327546181,7.644054228243548,0.37374303813358
2023-10-13 06:00:00+00:00,2,7.753719862988745,8.682195666724802,0.5
2023-10-16 10:00:00+00:00,3,6.76399933526109,7.391695064419097,0.6651010360735311
2023-10-17 06:00:00+00:00,2,4.023273251611961,4.380222812187776,0.5
2023-10-18 04:00:00+00:00,4,6.256857882576728,7.268493244999316,0.7257315199348366
2023-10-18 06:00:00+00:00,2,7.588046690654917,8.172294928123712,0.5
2023-10-19 04:00:00+00:00,3,7.110710707552464,7.877270229193322,0.5312670492717234
2023-10-19 10:00:00+00:00,2,3.7093936226106736,4.218041902250267,0.5
2023-10-20 16:00:00+00:00,2,4.825337062360328,5.193378488158748,0.5
2023-10-22 14:00:00+00:00,2,5.672631087777768,6.515740325245979,0.5
2023-10-23 14:00:00+00:00,2,9.574874042304682,10.67203775168975,0.5
2023-10-27 10:00:00+00:00,2,12.473848151677835,13.316225790529018,0.5
2023-10-28 08:00:00+00:00,2,3.966777068672053,4.332795103886247,0.5
2023-11-03 00:00:00+00:00,2,8.138787660889427,9.196101720048286,0.5
2023-11-03 02:00:00+00:00,2,7.301058773629897,8.337976107953228,0.5
2023-11-11 04:00:00+00:00,2,6.146332584214306,6.084012304750074,0.5
2023-11-12 12:00:00+00:00,2,5.903961240063061,6.64424204298787,0.5
2023-11-12 14:00:00+00:00,3,10.073405090560177,10.44377117037901,0.5605115308730814
2023-11-15 02:00:00+00:00,2,5.910979004304597,6.307292317959464,0.5
2023-11-15 04:00:00+00:00,3,11.073863608818996,12.503907635739724,0.49093619618275436
2023-11-15 10:00:00+00:00,2,6.904582367678116,7.533665580335251,0.5
2023-11-16 04:00:00+00:00,2,10.524923971141673,11.63950671006117,0.5
2023-11-17 02:00:00+00:00,2,8.447431510259507,9.506517290591892,0.5
2023-11-17 06:00:00+00:00,2,8.315140997576401,9.127003180828567,0.5
2023-11-19 12:00:00+00:00,3,7.873001665509549,8.20934223471701,0.6337822959203336
2023-11-21 06:00:00+00:00,2,10.176745221150615,10.754371014625828,0.5
2023-11-22 00:00:00+00:00,2,6.722050146656516,7.828685898758699,0.5
2023-11-24 04:00:00+00:00,2,5.353485900131798,5.876665723580423,0.5
2023-11-24 14:00:00+00:00,2,6.186832177625378,6.843852074626386,0.5
2023-11-26 14:00:00+00:00,3,5.388646280744428,5.521993009841583,0.4748239027666985
2023-11-29 08:00:00+00:00,2,2.539793280357613,2.9679955095181043,0.5
2023-11-30 08:00:00+00:00,2,7.150102465280416,8.504316202595263,0.5
2023-12-09 04:00:00+00:00,2,9.942371058592034,10.211125901621564,0.5
2023-12-11 14:00:00+00:00,2,10.844997976892298,10.879407692880221,0.5
2023-12-13 04:00:00+00:00,2,3.842958604681426,4.143673234777577,1.0
2023-12-18 10:00:00+00:00,2,8.256695752980571,8.780554674182666,0.5
2023-12-19 02:00:00+00:00,2,4.848924698246561,5.493620298982634,0.5
2023-12-19 08:00:00+00:00,2,4.149357926291606,4.650348418394293,0.5
2023-12-25 12:00:00+00:00,2,10.15318545367915,10.891873121594443,0.5
2023-12-27 16:00:00+00:00,2,7.612158249740368,7.754243188903114,0.5
2024-01-05 08:00:00+00:00,2,6.540762173084462,6.894246385746476,0.5
2024-01-10 04:00:00+00:00,2,4.028849999366268,4.45649696398318,0.5
2024-01-11 02:00:00+00:00,3,6.307782265442718,6.959011973084398,0.3477618275343601
2024-01-21 14:00:00+00:00,2,6.869214613006703,7.612624549789716,0.5
2024-01-22 02:00:00+00:00,3,10.167011886287025,10.567853066020032,0.4382407265528221
2024-01-26 02:00:00+00:00,2,10.487947540682073,10.615228834855028,0.5
2024-01-28 14:00:00+00:00,2,10.810465292746729,12.383616674807508,0.5
2024-01-29 04:00:00+00:00,5,7.508496221547697,8.38598292167164,0.45072800189028916
2024-01-30 02:00:00+00:00,2,9.83811514612114,10.846331267173142,0.5
2024-01-31 02:00:00+00:00,6,7.095381576506765,7.576118204885263,0.5971385574510718
2024-01-31 12:00:00+00:00,2,7.3294842901708535,8.176308029917642,0.5
2024-02-01 04:00:00+00:00,10,7.152711270851013,7.7226471060816335,0.49821093497072155
2024-02-01 12:00:00+00:00,3,7.616828100055237,8.255864390385215,0.34055664655937506
2024-02-02 00:00:00+00:00,4,4.549831137543129,5.108306550819816,0.6889173778440556
2024-02-02 02:00:00+00:00,3,4.33251278022161,4.842354342338514,0.3918246964909054
2024-02-02 04:00:00+00:00,6,3.582612136490196,3.9179596356877444,0.5070709971487714
2024-02-02 08:00:00+00:00,2,4.123368984705822,4.584185747122909,0.5
2024-02-04 00:00:00+00:00,2,8.588891137619083,9.800172937108133,0.5
2024-02-04 06:00:00+00:00,6,5.240698964132028,5.747966803730488,0.40738068963745744
2024-02-05 00:00:00+00:00,2,6.9965692970006685,7.625414457369459,0.5
2024-02-05 02:00:00+00:00,4,7.291375745337981,7.8550149755476,0.534474312253238
2024-02-05 04:00:00+00:00,4,10.743604447673974,11.477539960465442,0.6343012104546716
2024-02-05 06:00:00+00:00,3,5.0078695068762045,5.33274840786926,0.4487931676505215
2024-02-05 16:00:00+00:00,2,6.769765170199733,7.362477734588723,0.5
2024-02-06 02:00:00+00:00,4,7.981032318050359,8.735334025984878,0.6156654680013546
2024-02-06 04:00:00+00:00,5,8.753397649244283,9.444423837390469,0.6111877770147097
2024-02-06 06:00:00+00:00,3,11.323127494710908,11.493344351764309,0.4862248012325216
2024-02-06 08:00:00+00:00,2,6.185059363851413,7.07483355780039,0.5
2024-02-15 04:00:00+00:00,4,7.229100994165482,7.555124243417898,0.4823090094701636
2024-02-16 04:00:00+00:00,2,14.88544867124553,16.375939101829267,0.5
2024-02-17 02:00:00+00:00,3,5.063764051999471,5.849072278602282,0.5596660087410191
2024-02-18 06:00:00+00:00,2,14.108495802743766,15.635388210148447,0.5
2024-02-19 02:00:00+00:00,4,9.475030158211055,10.357787472264526,0.25
2024-02-19 04:00:00+00:00,2,14.658348336524737,14.48505170649065,0.5
2024-02-19 06:00:00+00:00,2,12.90159736219396,14.128028559380738,0.5
2024-02-20 00:00:00+00:00,3,10.149518811286242,10.61419722627769,0.3977865774495428
2024-02-20 02:00:00+00:00,5,8.01997489378267,8.739805790497128,0.43301688402202076
2024-02-21 02:00:00+00:00,5,6.099216918144185,6.479566382013653,0.5222835851974965
2024-02-21 08:00:00+00:00,2,5.88577817611513,6.654194890966451,0.5
2024-02-21 10:00:00+00:00,3,10.165199592942866,11.12404111515847,1.0
2024-02-22 02:00:00+00:00,3,8.293044660787256,9.505933419068183,0.3333333333333333
2024-02-22 04:00:00+00:00,3,6.350581255841949,6.958267405177547,0.6404028926002902
2024-02-22 08:00:00+00:00,2,9.228427413184498,10.079987608037058,0.5
2024-02-22 12:00:00+00:00,3,10.165199592942866,11.12404111515847,1.0
2024-02-23 04:00:00+00:00,3,6.078643315696895,6.744178069518354,0.4642247240464065
2024-02-23 08:00:00+00:00,2,4.40620213422237,4.8411945449352745,0.5
2024-02-23 16:00:00+00:00,4,10.165199592942866,11.12404111515847,1.0
2024-02-24 02:00:00+00:00,3,7.515118652691332,8.647183117318626,0.37548850594782457
2024-02-25 14:00:00+00:00,2,10.165199592942866,11.12404111515847,1.0
2024-02-26 16:00:00+00:00,2,10.165199592942866,11.12404111515847,1.0
2024-02-27 00:00:00+00:00,2,4.624912435842744,5.053303589529983,0.5
2024-02-27 04:00:00+00:00,5,7.720152822911598,8.476614903288537,0.42147075628560593
2024-02-28 02:00:00+00:00,3,5.948880847568574,6.1182931871646025,0.4921994617471608
2024-02-28 04:00:00+00:00,2,9.268543889503865,9.756910400664667,0.5
2024-02-29 02:00:00+00:00,3,5.953637009238012,6.342396778788245,0.45490832737905956
2024-02-29 06:00:00+00:00,2,6.244379693935995,6.6837932459622085,0.5
2024-02-29 08:00:00+00:00,2,4.83958785639745,5.140135585600667,0.5
2024-03-01 04:00:00+00:00,4,6.207430588869364,6.987183321415757,0.4390796961635812
2024-03-01 10:00:00+00:00,2,10.165199592942866,11.12404111515847,1.0
2024-03-02 04:00:00+00:00,2,5.093931154865157,5.562582956340914,0.5
2024-03-02 08:00:00+00:00,3,9.307176101588974,10.165672247571848,0.6039766353219248
2024-03-04 06:00:00+00:00,3,6.530840592502446,7.128394066824133,0.5320246011435108
2024-03-05 04:00:00+00:00,3,7.9540633739599755,9.208421814494677,0.44632506482776474
2024-03-05 12:00:00+00:00,2,10.165199592942866,11.12404111515847,1.0
2024-03-06 04:00:00+00:00,4,7.159544230929111,7.734101332238511,0.521140583185949
2024-03-07 02:00:00+00:00,3,6.793876037673535,7.065600889000815,0.585677124991516
2024-03-08 02:00:00+00:00,5,7.553428368418352,8.490311482406906,0.5028853898099136
2024-03-08 04:00:00+00:00,6,7.761324559707833,8.562124578098993,0.3556860292827439
2024-03-09 02:00:00+00:00,4,5.61394657754519,6.3437709921665375,0.5040320557963948
2024-03-11 02:00:00+00:00,2,13.589548007582552,14.202157734658229,0.5
2024-03-12 02:00:00+00:00,3,7.401373181855198,8.225369446096504,0.3333333333333333
2024-03-12 04:00:00+00:00,2,6.409354728908596,7.000583786458009,0.5
2024-03-12 06:00:00+00:00,4,8.462639290452598,9.100797769051074,0.5086840550098851
2024-03-13 04:00:00+00:00,2,10.063368053296923,11.114071659026921,1.0
2024-03-14 02:00:00+00:00,3,7.540883059833725,8.339838949078926,0.35674530529795984
2024-03-14 04:00:00+00:00,2,3.7809371425806075,4.118690906723527,0.5
2024-03-14 06:00:00+00:00,4,4.681299913275322,5.173958994423813,0.5260421699385202
2024-03-14 10:00:00+00:00,2,10.063368053296923,11.114071659026921,1.0
2024-03-15 02:00:00+00:00,3,3.3220168080286583,3.759450892866292,0.4536992844781169
2024-03-16 04:00:00+00:00,2,10.851661596581021,11.09649321414569,0.5
2024-03-16 06:00:00+00:00,2,7.076143176115183,7.64794046822127,0.5
2024-03-16 08:00:00+00:00,3,2.624077089533817,2.981222222836148,0.5811237521209539
2024-03-18 02:00:00+00:00,6,9.256332932169737,9.764408065117777,0.310458399225442
2024-03-19 02:00:00+00:00,3,9.580014155498198,10.226476005860599,0.5886714324919865
2024-03-19 10:00:00+00:00,2,10.063368053296923,11.114071659026921,1.0
2024-03-20 02:00:00+00:00,4,5.595410735699478,6.168338696356058,0.601660945047682
2024-03-20 06:00:00+00:00,4,5.6402815400372095,6.4035407410223435,0.6621266564061337
2024-03-21 04:00:00+00:00,2,10.421359443449152,10.81499792064371,0.5
2024-03-22 02:00:00+00:00,5,7.678634677271836,8.534298006944207,0.4444921579432989
2024-03-22 10:00:00+00:00,2,12.37351832234673,13.034150096207837,0.5
2024-03-23 02:00:00+00:00,2,5.418291880738059,6.348952185462056,0.5
2024-03-23 04:00:00+00:00,2,10.063368053296923,11.114071659026921,1.0
2024-03-23 06:00:00+00:00,3,11.522014100048482,12.22383314519844,0.41031244870049083
2024-03-25 02:00:00+00:00,4,5.441254909013755,6.091490832290605,0.5352258590007116
2024-03-25 04:00:00+00:00,3,9.856648999513391,10.874469191630245,0.4047335834140339
2024-03-25 06:00:00+00:00,2,7.145923827981562,7.856232820041578,0.5
2024-03-26 02:00:00+00:00,4,5.794981305645583,6.502403507962979,0.7129421813104235
2024-03-27 02:00:00+00:00,4,5.894575900322366,6.597377569930924,0.5215198320440908
2024-03-27 04:00:00+00:00,4,6.796253901892311,7.1641037283199935,0.6978023370065116
2024-03-28 02:00:00+00:00,3,9.752868228601569,10.188069254252687,0.513504314157384
2024-03-28 04:00:00+00:00,4,6.750532591428472,7.695818808027667,0.5079156418985663
2024-03-29 02:00:00+00:00,3,2.5393187151985503,2.8882637233031985,0.5547075021932858
2024-03-30 02:00:00+00:00,2,9.138640245984718,10.606610691426333,0.5
2024-04-01 04:00:00+00:00,4,6.587842991707988,7.078073044971754,0.3768940413934958
2024-04-01 06:00:00+00:00,3,10.76439642625723,10.834440108422235,0.6164106061181426
2024-04-02 04:00:00+00:00,2,6.599806843140691,7.501898755011278,0.5
2024-04-03 04:00:00+00:00,2,7.293830875342078,8.117174180811535,0.5
2024-04-03 08:00:00+00:00,2,5.595722332954146,6.209418015232204,0.5
2024-04-04 02:00:00+00:00,7,5.807533957249904,6.4185499794210985,0.7217995381085226
2024-04-04 04:00:00+00:00,4,10.438692890619805,11.134346158119897,0.499871066010245
2024-04-05 02:00:00+00:00,5,6.047744817274735,6.530319570420315,0.4846901377678551
2024-04-05 04:00:00+00:00,2,12.729610673156108,13.110461666865696,0.5
2024-04-05 06:00:00+00:00,4,8.68232248266878,9.452349478101358,0.37421611979611474
2024-04-06 04:00:00+00:00,3,12.696092010666634,13.570350091257003,0.6393716608096215
2024-04-06 10:00:00+00:00,2,11.914205135478461,11.937335038394771,0.5
2024-04-08 02:00:00+00:00,3,2.7663990403690497,3.2340969512466753,0.5746183558964222
2024-04-08 04:00:00+00:00,2,5.623153206062366,6.167431355929521,1.0
2024-04-09 02:00:00+00:00,3,8.5035273590617,9.537950582106543,0.3333333333333333
2024-04-10 02:00:00+00:00,2,13.317546404105702,14.964618677337334,0.5
2024-04-10 04:00:00+00:00,5,6.52719090708001,7.399054748148669,0.41192540057852145
2024-04-10 06:00:00+00:00,3,8.264457507664106,9.328504164754742,0.6313290062279326
2024-04-11 04:00:00+00:00,2,5.9648682786715455,6.6759839601011395,0.5
2024-04-12 02:00:00+00:00,4,3.514021229403432,3.9679609193501872,0.4315726403255259
2024-04-12 04:00:00+00:00,3,9.528555972449952,10.227784788809183,0.44314810609762784
2024-04-12 22:00:00+00:00,2,5.310890818023623,5.946833611623929,0.5
2024-04-15 02:00:00+00:00,4,7.457145231151134,8.107479998146324,0.5152723463154258
2024-04-16 02:00:00+00:00,2,1.4784989661916421,1.7628069004606506,0.5
2024-04-16 14:00:00+00:00,2,6.261542527831008,6.938247092516035,0.5
2024-04-17 02:00:00+00:00,3,6.5446026874205545,6.99716884070306,0.48815120064059064
2024-04-19 02:00:00+00:00,4,9.218926307294101,10.220972367270322,0.5573658730466103
2024-04-19 04:00:00+00:00,5,7.269046631700367,8.036723146267923,0.37084197045120487
2024-04-19 06:00:00+00:00,4,9.044947578796302,9.538336126138443,0.486641159719259
2024-04-20 04:00:00+00:00,3,9.77761184447301,11.048167894890618,0.4309734796496465
2024-04-22 02:00:00+00:00,8,4.252941804370104,4.710406543859536,0.6270491820644684
2024-04-22 04:00:00+00:00,5,7.579835401318375,8.535161897163238,0.7829017427715937
2024-04-23 02:00:00+00:00,8,7.209330864778909,7.956135656152644,0.4317548046256745
2024-04-23 04:00:00+00:00,4,7.087160020145092,7.7545159983122005,0.25
2024-04-24 04:00:00+00:00,2,10.063368053296923,11.114071659026921,1.0
2024-04-24 10:00:00+00:00,2,4.145760931261668,4.692221399305116,0.5
2024-04-25 02:00:00+00:00,2,6.858740334853803,6.787906430520288,0.5
2024-04-25 04:00:00+00:00,3,3.463211146103223,3.9380600578801523,0.3438824406935563
2024-04-25 08:00:00+00:00,2,9.334066199421901,10.28698047096805,0.5
2024-04-26 02:00:00+00:00,6,5.492913555926417,6.068135781942388,0.43694480679237996
2024-04-26 04:00:00+00:00,2,6.050248821604997,6.641616828035005,0.5
2024-04-26 14:00:00+00:00,2,13.389240092421888,14.554482169026404,0.5
2024-04-29 04:00:00+00:00,4,2.4629980846965562,2.833110544189562,0.6498024071845023
2024-04-30 06:00:00+00:00,3,4.930845924526433,5.416196100868315,0.5367163444430383
2024-05-02 06:00:00+00:00,2,10.063368053296923,11.114071659026921,1.0
2024-05-03 02:00:00+00:00,3,4.872887738919899,5.579931511390011,0.6381197809814969
2024-05-04 02:00:00+00:00,8,7.213982346559417,7.82573243216605,0.43283646103646545
2024-05-04 04:00:00+00:00,2,7.758331610378949,8.786773180021552,0.5
2024-05-05 14:00:00+00:00,2,4.6735741712227075,5.1861913243419195,0.5
2024-05-06 04:00:00+00:00,3,5.665152870696886,6.520663244314637,0.5210065607925913
2024-05-07 04:00:00+00:00,2,7.4295130733201855,8.196453013780241,0.5
2024-05-09 02:00:00+00:00,4,4.354613887784302,4.947937343258257,0.6596967528544784
2024-05-10 00:00:00+00:00,3,9.290327322811663,10.416530530849741,0.4820535755038269
2024-05-10 06:00:00+00:00,2,12.333109425053708,13.934096520763372,0.5
2024-05-10 10:00:00+00:00,2,8.620097930140268,9.435615786594049,0.5
2024-05-11 02:00:00+00:00,3,6.075977050081466,6.761968057359506,0.43559249467053524
2024-05-11 04:00:00+00:00,3,8.00671494561439,8.514084415963174,0.5009697860339298
2024-05-13 02:00:00+00:00,3,10.592931176005061,12.220390544035597,0.5444494335444582
2024-05-14 02:00:00+00:00,3,6.410518054995387,6.881321473470284,0.5059324287452068
2024-05-14 04:00:00+00:00,4,6.65970146238261,7.542952960579367,0.574459758781564
2024-05-15 04:00:00+00:00,2,10.063368053296923,11.114071659026921,1.0
2024-05-15 06:00:00+00:00,2,3.687971321019051,3.874574889869147,0.5
2024-05-16 02:00:00+00:00,4,6.825807402940101,7.350850476357709,0.5139185696559412
2024-05-16 04:00:00+00:00,6,6.695965339841394,7.365986049492377,0.36018847330980996
2024-05-16 06:00:00+00:00,3,2.5308238813408317,2.734030437967965,0.5115845957970762
2024-05-17 06:00:00+00:00,2,3.932856021361252,4.297896258968962,0.5
2024-05-17 08:00:00+00:00,2,5.48633472244231,5.935372108592368,0.5
2024-05-18 04:00:00+00:00,2,6.416531248069826,7.065981079528607,0.5
2024-05-18 08:00:00+00:00,3,4.859494332767754,5.219202537257684,0.5292229070559935
2024-05-20 02:00:00+00:00,3,5.647176404547352,6.263908842882621,0.4164858520408135
2024-05-20 04:00:00+00:00,2,5.9696786064007075,6.416345558201652,0.5
2024-05-20 06:00:00+00:00,2,7.948157427829953,8.60685687642299,1.0
2024-05-20 08:00:00+00:00,4,12.703002304593964,14.00953630206607,0.6678603863662652
2024-05-21 02:00:00+00:00,3,2.615448284564431,2.8912782348297212,0.3532869038267294
2024-05-21 04:00:00+00:00,2,6.150401577171541,6.468016976593867,0.5
2024-05-21 06:00:00+00:00,2,3.3719972865927086,3.573627536001514,1.0
2024-05-22 04:00:00+00:00,2,2.575805800810351,2.999270523713279,0.5
2024-05-24 02:00:00+00:00,5,4.291963256263427,4.778260800768185,0.6248767920854996
2024-05-24 04:00:00+00:00,3,6.643387143976274,7.142428035242159,0.6474878936946463
2024-05-24 06:00:00+00:00,2,6.990513610256035,7.459441175384726,0.5
2024-05-27 02:00:00+00:00,5,4.219528193335289,4.71200773020775,0.475585514390799
2024-05-27 04:00:00+00:00,5,11.085915477015593,11.588929661522839,0.4947060271814826
2024-05-27 06:00:00+00:00,6,7.735039082595047,8.436700587984385,0.46354459473202136
2024-05-27 08:00:00+00:00,4,7.073908418991654,7.506809317076424,0.6056551867136012
2024-05-28 02:00:00+00:00,2,4.316818442839037,4.837658480960801,0.5
2024-05-28 04:00:00+00:00,3,9.187861827543644,10.015806281116891,0.3333333333333333
2024-05-29 14:00:00+00:00,2,5.299174558877358,6.086090911401276,0.5
2024-05-30 02:00:00+00:00,3,5.490092735146834,6.041482774363689,0.3745831183333089
2024-05-30 08:00:00+00:00,2,4.251990259876994,4.570272285090117,0.5
2024-05-31 02:00:00+00:00,4,5.394176506258554,5.672454869781506,0.46872292389824377
2024-05-31 04:00:00+00:00,4,10.968985247162685,11.747183753632797,0.5456963860591793
2024-06-01 02:00:00+00:00,2,8.364570022752545,9.27855036175437,0.5
2024-06-01 06:00:00+00:00,3,9.868334639126848,11.030177727788136,0.5109847128996247
2024-06-03 02:00:00+00:00,2,2.9646108952201526,3.3447184993654666,0.5
2024-06-03 04:00:00+00:00,3,6.629157677882131,7.110086037997585,0.46753617506272266
2024-06-04 04:00:00+00:00,4,8.392184537104923,9.141281977762944,0.3722635134509602
2024-06-05 02:00:00+00:00,2,7.686228742426052,8.559403088266023,0.5
2024-06-05 04:00:00+00:00,3,6.2197112667347705,6.8215548353318765,0.5275084025699708
2024-06-05 06:00:00+00:00,2,11.823871089111138,12.78903368271022,0.5
2024-06-06 04:00:00+00:00,2,7.035968870539382,7.403005402743094,0.5
2024-06-07 08:00:00+00:00,2,5.44993072360674,5.523165950869647,0.5
2024-06-08 04:00:00+00:00,4,11.170439913511892,11.180064101458939,0.6054639852103082
2024-06-10 02:00:00+00:00,4,6.395335643901822,6.625307827964744,0.357137711314453
2024-06-10 04:00:00+00:00,5,5.289680572494599,5.893577645210195,0.511114516323626
2024-06-12 02:00:00+00:00,2,7.332821559483689,8.13364739357947,0.5
2024-06-12 06:00:00+00:00,3,5.30923462954044,5.815132008806189,0.375881059376091
2024-06-12 08:00:00+00:00,4,5.447210530608174,6.007573007597437,0.35009607099837453
2024-06-13 04:00:00+00:00,5,6.773209573888084,7.257789797766202,0.4805592344304519
2024-06-13 06:00:00+00:00,2,10.56270938516942,11.398481030394418,0.5
2024-06-13 08:00:00+00:00,2,2.8841624850358176,3.2133643189162973,0.5
2024-06-14 02:00:00+00:00,8,7.97941270025054,8.921054779480665,0.5638632306496728
2024-06-14 04:00:00+00:00,2,8.292616610202703,8.81586001831233,0.5
2024-06-14 08:00:00+00:00,3,10.529058526465173,11.139728634639516,0.4906454103767166
2024-06-15 00:00:00+00:00,2,4.5717837075599235,5.147746355455103,0.5
2024-06-15 02:00:00+00:00,2,4.851888614051793,5.587499488796966,0.5
2024-06-15 06:00:00+00:00,2,9.750523957254254,10.874228937437207,0.5
2024-06-17 02:00:00+00:00,4,3.648965138579232,4.106462422212873,0.6935735734013218
2024-06-17 04:00:00+00:00,2,8.741784179695546,9.62030176578913,0.5
2024-06-17 06:00:00+00:00,2,4.607485465012174,5.082431864438808,0.5
2024-06-18 02:00:00+00:00,2,10.949236146176872,12.336132655820968,0.5
2024-06-18 04:00:00+00:00,3,13.752683421696489,15.362049941702189,0.601835298172957
2024-06-18 08:00:00+00:00,3,9.507593896508958,9.827340380259903,0.5702448963787229
2024-06-18 12:00:00+00:00,3,8.123483403484267,8.715720461860984,0.6553126314249506
2024-06-19 02:00:00+00:00,5,5.381516130843176,5.982915545153034,0.6299169919191956
2024-06-19 04:00:00+00:00,10,6.347003398871175,6.90729109580238,0.5393778650529022
2024-06-19 08:00:00+00:00,2,11.077815106498324,12.341946306234515,0.5
2024-06-20 02:00:00+00:00,3,9.499937110867778,9.817837962247573,0.3961982178970183
2024-06-20 04:00:00+00:00,2,5.927949406042751,6.676170431836832,0.5
2024-06-20 06:00:00+00:00,3,6.789756687958192,7.439024471496185,0.45308323349651203
2024-06-21 02:00:00+00:00,4,8.559287111015147,9.075483753521624,0.3590759516645036
2024-06-21 04:00:00+00:00,3,15.775804310387883,15.658725013152013,0.49561024197268044
2024-06-21 08:00:00+00:00,2,13.131147805413391,13.131827871618528,0.5
2024-06-22 02:00:00+00:00,2,4.5717837075599235,5.147746355455103,0.5
2024-06-22 08:00:00+00:00,6,11.80291395938607,13.021993150632616,0.5771612795238251
2024-06-24 04:00:00+00:00,3,9.400106569551388,10.46239607561669,0.5621417257688758
2024-06-24 06:00:00+00:00,2,6.538472986514904,7.118620069189541,0.5
2024-06-25 02:00:00+00:00,9,6.278228454539673,6.827450146323116,0.5054678910063513
2024-06-25 04:00:00+00:00,3,3.257526884973,3.691084592765987,0.41327638695954644
2024-06-25 08:00:00+00:00,2,5.354885960850535,5.845360980992941,0.5
2024-06-26 02:00:00+00:00,5,5.560681003525039,6.0522037237250625,0.4490722174324297
2024-06-26 04:00:00+00:00,5,6.359756948490496,7.0883668631175585,0.5116066736744236
2024-06-27 02:00:00+00:00,6,6.102021776311152,6.963143223024804,0.5082643321381619
2024-06-27 04:00:00+00:00,2,6.881183187784671,7.61624846575376,0.5
2024-06-27 16:00:00+00:00,2,11.926984020898374,12.41364527085035,0.5
2024-06-28 00:00:00+00:00,2,4.081035316763461,4.092007718707767,0.5
2024-06-28 02:00:00+00:00,6,7.481849077857999,7.81843069060979,0.47147637316566854
2024-06-28 04:00:00+00:00,5,5.650838525945131,6.174134650001262,0.361858230769692
2024-06-28 06:00:00+00:00,2,4.945656040683135,4.934947481910671,0.5
2024-06-28 10:00:00+00:00,2,9.441926232499288,9.303014470970904,0.5
2024-06-29 00:00:00+00:00,2,2.7947345953670646,3.2497542443943592,0.5
2024-06-29 02:00:00+00:00,7,7.412830624304118,8.112348804660856,0.629018653214643
2024-06-29 04:00:00+00:00,2,12.792040646356803,14.111371556175342,0.5
2024-06-29 06:00:00+00:00,2,11.037385188912836,12.25643238800422,0.5
2024-06-30 02:00:00+00:00,2,4.494259486464795,5.141137443161335,0.5
2024-07-01 02:00:00+00:00,6,5.562507376519448,6.0543568377096015,0.5289667062028918
2024-07-01 04:00:00+00:00,10,4.916173540544873,5.28121796155379,0.5476572630674749
2024-07-01 06:00:00+00:00,6,5.0920082695502735,5.633308724128092,0.6067457958639686
2024-07-02 02:00:00+00:00,4,7.629608821910253,8.443618982768932,0.47596442068195144
2024-07-02 04:00:00+00:00,4,3.3928570580738144,3.725855837762005,0.5059616788049539
2024-07-02 08:00:00+00:00,3,3.093682441077842,3.4236691391235214,0.6435109980890977
2024-07-02 14:00:00+00:00,3,5.586481489551055,5.626200353785408,0.6657726274668676
2024-07-03 04:00:00+00:00,4,6.70087319872371,7.2429568761486625,0.5533535957763724
2024-07-03 08:00:00+00:00,3,6.906931088759268,7.660192187659123,0.41234093469885075
2024-07-04 02:00:00+00:00,9,7.543063942870552,8.060305959272094,0.5094792135100877
2024-07-04 04:00:00+00:00,4,7.9814628501427,7.770485246977519,0.7275257889244521
2024-07-04 06:00:00+00:00,2,14.526978483851806,13.918304748092693,0.5
2024-07-04 16:00:00+00:00,5,7.60887198023909,8.287241580114557,0.5971800490209145
2024-07-05 02:00:00+00:00,6,7.027305855627673,7.627705219630123,0.6099192906869231
2024-07-05 04:00:00+00:00,7,7.384075411592084,8.262262684691132,0.4935079920110349
2024-07-05 06:00:00+00:00,3,9.682648737719346,10.476275392590475,0.4701028482474319
2024-07-06 02:00:00+00:00,7,9.704025499777401,10.132998153510199,0.5959189223944167
2024-07-06 06:00:00+00:00,3,6.141401193083619,6.90739526105634,0.5776152607956676
2024-07-06 08:00:00+00:00,2,4.026425087537515,4.441887838697295,0.5
2024-07-08 02:00:00+00:00,12,6.725234057772988,7.176683318124668,0.5900004502554865
2024-07-08 04:00:00+00:00,3,7.614063059239939,8.393026642373423,0.45830735335329137
2024-07-08 14:00:00+00:00,4,11.515399500891562,11.992383512967908,0.5525194530598704
2024-07-09 02:00:00+00:00,6,6.964532542032097,7.252063652405314,0.4278512016518996
2024-07-09 04:00:00+00:00,6,10.462009154269943,11.101220998388534,0.6184445059346774
2024-07-09 06:00:00+00:00,3,8.668430037894675,9.101576595548183,0.49393261279031925
2024-07-09 16:00:00+00:00,5,11.79029387109544,13.094002894277683,0.39762023606791097
2024-07-10 00:00:00+00:00,2,8.595367790933778,8.790900389459768,0.5
2024-07-10 02:00:00+00:00,8,7.498092871239784,8.170921291951087,0.49492230465480935
2024-07-10 04:00:00+00:00,5,6.481610740862498,7.129892617128945,0.5619117913005535
2024-07-10 06:00:00+00:00,2,8.33011397964371,8.873703804846112,0.5
2024-07-10 08:00:00+00:00,2,11.989857006361857,12.623189116301912,0.5
2024-07-11 02:00:00+00:00,10,5.787180099799537,6.410134255518576,0.5058111850845075
2024-07-11 04:00:00+00:00,2,4.758185203984932,5.172293120439069,0.5
2024-07-11 06:00:00+00:00,8,8.264760939882068,9.14439273535002,0.4256564112259643
2024-07-11 16:00:00+00:00,3,7.182462633820335,7.299634132459531,0.5055786893074202
2024-07-12 02:00:00+00:00,7,8.022647650976756,8.447898715751963,0.563942935877955
2024-07-12 04:00:00+00:00,12,5.72232098314901,6.395962043475028,0.6591567524139773
2024-07-12 06:00:00+00:00,3,3.028129799196044,3.302429100825955,0.6343524522506446
2024-07-12 08:00:00+00:00,2,11.67619395506529,11.37709327165172,0.5
2024-07-13 02:00:00+00:00,15,7.565241535388733,8.15670834479664,0.5456291110586675
2024-07-13 04:00:00+00:00,3,9.714975573294462,10.89393597340127,0.3935804198365545
2024-07-13 08:00:00+00:00,2,4.334316873594392,4.854870084288007,0.5
2024-07-15 00:00:00+00:00,2,9.422636103529989,9.109184339282379,0.5
2024-07-15 02:00:00+00:00,14,6.914079509969809,7.379809497430439,0.4933663682388998
2024-07-15 04:00:00+00:00,12,8.00319802739528,8.576187812208515,0.574696552355118
2024-07-15 06:00:00+00:00,2,5.592414576680806,6.263254625974829,0.5
2024-07-15 08:00:00+00:00,3,3.5483696295507268,3.986235923937569,0.5561162919019963
2024-07-16 02:00:00+00:00,13,8.718707363019185,9.577274956990824,0.535869981082006
2024-07-16 04:00:00+00:00,8,6.143715071500829,6.729746585191997,0.3951367277576041
2024-07-16 08:00:00+00:00,3,5.847215915713683,6.647703478447942,0.3945854219642391
2024-07-16 16:00:00+00:00,3,6.689397802688845,6.806752757413821,0.37156457834938467
2024-07-16 18:00:00+00:00,8,inf,inf,0.5549127743345216
2024-07-17 08:00:00+00:00,2,11.864250229961693,12.382900780908138,0.5
2024-07-17 16:00:00+00:00,10,10.311870570328297,10.74977619214179,0.6091289024175772
2024-07-18 02:00:00+00:00,12,8.049861168396042,8.86428704406979,0.5536654465429461
2024-07-18 04:00:00+00:00,6,9.372627576475743,10.094908697659518,0.636862032563765
2024-07-18 06:00:00+00:00,2,7.7258587807763925,8.466621358113532,0.5
2024-07-19 02:00:00+00:00,11,7.36544266727524,7.9281458287920055,0.5401366690746997
2024-07-19 04:00:00+00:00,2,5.172230534783438,5.5661337622659754,0.5
2024-07-19 18:00:00+00:00,7,10.729238837608985,11.076282487363757,0.6616473370178199
2024-07-20 02:00:00+00:00,10,7.691044009262745,8.369725102847331,0.702066406043976
2024-07-20 04:00:00+00:00,3,3.7875680328155767,4.217404919288476,0.46907079787940525
2024-07-20 08:00:00+00:00,3,13.284654869311021,13.59207325793818,0.3822084197023145
2024-07-21 12:00:00+00:00,2,7.2849520160333165,7.930891909441972,0.5
2024-07-21 18:00:00+00:00,2,10.645665952382881,11.557701553579713,0.5
2024-07-21 20:00:00+00:00,8,6.4812003816692805,7.111874229757813,0.5345217246680417
2024-07-22 02:00:00+00:00,8,9.807914707451365,10.321271587189184,0.7152086004506424
2024-07-22 04:00:00+00:00,10,6.20058120790568,6.771056842015767,0.4974630453570789
2024-07-22 16:00:00+00:00,2,4.1764535174003035,4.423082567907959,0.5
2024-07-23 02:00:00+00:00,11,6.455777155778159,7.230335445841994,0.5288156473871168
2024-07-23 04:00:00+00:00,5,8.110388211035396,8.698218481683734,0.5548243076370826
2024-07-23 14:00:00+00:00,2,8.210005362306608,8.815574431049148,0.5
2024-07-23 16:00:00+00:00,6,12.028967234708238,12.188775441177887,0.4296485473919264
2024-07-23 18:00:00+00:00,3,10.402808498986964,11.357573703550207,0.431954963460173
2024-07-24 02:00:00+00:00,13,5.975793293222425,6.3433648274004035,0.6586870366682902
2024-07-24 04:00:00+00:00,6,10.884329576711302,11.42216409803256,0.687685393006642
2024-07-24 14:00:00+00:00,2,5.850127281026927,6.41595491524291,0.5
2024-07-25 02:00:00+00:00,10,7.374328299530094,8.095672922811191,0.7279673006102982
2024-07-25 04:00:00+00:00,4,4.184205024888841,4.742127085912773,0.6978766795655832
2024-07-25 16:00:00+00:00,8,8.532449471778895,8.952125884992475,0.6258115350898534
2024-07-26 02:00:00+00:00,10,5.672530633402184,6.139454825921768,0.6096797475651952
2024-07-26 08:00:00+00:00,5,4.935868941544963,5.474519426565758,0.5798275556269206
2024-07-26 14:00:00+00:00,5,9.03414457029578,9.486487139458863,0.5307320100293952
2024-07-27 06:00:00+00:00,2,7.312078250990339,7.747228995489299,0.5
2024-07-29 04:00:00+00:00,16,7.019988069376875,7.535635357245118,0.6327313956790843
2024-07-29 08:00:00+00:00,4,6.140215968068877,6.621658643927392,0.49532659541320767
2024-07-30 02:00:00+00:00,2,9.210034661418288,9.994452647495866,0.5
2024-07-30 06:00:00+00:00,2,4.982563095824652,5.469074264971658,0.5
2024-07-30 16:00:00+00:00,7,7.571828225614101,8.442053177589065,0.6185441156868501
2024-07-31 04:00:00+00:00,4,4.20111395364886,4.682963772183163,0.601611878103611
2024-07-31 06:00:00+00:00,2,2.356200920524734,2.776250062428335,0.5
2024-07-31 10:00:00+00:00,2,3.069010717001148,3.3866763255796988,0.5
2024-08-01 02:00:00+00:00,6,5.4497016847345,5.879647616269881,0.6240334152871289
2024-08-01 08:00:00+00:00,3,6.229957513393913,6.891958920474379,0.40537846017080875
2024-08-02 02:00:00+00:00,3,8.535975653848128,8.739959230879279,0.4269285568566114
2024-08-02 04:00:00+00:00,3,6.904330876647546,7.328987548131508,0.35327689615499364
2024-08-02 06:00:00+00:00,2,11.01568121793757,12.785161204557776,0.5
2024-08-02 08:00:00+00:00,6,8.206907114905205,8.4362579856975,0.5540166341997346
2024-08-03 04:00:00+00:00,3,4.758728426983484,5.382050988370621,0.47905944554984065
2024-08-03 08:00:00+00:00,2,4.7103275380431,5.346039103402372,0.5
2024-08-05 10:00:00+00:00,2,3.164446555528163,3.4396839797104257,0.5
2024-08-06 02:00:00+00:00,5,9.585978342719269,10.35626314057879,0.6776540686542951
2024-08-06 04:00:00+00:00,13,8.917562617500494,9.587264449304023,0.6496996662011878
2024-08-06 06:00:00+00:00,3,6.497760647359791,7.165442003708701,0.4810458248097618
2024-08-07 02:00:00+00:00,8,7.877774923170726,8.264775007759544,0.6675582717751031
2024-08-07 04:00:00+00:00,4,12.002510263048771,12.648834306686535,0.5731963459166767
2024-08-07 10:00:00+00:00,2,6.19598184549038,6.617508294951971,0.5
2024-08-07 12:00:00+00:00,2,10.55939117691802,11.67289594042646,0.5
2024-08-08 02:00:00+00:00,8,9.053776143225233,9.782830618593392,0.2778768944454794
2024-08-08 04:00:00+00:00,4,8.065740216894108,8.895195565741858,0.6333423549475975
2024-08-08 06:00:00+00:00,7,6.8839803498061745,7.2761698401927974,0.48959013537583657
2024-08-09 02:00:00+00:00,7,7.887449866333148,8.507660531652506,0.5734882575387025
2024-08-09 04:00:00+00:00,3,7.743467967331931,8.649839493021007,0.44806475061807105
2024-08-09 14:00:00+00:00,2,4.153881180357972,4.429291634554567,0.5
2024-08-09 16:00:00+00:00,11,9.341417615505852,10.15274241077394,0.5240045018919542
2024-08-10 02:00:00+00:00,2,6.290339790383831,6.93802663625011,0.5
2024-08-10 04:00:00+00:00,11,7.175848010309818,7.698784352877027,0.6729425789729369
2024-08-12 02:00:00+00:00,3,5.970635339837888,6.535595480229564,0.3673642596267457
2024-08-12 06:00:00+00:00,2,6.095311960166134,6.507147259514959,0.5
2024-08-13 02:00:00+00:00,13,8.830453558050289,9.49910602964736,0.6803571947734803
2024-08-14 02:00:00+00:00,5,10.146394040473107,11.186412238576597,0.3372814125730429
2024-08-14 04:00:00+00:00,5,8.57885903717854,9.435928294430749,0.5317217722578986
2024-08-14 06:00:00+00:00,2,7.583205518088814,8.334650761220395,0.5
2024-08-15 02:00:00+00:00,4,4.700427228432877,5.148417611095469,0.6649610444943569
2024-08-15 04:00:00+00:00,9,6.829104760967499,7.480123568929893,0.5494771673333547
2024-08-15 12:00:00+00:00,2,9.9935319941165,10.412481161571321,0.5
2024-08-16 02:00:00+00:00,5,6.301735964278499,6.960005092761047,0.40512896660594544
2024-08-16 04:00:00+00:00,7,10.488007179552572,10.937625366873789,0.5918443021880628
2024-08-17 02:00:00+00:00,6,6.075732823047107,6.912872734032292,0.6969057150554897
2024-08-17 04:00:00+00:00,8,10.433202438932017,10.595481905338547,0.5371010843024598
2024-08-18 12:00:00+00:00,2,5.355551695171476,5.763222360444059,0.5
2024-08-19 02:00:00+00:00,3,12.10163095572922,13.236678993504194,0.6302475608124095
2024-08-19 04:00:00+00:00,12,9.808057665645414,10.210233480345908,0.5668137305947553
2024-08-20 02:00:00+00:00,2,6.435054347395566,6.901023029600548,0.5
2024-08-20 04:00:00+00:00,10,8.654966780092455,9.3919143132174,0.5994277421639336
2024-08-20 12:00:00+00:00,2,15.720312469583618,17.350873948949854,0.5
2024-08-21 02:00:00+00:00,7,9.731916776891584,10.388744461928466,0.5816491398317643
2024-08-21 04:00:00+00:00,4,13.572905651446561,13.497438069641316,0.3958194317515713
2024-08-21 06:00:00+00:00,3,12.827521740631994,13.263974164293863,0.34782365532721515
2024-08-22 04:00:00+00:00,9,8.718114429916666,9.075886176188403,0.42354440176247654
2024-08-22 06:00:00+00:00,3,9.111596900439958,9.16067115670683,0.39058718526174774
2024-08-22 12:00:00+00:00,2,6.612727479202901,6.831908742857079,0.5
2024-08-23 02:00:00+00:00,2,15.332410987852336,16.539303527814894,0.5
2024-08-23 04:00:00+00:00,4,8.538170344345481,9.450444995117877,0.48919767849868906
