configuration,deadline_weight,service_weight,waiting_weight,deadline_alignment,service_alignment,waiting_alignment,mean_alignment,alignment_std,alignment_range,top25_mean_deadline_urgency,top25_mean_service_priority,top25_mean_waiting_score,mean_priority_score,std_priority_score,min_priority_score,max_priority_score,normalized_mean_alignment,normalized_balance,normalized_score_spread,balance_score,candidate_rank
D70_S15_W15,0.7,0.15,0.15,0.96117876479473,0.5591153329813345,0.6473092905201298,0.722534462765398,0.17254539635487032,0.40206343181339543,0.15030610702557812,0.9262103505843071,0.30612667340616356,0.2515692765835895,0.1550129983764193,0.058084424683127266,0.9195554767966444,1.0,0.8393568082540532,0.9689051152066468,0.9295237463429508,1
D65_S20_W15,0.65,0.2,0.15,0.9420317972489154,0.639148104996164,0.5658391306716943,0.7156730109722579,0.1628338141022058,0.37619266657722106,0.15027329602049935,0.9274624373956594,0.30480964158664176,0.2913595900345539,0.14655253299088927,0.07266838830106999,0.9195554767966445,0.8812696699529975,0.9203864892416574,0.7760578148636198,0.875874026650586,2
D60_S20_W20,0.6,0.2,0.2,0.9540139170113486,0.5660086255517449,0.6450365151891917,0.721686352584095,0.1674184870908066,0.3880052914596037,0.15030428074512345,0.9262103505843071,0.30613403323793764,0.29955271520420895,0.13922720400022104,0.07467232369712112,0.8927406357288592,0.9853243300720984,0.8833882320541462,0.6090847400265101,0.8693019728557999,3
D55_S25_W20,0.55,0.25,0.2,0.9387063735257813,0.6329278448323848,0.5765783977158645,0.716070872024677,0.1590990046984803,0.36212797580991685,0.15027118728713582,0.927212020033389,0.30514869782929577,0.33934302865517335,0.13151387185756377,0.08925628731506384,0.8927406357288592,0.8881542441642158,0.9644384295557542,0.43326754645881105,0.8276905787797503,4
D50_S25_W25,0.5,0.25,0.25,0.9480664556826401,0.5707334384141562,0.6433086717677075,0.7207028552881679,0.16347771756895704,0.3773330172684839,0.15025311207290512,0.9264607679465777,0.3060158264476426,0.3475361538248284,0.12494159809483818,0.09126022271111496,0.865925794661074,0.9683059260861521,0.9168148031363768,0.28345956374137604,0.8107402044372868,5
D65_S15_W20,0.65,0.15,0.2,0.960265639794301,0.48641300459690007,0.7114315765063632,0.7193700736325215,0.1935309532061935,0.47385263519740095,0.15032674399478782,0.9242070116861436,0.3077936858269375,0.25976240175324455,0.14754724037444927,0.06008836007917841,0.8927406357288592,0.9452435173385315,0.6145062406169437,0.7987311105760405,0.7836461252973983,6
D45_S30_W25,0.45,0.3,0.25,0.9353308312865825,0.6280295657695819,0.5845567819537241,0.7159723930032961,0.15612188415409467,0.3507740493328584,0.15024586771907267,0.927212020033389,0.3052074331384139,0.3873264672757928,0.11825885162892136,0.10584418632905768,0.865925794661074,0.8864501665048851,1.0,0.13113347337841336,0.7808067612776368,7
D70_S20_W10,0.7,0.2,0.1,0.9239583739886456,0.6889605050840504,0.49815807937558415,0.70369231948276,0.17414408304571818,0.4258002946130614,0.15020288436100962,0.9287145242070116,0.30329783857359005,0.2831664648648989,0.15431655654212,0.07066445290501884,0.9463703178644295,0.6739561891293704,0.765010711308531,0.9530304651170348,0.7661928531985676,8
D40_S30_W30,0.4,0.3,0.3,0.9428821035659322,0.5741399284473379,0.6419951913988771,0.719672407804049,0.1602456663774717,0.3687421751185943,0.15025044571823076,0.9264607679465777,0.30601985435790846,0.39551959244544777,0.11272797109842118,0.10784812172510881,0.8391109535932888,0.9504750976297218,0.9437221324119354,0.005062940585855004,0.7586914801338339,9
D55_S20_W25,0.55,0.2,0.25,0.9545324413331387,0.5030218854009988,0.7017281090808736,0.719760811938337,0.18476891749569552,0.45151055593213996,0.15029532750926877,0.924457429048414,0.30767624359210627,0.307745840373864,0.13241339753226553,0.07667625909317224,0.865925794661074,0.9520048397831287,0.6844837437536686,0.4537712764607281,0.7453496887068647,10
D60_S25_W15,0.6,0.25,0.15,0.9216884021240744,0.6841764053349068,0.5097782108587028,0.705214339439228,0.16881833909186147,0.41191019126537165,0.15020227386928825,0.9287145242070116,0.30330038085753974,0.33114990348551837,0.13865034494038755,0.0872523519190127,0.9195554767966444,0.700293171041891,0.8085158273293893,0.595935851957354,0.722710769739983,11
D45_S25_W30,0.45,0.25,0.3,0.9493433878894469,0.5152786739146188,0.6940145463668157,0.7195455360569604,0.17812339834214377,0.43406471397482815,0.15028515117869268,0.9247078464106845,0.30748886819927446,0.35572927899448337,0.1190270199688355,0.0932641581071661,0.8391109535932888,0.9482797132038591,0.7391257690457731,0.14864305279407877,0.7046908034586685,12
D65_S25_W10,0.65,0.25,0.1,0.916418252326293,0.6982571731670275,0.48526955484164536,0.6999816601116553,0.176019942482083,0.4311486974846477,0.15014897979316302,0.9291318864774624,0.3026993335983914,0.3229567783158633,0.14626845838339292,0.08524841652296156,0.9463703178644296,0.6097470647187418,0.7482590081980316,0.7695826366487933,0.697118956496468,13
D50_S30_W20,0.5,0.3,0.2,0.9211938514971392,0.6762807776101256,0.5238246736101636,0.7070997675724762,0.1636824639158948,0.39736917788697557,0.15020105808055495,0.9287145242070116,0.303305198405364,0.37913334210613775,0.12452004101292734,0.10384025093300654,0.8927406357288592,0.7329185557694017,0.8540596550643494,0.27385061890412965,0.6895614081143263,14
D40_S35_W25,0.4,0.35,0.25,0.9200302208316762,0.6691731517664252,0.5354811280565871,0.7082281668848962,0.15940194863502352,0.3845490927750891,0.15017795541314,0.9284641068447413,0.3037114550209859,0.4271167807267572,0.11250585321811159,0.12042814994700039,0.865925794661074,0.7524443393539174,0.8942133728754315,0.0,0.6586630848917396,15
D60_S30_W10,0.6,0.3,0.1,0.9143901323489633,0.6996101616022968,0.483535874347683,0.6991787227663143,0.17589577882761587,0.43085425800128024,0.15014897979316302,0.9291318864774624,0.3026993335983914,0.3627470917668277,0.1388271665717349,0.09983238014090427,0.9463703178644295,0.5958530640183785,0.7491812204785582,0.5999663127764371,0.658006976354062,16
D55_S30_W15,0.55,0.3,0.15,0.9121540030152182,0.6969789693486366,0.4920766938410422,0.700403222068299,0.17151293547090485,0.420077309174176,0.150183285717859,0.928881469115192,0.30307625920010933,0.3709402169364827,0.13140718908711238,0.10183631553695541,0.9195554767966445,0.6170417585760395,0.7829356424103433,0.4308358262948289,0.6461581256535189,17
D60_S15_W25,0.6,0.15,0.25,0.9525783916184231,0.4264962291006557,0.7564289420288861,0.7118345209159882,0.21707465263612039,0.5260821625177674,0.1503024393497697,0.9223706176961602,0.3090959611167678,0.2679555269228996,0.14054846396609377,0.062092295475229535,0.865925794661074,0.8148485676844255,0.4509184264078392,0.6392014541620783,0.6341470884693216,18
D70_S10_W20,0.7,0.1,0.2,0.9559323981805139,0.3952010420381018,0.7716636495959389,0.7075990299381849,0.2333568369961144,0.5607313561424121,0.15028827411001874,0.9216193656093489,0.30953434843929295,0.21997208830228016,0.1563771719790223,0.04550439646123569,0.8927406357288592,0.7415577748804227,0.34239387832230816,1.0,0.6335806612810924,19
D55_S35_W10,0.55,0.35,0.1,0.9129473763063573,0.7001185145692378,0.4830124785594015,0.6986927898116656,0.17552308223039043,0.42993489774695576,0.15014897979316302,0.9291318864774624,0.3026993335983914,0.4025374052177921,0.13209527018202813,0.11441634375884699,0.9463703178644296,0.5874444965860693,0.7520607436561884,0.44651990223213195,0.6251060765433295,20
D50_S20_W30,0.5,0.2,0.3,0.9487947970232655,0.4493877981682439,0.7437223629098231,0.7139683193671109,0.2049647367340719,0.4994069988550216,0.15027210777071556,0.9232888146911519,0.3085861231666541,0.31593896554351897,0.12619399931455347,0.07868019448922338,0.8391109535932888,0.8517717440024273,0.5344675592669665,0.3120067160743297,0.6168970645226235,21
D50_S35_W15,0.5,0.35,0.15,0.9097375797669909,0.6989661373799813,0.4892752803765371,0.6993263325078365,0.1716532038881001,0.42046229939045376,0.15014715351270833,0.9291318864774624,0.30270669343016543,0.4107305303874471,0.12493773849845623,0.11642027915489812,0.9195554767966444,0.5984072979993854,0.7817298166791155,0.2833715883512815,0.6087291635416566,22
D45_S35_W20,0.45,0.35,0.2,0.9091838442180599,0.694926699408459,0.49805420502375564,0.7007215828834248,0.16789298290255417,0.41112963919430423,0.15015796614979585,0.928881469115192,0.3031349945092275,0.4189236555571021,0.11837331076893721,0.11842421455094926,0.8927406357288592,0.6225506633666715,0.810960590162472,0.13374244760687537,0.6001529909330325,23
D50_S40_W10,0.5,0.4,0.1,0.9116732482150288,0.700408348137827,0.4828302663918879,0.698303954248248,0.17508073779444835,0.4288429818231409,0.15014897979316302,0.9291318864774624,0.3026993335983914,0.4423277186687565,0.1261863566168492,0.1290003073767897,0.9463703178644296,0.5807160991316498,0.7554807274937089,0.3118325089175787,0.5968452324336593,24
D40_S25_W35,0.4,0.25,0.35,0.945131873332422,0.46666355848757346,0.7332436834566005,0.715013038425532,0.19575877909867181,0.47846831484484853,0.15026590790142305,0.9237896494156929,0.3082482038941749,0.3639224041641384,0.11387266632285462,0.09526809350321723,0.8122961125255036,0.8698495272984842,0.6000494958720805,0.031155049434275432,0.594190619155081,25
D45_S40_W15,0.45,0.4,0.15,0.908083084911942,0.6996828898581021,0.488392168218639,0.6987193809962277,0.17133945381554017,0.419690916693303,0.15014715351270833,0.9291318864774624,0.30270669343016543,0.4505208438384114,0.11936785842129374,0.13100424277284084,0.9195554767966445,0.5879046295454744,0.7841458601667695,0.15641210241658374,0.5801026163682143,26
D40_S40_W20,0.4,0.4,0.2,0.905812615259808,0.698111236298106,0.49358136938179514,0.699168406979903,0.16829436161464734,0.4122312458780129,0.1501218339446452,0.9291318864774624,0.3027654287392836,0.4587139690080666,0.11321174301538926,0.13300817816889196,0.8927406357288592,0.5956745599987869,0.8075102539493819,0.016090006346164882,0.5644919268485006,27
D55_S15_W30,0.55,0.15,0.3,0.9420605688432973,0.3768274299418681,0.7891892218211802,0.7026924068687818,0.2387235494259314,0.5652331389014291,0.15022606775729416,0.9212020033388981,0.3098939393657461,0.27614865209255457,0.13408981098124625,0.06409623087128068,0.8391109535932888,0.6566537350343797,0.32829386939297867,0.4919833361008047,0.4923757089911043,28
D45_S20_W35,0.45,0.2,0.35,0.9403908269395596,0.4027470516789761,0.7761456090527171,0.706427829223751,0.22496019483058677,0.5376437752605834,0.15023198604342242,0.9217028380634391,0.3096161947732229,0.324132090713174,0.1206609596539427,0.08068412988527451,0.8122961125255036,0.721291357281301,0.4147063629570584,0.1858869682097933,0.49157648173730245,29
D65_S10_W25,0.65,0.1,0.25,0.9424713129394112,0.3427691250778506,0.8040541761226379,0.6964315380466332,0.2563820751681815,0.5997021878615606,0.15022888090519343,0.9199499165275459,0.3104452611899683,0.22816521347193516,0.1492383716276207,0.047508331857286826,0.865925794661074,0.5483158724295771,0.22033355141675703,0.8372786468921407,0.47491549891696183,30
D40_S20_W40,0.4,0.2,0.4,0.9306784481455265,0.36242629184908426,0.8011978640906374,0.6981008680284161,0.24317260157026918,0.5682521562964422,0.15031931571306978,0.9209515859766279,0.31006336299858267,0.33232521588282904,0.11591260936957802,0.08268806528132566,0.7854812714577185,0.57720190204398,0.31883802167526676,0.07765337919364872,0.37394664532642846,31
D50_S15_W35,0.5,0.15,0.35,0.930445753091234,0.33516746199453396,0.8136853072294975,0.6930995074384217,0.25754580472373184,0.5952782910967,0.15018810940577138,0.9196994991652756,0.31063720281891255,0.2843417772622096,0.12825290717714535,0.0661001662673318,0.8122961125255036,0.49065852734188337,0.23418961405372574,0.35893732861899685,0.36172672228204306,32
D60_S10_W30,0.6,0.1,0.3,0.928751340414467,0.29989911871320296,0.8274170281061054,0.6853558290779252,0.27568075423896526,0.6288522217012641,0.1501910657148987,0.9189482470784642,0.31092100083280944,0.23635833864159014,0.14259343365182017,0.049512267253337953,0.8391109535932888,0.35666217857517213,0.12903289133785456,0.6858143608055062,0.33144090012631194,33
D45_S15_W40,0.45,0.15,0.4,0.9189520937399966,0.29921444762673377,0.8325439534607781,0.6835701649425028,0.27406030936227377,0.6197376461132629,0.15016393122946076,0.9189482470784642,0.3109668450494516,0.29253490243186464,0.12312620799179066,0.06810410166338295,0.7854812714577184,0.3257631066959863,0.15758060322387368,0.24207967924460486,0.24175341981686496,34
D55_S10_W35,0.55,0.1,0.35,0.915476107276667,0.26403382082876803,0.8449336339443154,0.6748145206832502,0.29188998802707045,0.6514422864478989,0.1501391600823532,0.9181969949916527,0.31124856552313046,0.2445514638112452,0.13651449439460048,0.051516202649389095,0.8122961125255036,0.17425573420165175,0.05827867424381772,0.5472514128725158,0.20246404595269096,35
D50_S10_W40,0.5,0.1,0.4,0.9027800170459517,0.2327307969255885,0.8587219168753609,0.6647442436156337,0.30600870645393935,0.6700492201203632,0.1500843149622017,0.9174457429048414,0.31153307101840433,0.25274458898090024,0.1310803232512641,0.05352013804544023,0.7854812714577184,0.0,0.0,0.42338526759086936,0.08467705351817388,36
