sequence,delivery_id,from_node,to_node,departure_time,arrival_time,leg_distance_km,leg_travel_time_minutes,priority_score,deadline_urgency,service_priority,waiting_time_score,travel_efficiency_score,information_coverage
1,6691ee35407172f67458f318,1769277472,4604903935,2024-07-13 03:51:50.891000+00:00,2024-07-13 03:54:23.328485+00:00,2.1436890764321874,2.540624753868548,0.35916956368428365,0.04187452635734735,1.0,0.24092382791828437,1.0,1.0
2,6691eec3407172f67458f66a,4604903935,4611394688,2024-07-13 03:54:23.328485+00:00,2024-07-13 03:56:42.605803+00:00,2.1134133556990577,2.3212886393587837,0.35922802456792735,0.04235124716869888,1.0,0.24168747373735644,0.9968171756453945,1.0
3,6691f28f407172f67458f6e4,4611394688,5058499831,2024-07-13 03:56:42.605803+00:00,2024-07-13 03:58:47.184520+00:00,1.951252673568119,2.0763119457955557,0.3434884250779071,0.02974381159875773,1.0,0.18086219132393577,1.0,1.0
4,6691f6cc407172f67458fe89,5058499831,5074798739,2024-07-13 03:58:47.184520+00:00,2024-07-13 04:01:27.469202+00:00,2.093436729930828,2.671411365481657,0.3244432009280072,0.01588713683025426,1.0,0.10470183780911568,1.0,1.0
5,6691f95f407172f674590606,5074798739,6269039028,2024-07-13 04:01:27.469202+00:00,2024-07-13 04:04:17.749112+00:00,2.1486091682252706,2.837998498603284,0.3110674272040292,0.012043746322153303,1.0,0.0624089516306392,0.95082023982249,1.0
6,6691f3c3407172f67458fa49,6269039028,5722292349,2024-07-13 04:04:17.749112+00:00,2024-07-13 04:09:20.636897+00:00,3.941916196814699,5.048129746659063,0.3304172691925323,0.02977454463886898,1.0,0.19197930079642267,0.8524437452169091,1.0
7,6691f52e407172f67458fdf8,5722292349,5748143156,2024-07-13 04:09:20.636897+00:00,2024-07-13 04:16:54.044118+00:00,6.644543671616557,7.556787014931098,0.3223211692701503,0.0289835815037889,1.0,0.18744438378024997,0.7826354187602887,1.0
8,6691f730407172f67459020f,5748143156,5763943823,2024-07-13 04:16:54.044118+00:00,2024-07-13 04:23:49.170398+00:00,6.506767850463006,6.918771330115087,0.34241639153568315,0.02724254266011494,1.0,0.18288662048413273,1.0,1.0
9,6691f8a2407172f674590285,5763943823,5758041286,2024-07-13 04:23:49.170398+00:00,2024-07-13 04:37:23.709240+00:00,13.905271192574515,13.575647364740608,0.3063361201158286,0.028878399471306646,1.0,0.18627545754742358,0.6251168177449637,1.0
10,6691f934407172f6745905e3,5758041286,4887809487,2024-07-13 04:37:23.709240+00:00,2024-07-13 04:44:26.263526+00:00,5.819576724459663,7.042571427031082,0.28498446004966643,0.017649854804799376,0.7,0.23518026604684517,1.0,1.0
11,6691f9d6407172f674590660,4887809487,2156215360,2024-07-13 04:44:26.263526+00:00,2024-07-13 05:00:36.434331+00:00,16.47276099324306,16.1695134177868,0.349937375399646,0.04604267171317384,1.0,0.2533540156960886,0.8661080360298709,1.0
12,6691f5c8407172f67458fe0f,2156215360,4537175218,2024-07-13 05:00:36.434331+00:00,2024-07-13 05:10:20.846607+00:00,9.985823846066275,9.740204595851793,0.313762534231696,0.030461840673988425,0.7,0.3800568124066823,1.0,1.0
13,6691f563407172f67458fe02,4537175218,366419728,2024-07-13 05:10:20.846607+00:00,2024-07-13 05:14:25.653799+00:00,3.333252810549998,4.080119864025644,0.3224932363203322,0.03594393454804678,0.7,0.4181604821260436,1.0,1.0
14,6691f629407172f67458fe62,366419728,3798940828,2024-07-13 05:14:25.653799+00:00,2024-07-13 05:16:12.872442+00:00,1.504437970533499,1.7869773751932831,0.3233615170393196,0.03682991468906346,0.7,0.4207004264022315,1.0,1.0
15,6691f697407172f67458fe70,3798940828,6631418424,2024-07-13 05:16:12.872442+00:00,2024-07-13 05:24:04.871897+00:00,6.273529475974921,7.866657586765626,0.32346842462470676,0.037065892428735994,0.7,0.4205478919260133,1.0,1.0
