configuration,deadline_weight,service_weight,waiting_weight,travel_weight,deadline_alignment,service_alignment,waiting_alignment,travel_alignment,mean_alignment,alignment_std,alignment_range,priority_score_std,priority_score_mean,mean_information_coverage,normalized_alignment,normalized_balance,normalized_spread,balance_score,candidate_rank
D55_S20_W15_T10,0.55,0.2,0.15,0.1,0.7842507163695139,0.5299124706068382,0.49518018577376177,0.508573317313326,0.57947917251586,0.11887199268340494,0.28907053059575216,0.11927256528934911,0.32638733262696046,0.9991109913793103,0.922227467324312,0.9122393888536379,0.3043363370820741,0.7946540098875947,1
D60_S15_W15_T10,0.6,0.15,0.15,0.1,0.7823660505646911,0.46516709861302474,0.5345749645523505,0.5246731561129842,0.5766953174607626,0.12167520644658855,0.31719895195166636,0.12493832876484401,0.28571436430635605,0.9990301724137931,0.9022485206001005,0.8412823986244584,0.40668312860011885,0.7787489934098474,2
D50_S20_W20_T10,0.5,0.2,0.2,0.1,0.7995469884472794,0.4943158686782376,0.5477130710419995,0.49732945966770137,0.5847263469588044,0.12582742258218998,0.3052311197690418,0.11448993316247194,0.3351437207094604,0.9991918103448275,0.9598849662146645,0.8714725518684618,0.21794249884401656,0.7761315070020539,3
D60_S20_W10_T10,0.6,0.2,0.1,0.1,0.7669107347601389,0.5592955462550319,0.4436384964400695,0.5162739934408087,0.5715296927240122,0.12013822905008315,0.32327223832006946,0.12460456716007712,0.3176309445444604,0.9990301724137931,0.8651762810724589,0.8259618757963553,0.40065403304617475,0.7565860693567608,4
D60_S15_W10_T15,0.6,0.15,0.1,0.15,0.6612358020353863,0.42390826403319576,0.40726758459424056,0.6615484850097336,0.5384900339181391,0.12304289818218342,0.25428090041549306,0.13106486043163523,0.2989794707715246,0.9990301724137931,0.6280599190477926,1.0,0.5173532725166031,0.7546946221224377,5
D45_S25_W20_T10,0.45,0.25,0.2,0.1,0.7993620412927582,0.5521912685093019,0.5089647341873001,0.4828677242734919,0.585846442065713,0.1257348352136629,0.31649431701926634,0.1097831595611944,0.3758166890300648,0.9992726293103447,0.9679235745560005,0.8430599165797252,0.13291897490481594,0.7509771914352535,6
D50_S20_W15_T15,0.5,0.2,0.15,0.15,0.6769966685173253,0.4472702653737629,0.4215172956600485,0.6481680995628216,0.5484880822784896,0.11490995354665048,0.25547937285727684,0.12111723108886864,0.34840882717462895,0.9991918103448276,0.6998131071930517,0.9969767234262611,0.33765852337178703,0.7462476369220826,7
D35_S25_W25_T15,0.35,0.25,0.25,0.15,0.7035443511269948,0.4446153335855371,0.4776229852874424,0.6267905700897056,0.5631433100224199,0.10621444487253072,0.25892901754145764,0.10981102963020241,0.4065945716602334,0.9994342672413793,0.8049895652098036,0.9882746209850201,0.13342242199622611,0.7439901588771748,8
D50_S25_W15_T10,0.5,0.25,0.15,0.1,0.7835298451374918,0.5834430075998757,0.4597896118379157,0.49002097016417084,0.5791958586848635,0.12647176445978106,0.3237402332995761,0.1143179760080448,0.3670603009475648,0.9991918103448276,0.9201942034425061,0.8247813077592097,0.21483625144941398,0.7409574547705692,9
D40_S25_W20_T15,0.4,0.25,0.2,0.15,0.6905317244084045,0.46970850777331186,0.4338739622281139,0.6337034637173256,0.556954414531789,0.10781229086952863,0.25665776218029057,0.11301727299823366,0.3978381835777334,0.999353448275862,0.7605735985585859,0.9940041086953717,0.19134025124612172,0.7400991331508073,10
D45_S20_W20_T15,0.45,0.2,0.2,0.15,0.6912881407109872,0.4200150781316806,0.4663897948608528,0.6397698538816872,0.554365716896302,0.11383263344923979,0.2712730625793066,0.11692239344116861,0.35716521525712897,0.9992726293103449,0.7419952418838065,0.9571354300558057,0.2618826502634063,0.7320287988285261,11
D55_S15_W15_T15,0.55,0.15,0.15,0.15,0.6770882037696042,0.3949061921702292,0.4553984577813727,0.6537633862984855,0.5452890600049229,0.12230394624484209,0.282182011599375,0.12607681884561547,0.30773585885402466,0.9991109913793103,0.6768546218164063,0.9296164243059556,0.42724890185310505,0.7280381988195658,12
D40_S25_W25_T10,0.4,0.25,0.25,0.1,0.8127088229835525,0.5173121287986255,0.5583770963964347,0.47197648848998464,0.5900936341671494,0.13211005704199152,0.3407323344935679,0.10591712750634254,0.3845730771125648,0.999353448275862,0.9984044807248466,0.781916891617996,0.06308267156611361,0.7247450832503598,13
D40_S30_W20_T10,0.4,0.3,0.2,0.1,0.7955357934359351,0.600596394709598,0.4719899322369175,0.4682582373802763,0.5840950894406817,0.1331964779456755,0.3272775560556588,0.10593882868266062,0.4164896573506691,0.9993534482758619,0.955354608105416,0.8158580278827853,0.06347468330079502,0.7211799910554395,14
D55_S15_W20_T10,0.55,0.15,0.2,0.1,0.7962732659473307,0.42907916772791843,0.586368901656666,0.5083635323764952,0.5800212169271026,0.136678059485124,0.3671940982194123,0.1199576735335426,0.2944707523888561,0.9991109913793103,0.9261175679940806,0.7151642258219538,0.3167121856219992,0.7198551546508136,15
D45_S20_W25_T10,0.45,0.2,0.25,0.1,0.811960182990315,0.45787792589384074,0.5971675458694761,0.48163025492461603,0.5871589774195619,0.14007645682224054,0.3540822570964743,0.11032813807767232,0.3439001087919605,0.9992726293103449,0.9773432725608143,0.7482402655568055,0.1427635091584995,0.7187861170787478,16
D55_S20_W10_T15,0.55,0.2,0.1,0.15,0.6617588026902259,0.4685760680279881,0.38082590357909013,0.6537540764918449,0.5412287126972872,0.12062019735647059,0.2809328991111358,0.12589787343935072,0.339652439092129,0.9991109913793103,0.6477146483136507,0.9327674458830872,0.4240164181344847,0.7169961213055921,17
D55_S25_W10_T10,0.55,0.25,0.1,0.1,0.768616462462484,0.6062998960639585,0.4171179150310496,0.49431739801906915,0.5715879178941403,0.1321522642914876,0.35149854743143444,0.11944542873298468,0.35830391286506474,0.9991109913793103,0.865594146783487,0.7547579530991503,0.3074589557553351,0.7096326311041221,18
D35_S30_W20_T15,0.35,0.3,0.2,0.15,0.68821434838798,0.5151612009030822,0.40476323425209176,0.6262660655871216,0.5586012122825689,0.10831811424798944,0.28345111413588825,0.11000571746789885,0.4385111518983377,0.9994342672413792,0.7723922040093759,0.9264149756663836,0.1369392782190454,0.706910727514113,19
D45_S25_W15_T15,0.45,0.25,0.15,0.15,0.6755545846727349,0.4917620462655177,0.3919199686448029,0.6401860442073842,0.54985566094761,0.114322294999172,0.283634616027932,0.11691748823320974,0.38908179549523336,0.9992726293103449,0.7096278356292521,0.925952072263593,0.2617940422058178,0.7065907715983016,20
D35_S30_W25_T10,0.35,0.3,0.25,0.1,0.8100521618523311,0.5697332304413474,0.5202559179143103,0.46122250144811555,0.590315952914026,0.13255298723388748,0.34882966040421554,0.10242496628472855,0.4252460454331692,0.9994342672413792,1.0,0.7614905097654823,0.0,0.7045962039061929,21
D45_S30_W15_T10,0.45,0.3,0.15,0.1,0.7813430405746628,0.6254755163065493,0.43055419394905653,0.4717877790160046,0.5772901324615684,0.13840303714098853,0.3507888466256062,0.1101705515016324,0.4077332692681691,0.9992726293103449,0.9065173409864563,0.756548250268963,0.13991685300813983,0.6932096071037956,22
D40_S20_W25_T15,0.4,0.2,0.25,0.15,0.7028075802374948,0.39343738874715367,0.5077397819701159,0.6296875450508153,0.5584180740013949,0.11801968353301866,0.3093701914903411,0.11337840094427966,0.36592160333962903,0.999353448275862,0.7710778719445511,0.8610312950353849,0.19786369451465327,0.692416405694905,23
D50_S15_W20_T15,0.5,0.15,0.2,0.15,0.6891015134397123,0.36651406607765163,0.4986379926727759,0.643663491744963,0.5494792659837757,0.12691152411764348,0.32258744736206063,0.12163504491629726,0.3164922469365246,0.9991918103448276,0.7069265545708378,0.8276893351763764,0.34701235257242596,0.6832488264133709,24
D50_S25_W10_T15,0.5,0.25,0.1,0.15,0.662546588281441,0.5078569644872535,0.35754495128322517,0.6442392298880636,0.5430469334849958,0.12264722547477785,0.3050016369982158,0.12144483276311754,0.3803254074127333,0.9991918103448276,0.6607635088080102,0.8720514470194278,0.34357634546237237,0.6818412514234498,25
D60_S10_W15_T15,0.6,0.1,0.15,0.15,0.6733279611812378,0.3361485208565224,0.48879875675337214,0.6570208853423136,0.5388240310333614,0.13751517560435522,0.3371794403247154,0.131710443039077,0.26706289053342025,0.9990301724137931,0.63045692264137,0.7908794520700979,0.529015126884032,0.6743375752613936,26
D40_S30_W15_T15,0.4,0.3,0.15,0.15,0.6750398280751713,0.5312305855916454,0.3673228548485012,0.6295080763935541,0.5507753362272181,0.11798020862600747,0.3077169732266701,0.11356192326046233,0.4297547638158377,0.999353448275862,0.716228087097525,0.8652017172107959,0.20117885588954912,0.6728076929012381,27
D50_S30_W10_T10,0.5,0.3,0.1,0.1,0.7671752443287811,0.6468416451060155,0.39057824902501126,0.47296470300133686,0.5693899603652862,0.14696023304948802,0.3765969953037699,0.11504094360264494,0.3989768811856691,0.9991918103448276,0.8498200222324802,0.6914443992416236,0.22789599423586684,0.662084967436815,28
D50_S15_W25_T10,0.5,0.15,0.25,0.1,0.806969965155217,0.3929399954741606,0.6345707940198393,0.48823050634967663,0.5806778152497234,0.15644854119366927,0.41402996968105643,0.11555281985265917,0.3032271404713561,0.9991918103448276,0.9308297899478879,0.5970156659853303,0.2371425665768819,0.6585666956886637,29
D60_S10_W20_T10,0.6,0.1,0.2,0.1,0.788941411440072,0.357804402089444,0.6236385369816996,0.5146027327124918,0.5712467708059268,0.15724347803540215,0.43113700935062804,0.1260874222725516,0.25379778406825165,0.999030172413793,0.8631458298396655,0.5538613050873357,0.4274404429809163,0.6522909425669837,30
D45_S30_W10_T15,0.45,0.3,0.1,0.15,0.6619329237434511,0.5458779898377883,0.3338216090942985,0.6324926168126344,0.543531284872043,0.12837126022506207,0.32811131464915266,0.11778674053091234,0.4209983757333377,0.9992726293103449,0.6642395628288172,0.8137547815034928,0.27749628323199804,0.6466969943793237,31
D45_S15_W25_T15,0.45,0.15,0.25,0.15,0.699070938172737,0.339070612457772,0.5382572688515201,0.6313752033420219,0.5519435057060127,0.13551573500216044,0.36000032571496504,0.11780134695597727,0.3252486350190247,0.9992726293103449,0.7246117117186966,0.7333112963187373,0.27776013482894696,0.638721230180763,32
D55_S10_W20_T15,0.55,0.1,0.2,0.15,0.6831236930012798,0.3086596995047741,0.5291791119461018,0.6450675832527849,0.5415075219262352,0.14590229976851768,0.3744639934965057,0.12706540909032613,0.27581927861592026,0.9991109913793103,0.649715583930313,0.6968251273842303,0.44510687282379335,0.627637659090576,33
D55_S10_W25_T10,0.55,0.1,0.25,0.1,0.7973017550008199,0.3233652446833497,0.6686324114416888,0.49134705898370823,0.5701616175273917,0.17917123345627428,0.4739365103174702,0.12148623902253433,0.2625541721507517,0.9991109913793103,0.85535798919769,0.4458949271135699,0.34432431134877073,0.5893660287942583,34
D50_S10_W25_T15,0.5,0.1,0.25,0.15,0.6917754906747657,0.28150470684354245,0.5671099624899828,0.6307922001769013,0.5427955900462981,0.15716434752986425,0.4102707838312233,0.12298759636779355,0.2845756666984203,0.9991918103448276,0.658959687462489,0.6064986195518017,0.37144494705372455,0.5804723122164612,35
D35_S25_W20_T20,0.35,0.25,0.2,0.2,0.5878725002757357,0.40387832852621297,0.35898083634680267,0.7405788299186699,0.5228276237668553,0.15218502581294172,0.3815979935718672,0.12048404514681237,0.4198596781254019,0.9994342672413793,0.515655195456929,0.6788288393154027,0.32622060333081154,0.543037734575095,36
D40_S20_W20_T20,0.4,0.2,0.2,0.2,0.589955681697226,0.35866545314363796,0.3861196794928872,0.741185394100205,0.5189815521084891,0.15633729821206346,0.38251994095656705,0.12351796082650818,0.3791867098047976,0.999353448275862,0.4880530181742789,0.6765031271561526,0.3810254918328031,0.5420275564987332,37
D35_S20_W25_T20,0.35,0.2,0.25,0.2,0.6003316039009381,0.33727606960893847,0.4255333608065442,0.7368101740056975,0.5249878020805295,0.1546546847959705,0.399534104396759,0.12066467923937385,0.3879430978872976,0.9994342672413793,0.53115818917949,0.6335830566087335,0.3294835916098672,0.5317932166372629,38
D45_S20_W15_T20,0.45,0.2,0.15,0.2,0.5772786546883992,0.3820961518194117,0.34562836035683236,0.745579183981939,0.5126455877116456,0.1607586724435912,0.39995082362510664,0.12702661834761256,0.37043032172229756,0.9992726293103449,0.4425815792431276,0.6325318372089659,0.4444061538342861,0.5189265973476946,39
D50_S15_W15_T20,0.5,0.15,0.15,0.2,0.5794665041397508,0.3374310723217448,0.3770988814864544,0.7481098627035573,0.5105265801628768,0.1650481254586125,0.4106787903818125,0.13116433117342263,0.32975735340169315,0.9991918103448276,0.42737405654989835,0.6054693788255883,0.5191501197227903,0.5169673980947528,40
D55_S15_W10_T20,0.55,0.15,0.1,0.2,0.5660500430959484,0.3644673569235907,0.33473409045077934,0.752861113323853,0.5045281509485429,0.16874629804732935,0.41812702287307363,0.1355258377777957,0.32100096531919314,0.9991109913793103,0.38432501292864574,0.5866804054445438,0.597936713810775,0.5079895101114308,41
D60_S10_W10_T20,0.6,0.1,0.1,0.2,0.5699334410739144,0.3167043089484038,0.3703286469711423,0.7536896199995112,0.502664004248243,0.1729397958509068,0.43698531105110744,0.14058311136212714,0.2803279969985888,0.9990301724137931,0.3709465550440619,0.5391083304583149,0.6892916966694751,0.5018802935348458,42
D45_S15_W20_T20,0.45,0.15,0.2,0.2,0.590082728070619,0.3113279671741639,0.41569686707795894,0.7412461176877128,0.5145884200026136,0.16444410402508577,0.42991815051354887,0.12737057796156284,0.3385137414841932,0.9992726293103449,0.4565247415368162,0.5569360085518154,0.4506194670182647,0.4955081934391056,43
D40_S25_W15_T20,0.4,0.25,0.15,0.2,0.5757534682568423,0.41997112002584736,0.3220758279389191,0.7411756349008809,0.5147440127806224,0.15897827194684597,0.4190998069619618,0.12366785248079964,0.41110329004290186,0.999353448275862,0.45764138725327264,0.5842264521914642,0.38373314631898403,0.49349376504169157,44
D35_S30_W15_T20,0.35,0.3,0.15,0.2,0.5749011485398552,0.4539976196459761,0.3054254780271122,0.7371987664463739,0.5178807531648293,0.15856387917848658,0.43177328841926177,0.12115283602672984,0.45177625836350627,0.9994342672413793,0.4801528929830707,0.5522562222039131,0.3383016937349789,0.4806239848217893,45
D40_S15_W25_T20,0.4,0.15,0.25,0.2,0.599075176377086,0.2892324288449904,0.45110624970250696,0.7335451339801627,0.5182397472261865,0.16571212578836664,0.44431270513517235,0.12419661742433734,0.3472701295666933,0.999353448275862,0.4827292926462036,0.5206241850507367,0.3932847973316617,0.47999835054510853,46
D50_S20_W10_T20,0.5,0.2,0.1,0.2,0.5645305960069424,0.40037218733012947,0.31085669382105013,0.7486798603102661,0.506109834367097,0.1670010791661674,0.437823166489216,0.13113805771862955,0.36167393363979755,0.9991918103448276,0.39567631108477647,0.5369947493446405,0.5186755139945779,0.4768035269706824,47
D55_S10_W15_T20,0.55,0.1,0.15,0.2,0.5800095368541479,0.2871205189301789,0.41075804815174455,0.747331361264534,0.5063048663001514,0.17370745689705883,0.4602108423343551,0.1360099178267402,0.28908438508108886,0.9991109913793103,0.397076000552401,0.4805194116035991,0.606681173416555,0.47237439954571103,48
D45_S25_W10_T20,0.45,0.25,0.1,0.2,0.5649195038921451,0.43128850327351775,0.29282457629116454,0.7423489876995778,0.5078453927891013,0.16609056192622754,0.44952441140841326,0.12748891571732776,0.4023469019604019,0.9992726293103449,0.4081319269712755,0.5074770913539924,0.45275712943046553,0.4567950332162003,49
D50_S10_W20_T20,0.5,0.1,0.2,0.2,0.5880952784302198,0.2630651348258875,0.44457849542803024,0.739157469850198,0.5087240946335839,0.1759703864732921,0.47609233502431053,0.1319702147664782,0.29784077316358887,0.9991918103448276,0.41443812359068594,0.44045662573420974,0.5337076635459669,0.44869943243915167,50
D40_S30_W10_T20,0.4,0.3,0.1,0.2,0.565714939425321,0.46289078301937214,0.27727295898793675,0.735431741957738,0.510327605847592,0.1660604930421895,0.4581587829698012,0.12464330327405981,0.4430198702810062,0.999353448275862,0.4259460737110351,0.48569595366537865,0.4013537652180441,0.4449275639941744,51
D45_S10_W25_T20,0.45,0.1,0.25,0.2,0.5953327063239998,0.24111229627423952,0.47660326381144474,0.7294267327015258,0.5106187497778025,0.17947435024987207,0.4883144364272863,0.1285143210505254,0.3065971612460889,0.9992726293103449,0.42803553201817784,0.40962505083501444,0.4712801310192502,0.42932025934512696,52
D35_S20_W20_T25,0.35,0.2,0.2,0.25,0.5130800927904867,0.31686816130515805,0.32943917899595193,0.8062564505064761,0.49141097089951824,0.19767225439221753,0.48938828920131805,0.1336617614418179,0.4012082043524661,0.9994342672413793,0.29018669172133454,0.40691614087414574,0.5642638940827372,0.39169391185473956,53
D45_S15_W15_T25,0.45,0.15,0.15,0.25,0.5068251863995376,0.2949088864361271,0.31887804867428116,0.8031156162946269,0.4809319344511432,0.20330938347187974,0.5082067298584998,0.13977030643300342,0.35177884794936176,0.9992726293103449,0.21498158700878575,0.35944458557624115,0.674609125293938,0.36469229409279835,54
D40_S20_W15_T25,0.4,0.2,0.15,0.25,0.5037017486691601,0.33655974328054156,0.2914075280701989,0.8044240063246978,0.48402325658614953,0.20117790019771592,0.5130164782544989,0.13647373057584702,0.39245181626996617,0.999353448275862,0.23716713870609113,0.3473114741718941,0.6150595229437738,0.35680334973994887,55
D55_S10_W10_T25,0.55,0.1,0.1,0.25,0.49804259848313404,0.2763275165676465,0.3118532934293579,0.8071328189402333,0.4733390568550929,0.21030914113011362,0.5308053023725867,0.14770966438142902,0.3023494915462574,0.9991109913793103,0.1604896346719779,0.30243723813979084,0.8180263039758753,0.34877600991988256,56
D40_S15_W20_T25,0.4,0.15,0.2,0.25,0.515162074664865,0.2729241412038872,0.35447876902397224,0.8015709233266163,0.4860339770548352,0.20194961341220855,0.5286467821227291,0.13665424755564212,0.3605352360318617,0.999353448275862,0.25159751540533615,0.3078823393184402,0.6183203956887205,0.3474560210272547,57
D50_S15_W10_T25,0.5,0.15,0.1,0.25,0.49488084880230054,0.31950401342480617,0.2797218442507689,0.805810958627973,0.4749794162764621,0.20745101636079874,0.5260891143772042,0.14345538343696282,0.3430224598668617,0.9991918103448276,0.1722620340388506,0.3143343332974958,0.7411766425373628,0.34287387544201114,58
D35_S15_W25_T25,0.35,0.15,0.25,0.25,0.5203975753653632,0.25399304487076546,0.38678928457686773,0.8010746855280146,0.4905636475852528,0.20251045430888995,0.5470816406572492,0.13414686534136808,0.3692916241143618,0.9994342672413793,0.2841056900100943,0.26137841148122387,0.573026848605387,0.33279901031760467,59
D35_S25_W15_T25,0.35,0.25,0.15,0.25,0.49882965227516746,0.37115097067540026,0.2709406153708936,0.8073715585638754,0.4870731992213342,0.20179228804568705,0.5364309431929819,0.1339429568358342,0.43312478459057047,0.9994342672413793,0.2590557213421308,0.2882459497032741,0.5693434295225233,0.33278935432266665,60
D50_S10_W15_T25,0.5,0.1,0.15,0.25,0.5067675591000623,0.2496373144594043,0.3476664068748994,0.8025705460880571,0.47666045663060574,0.20934588363694515,0.5529332316286528,0.14378001931835502,0.3111058796287574,0.9991918103448276,0.18432638904727272,0.24661713930994567,0.7470408903154122,0.3217855894059698,61
D45_S20_W10_T25,0.45,0.2,0.1,0.25,0.4927128692075954,0.3505152246910035,0.25910345413187524,0.8038850283114813,0.47655414408548885,0.2065049781053559,0.544781574179606,0.1398822543932636,0.3836954281874661,0.9992726293103449,0.18356341373678858,0.2671805783542067,0.6766313619438041,0.31562386922515895,62
D45_S10_W20_T25,0.45,0.1,0.2,0.25,0.5129211924058077,0.227820961632585,0.3783046477525447,0.7979415465670021,0.4792470870894849,0.2098240789876619,0.5701205849344171,0.14039086953926908,0.3198622677112574,0.9992726293103449,0.20288991017548086,0.20326017856368794,0.685819025448694,0.29962384058540636,63
D40_S25_W10_T25,0.4,0.25,0.1,0.25,0.49135565897943434,0.377928526351497,0.24436180604553784,0.8031768314353258,0.47920570570294874,0.20646648392451658,0.558815025389788,0.13704356651430763,0.42436839650807046,0.999353448275862,0.20259292757379482,0.23177967732947924,0.6253530835989902,0.2988196586811077,64
D35_S30_W10_T25,0.35,0.3,0.1,0.25,0.4885045750259377,0.4073654029216743,0.23190607149951925,0.8055126835765838,0.48332218325592874,0.20785395678864851,0.5736066120770645,0.13498566265905904,0.46504136482867486,0.9994342672413792,0.23213573210013305,0.19446629742938526,0.5881789485070006,0.28827660151320744,65
D40_S10_W25_T25,0.4,0.1,0.25,0.25,0.5173873232037759,0.20950552210247003,0.4067705704853028,0.7946771121196679,0.48208513197780417,0.21150172437060855,0.5851715900171979,0.13758216394609793,0.3286186557937575,0.999353448275862,0.22325776212985235,0.16529238765623055,0.6350823494432163,0.28243652980307643,66
D40_S15_W15_T30,0.4,0.15,0.15,0.3,0.4524881409187212,0.2681349712584133,0.27976871863372904,0.8421761844517827,0.46064200381566156,0.23206083219186327,0.5740412131933694,0.15129552080231362,0.37380034249703026,0.999353448275862,0.06936644714653596,0.19336996902996895,0.882801492899529,0.2816548650505078,67
D35_S15_W20_T30,0.35,0.15,0.2,0.3,0.4560205676319483,0.2496847644604371,0.3136737064704892,0.847069506400874,0.4666121362409371,0.23200627133919227,0.5973847419404369,0.14882352598295112,0.3825567305795304,0.9994342672413793,0.11221241265133704,0.13448338878923427,0.8381471864666469,0.2663077578695579,68
D35_S20_W15_T30,0.35,0.2,0.15,0.3,0.4447988628657945,0.3101187209420345,0.25469235959945463,0.8504356760695175,0.4650114048692003,0.2330162333518168,0.595743316470063,0.14878620827217484,0.41447331081763467,0.9994342672413793,0.10072441267908792,0.13862406236595315,0.8374730764404748,0.2632340053061114,69
D50_S10_W10_T30,0.5,0.1,0.1,0.3,0.4467880288393259,0.24847471924525205,0.270371791899512,0.838271550361561,0.45097652258641274,0.2364529716043617,0.5897968311163089,0.1577834527742241,0.32437098609392595,0.9991918103448276,0.0,0.1536247158973172,1.0,0.2614498863589269,70
D45_S15_W10_T30,0.45,0.15,0.1,0.3,0.44262023068918727,0.2890372313184301,0.24191254352031383,0.8401566089404807,0.453431653617103,0.23528649448844635,0.5982440654201668,0.15431973507941846,0.3650439544145303,0.9992726293103449,0.01761978662405757,0.13231565221477903,0.9374311345115461,0.2474604024378439,71
D45_S10_W15_T30,0.45,0.1,0.15,0.3,0.45380438170919163,0.22460261577090543,0.3053011203304113,0.8377180729664917,0.45535654769425,0.235566738742542,0.6131154571955862,0.15449799166785216,0.33312737417642596,0.9992726293103449,0.031434211389690506,0.09480095533397226,0.9406511753713614,0.2386243017637374,72
D40_S20_W10_T30,0.4,0.2,0.1,0.3,0.4398021154204726,0.31900480343045806,0.22558382199761823,0.8425980175781492,0.4567471896066745,0.23536007757228397,0.617014195580531,0.15152504503326192,0.40571692273513466,0.999353448275862,0.041414458252727285,0.08496596537892842,0.8869476364360191,0.2279416967398661,73
D40_S10_W20_T30,0.4,0.1,0.2,0.3,0.45824440161058544,0.20569845440829262,0.335057982414242,0.8376377437847404,0.4591596455544651,0.23605629981155382,0.6319392893764478,0.15174318495648167,0.34188376225892597,0.999353448275862,0.05872797777924225,0.047315799333481845,0.8908881329534076,0.2205951374357712,74
D35_S25_W10_T30,0.35,0.25,0.1,0.3,0.4327226561876711,0.34982163603999117,0.2119723994834095,0.85105707787516,0.46139344239655794,0.23838985266669094,0.6390846783917505,0.14943692275139459,0.446389891055739,0.9994342672413793,0.0747593110266997,0.029290781429805013,0.8492276333383267,0.21146556365026725,75
D35_S10_W25_T30,0.35,0.1,0.25,0.3,0.45862010881931276,0.1902041924628823,0.3631373369494465,0.840900178482542,0.4632154541785459,0.238336761087781,0.6506959860196596,0.1495483608180567,0.350640150341426,0.9994342672413793,0.08783537842344515,0.0,0.8512406592306306,0.2053822832155042,76
