configuration,seed,learning_rate,discount_factor,epsilon_start,epsilon_min,epsilon_decay,episodes,final_epsilon,q_table_size,training_runtime_seconds,rollout_runtime_seconds,greedy_reward,exact_best_reward,reward_gap,optimal_reward_match,exact_rank,distance_km,travel_time_minutes,on_time_deliveries,late_deliveries,on_time_rate,total_lateness_minutes,greedy_route
baseline,1,0.2,0.95,1.0,0.05,0.998,5000,0.05,216,1.8354660949999015,0.0003986329993495019,2.310818510333462,2.310818510333462,0.0,True,1,57.32448403424207,61.6449552881404,5,0,1.0,0.0,651a4745322d5c0cf180c327 -> 651a4257322d5c0cf180c210 -> 651a4129322d5c0cf180c1eb -> 651a42f1322d5c0cf180c25d -> 651a484a322d5c0cf180c361
baseline,7,0.2,0.95,1.0,0.05,0.998,5000,0.05,218,1.7760328419999496,0.000375511000129336,2.310818510333462,2.310818510333462,0.0,True,1,57.32448403424207,61.6449552881404,5,0,1.0,0.0,651a4745322d5c0cf180c327 -> 651a4257322d5c0cf180c210 -> 651a4129322d5c0cf180c1eb -> 651a42f1322d5c0cf180c25d -> 651a484a322d5c0cf180c361
baseline,13,0.2,0.95,1.0,0.05,0.998,5000,0.05,216,1.7675192160004372,0.00033376499959558714,2.310818510333462,2.310818510333462,0.0,True,1,57.32448403424207,61.6449552881404,5,0,1.0,0.0,651a4745322d5c0cf180c327 -> 651a4257322d5c0cf180c210 -> 651a4129322d5c0cf180c1eb -> 651a42f1322d5c0cf180c25d -> 651a484a322d5c0cf180c361
baseline,21,0.2,0.95,1.0,0.05,0.998,5000,0.05,219,1.7562249760003397,0.0003553750002538436,2.310818510333462,2.310818510333462,0.0,True,1,57.32448403424207,61.6449552881404,5,0,1.0,0.0,651a4745322d5c0cf180c327 -> 651a4257322d5c0cf180c210 -> 651a4129322d5c0cf180c1eb -> 651a42f1322d5c0cf180c25d -> 651a484a322d5c0cf180c361
baseline,42,0.2,0.95,1.0,0.05,0.998,5000,0.05,211,1.7598980809998466,0.0003536340000209748,2.310818510333462,2.310818510333462,0.0,True,1,57.32448403424207,61.6449552881404,5,0,1.0,0.0,651a4745322d5c0cf180c327 -> 651a4257322d5c0cf180c210 -> 651a4129322d5c0cf180c1eb -> 651a42f1322d5c0cf180c25d -> 651a484a322d5c0cf180c361
alpha_0.05,1,0.05,0.95,1.0,0.05,0.998,5000,0.05,216,1.773171394000201,0.00040630500006955117,2.310818510333462,2.310818510333462,0.0,True,1,57.32448403424207,61.6449552881404,5,0,1.0,0.0,651a4745322d5c0cf180c327 -> 651a4257322d5c0cf180c210 -> 651a4129322d5c0cf180c1eb -> 651a42f1322d5c0cf180c25d -> 651a484a322d5c0cf180c361
alpha_0.05,7,0.05,0.95,1.0,0.05,0.998,5000,0.05,217,1.7722888790003708,0.0003406189998713671,2.310818510333462,2.310818510333462,0.0,True,1,57.32448403424207,61.6449552881404,5,0,1.0,0.0,651a4745322d5c0cf180c327 -> 651a4257322d5c0cf180c210 -> 651a4129322d5c0cf180c1eb -> 651a42f1322d5c0cf180c25d -> 651a484a322d5c0cf180c361
alpha_0.05,13,0.05,0.95,1.0,0.05,0.998,5000,0.05,214,1.7740767330005838,0.00035265899987280136,2.310818510333462,2.310818510333462,0.0,True,1,57.32448403424207,61.6449552881404,5,0,1.0,0.0,651a4745322d5c0cf180c327 -> 651a4257322d5c0cf180c210 -> 651a4129322d5c0cf180c1eb -> 651a42f1322d5c0cf180c25d -> 651a484a322d5c0cf180c361
alpha_0.05,21,0.05,0.95,1.0,0.05,0.998,5000,0.05,219,1.7697843770001782,0.00034566500016808277,2.310818510333462,2.310818510333462,0.0,True,1,57.32448403424207,61.6449552881404,5,0,1.0,0.0,651a4745322d5c0cf180c327 -> 651a4257322d5c0cf180c210 -> 651a4129322d5c0cf180c1eb -> 651a42f1322d5c0cf180c25d -> 651a484a322d5c0cf180c361
alpha_0.05,42,0.05,0.95,1.0,0.05,0.998,5000,0.05,210,1.7922957640003006,0.0003391499994904734,2.310818510333462,2.310818510333462,0.0,True,1,57.32448403424207,61.6449552881404,5,0,1.0,0.0,651a4745322d5c0cf180c327 -> 651a4257322d5c0cf180c210 -> 651a4129322d5c0cf180c1eb -> 651a42f1322d5c0cf180c25d -> 651a484a322d5c0cf180c361
alpha_0.10,1,0.1,0.95,1.0,0.05,0.998,5000,0.05,216,1.7668034560001615,0.00034870800027420046,2.310818510333462,2.310818510333462,0.0,True,1,57.32448403424207,61.6449552881404,5,0,1.0,0.0,651a4745322d5c0cf180c327 -> 651a4257322d5c0cf180c210 -> 651a4129322d5c0cf180c1eb -> 651a42f1322d5c0cf180c25d -> 651a484a322d5c0cf180c361
alpha_0.10,7,0.1,0.95,1.0,0.05,0.998,5000,0.05,217,1.7666966879996835,0.00035459000082482817,2.310818510333462,2.310818510333462,0.0,True,1,57.32448403424207,61.6449552881404,5,0,1.0,0.0,651a4745322d5c0cf180c327 -> 651a4257322d5c0cf180c210 -> 651a4129322d5c0cf180c1eb -> 651a42f1322d5c0cf180c25d -> 651a484a322d5c0cf180c361
alpha_0.10,13,0.1,0.95,1.0,0.05,0.998,5000,0.05,214,1.8064097719998244,0.0003563880000001518,2.310818510333462,2.310818510333462,0.0,True,1,57.32448403424207,61.6449552881404,5,0,1.0,0.0,651a4745322d5c0cf180c327 -> 651a4257322d5c0cf180c210 -> 651a4129322d5c0cf180c1eb -> 651a42f1322d5c0cf180c25d -> 651a484a322d5c0cf180c361
alpha_0.10,21,0.1,0.95,1.0,0.05,0.998,5000,0.05,219,1.797367134000524,0.00035226199997850927,2.310818510333462,2.310818510333462,0.0,True,1,57.32448403424207,61.6449552881404,5,0,1.0,0.0,651a4745322d5c0cf180c327 -> 651a4257322d5c0cf180c210 -> 651a4129322d5c0cf180c1eb -> 651a42f1322d5c0cf180c25d -> 651a484a322d5c0cf180c361
alpha_0.10,42,0.1,0.95,1.0,0.05,0.998,5000,0.05,211,1.8077667520001341,0.00036073100000066916,2.310818510333462,2.310818510333462,0.0,True,1,57.32448403424207,61.6449552881404,5,0,1.0,0.0,651a4745322d5c0cf180c327 -> 651a4257322d5c0cf180c210 -> 651a4129322d5c0cf180c1eb -> 651a42f1322d5c0cf180c25d -> 651a484a322d5c0cf180c361
alpha_0.50,1,0.5,0.95,1.0,0.05,0.998,5000,0.05,216,1.813618303000112,0.00036653400002251146,2.310818510333462,2.310818510333462,0.0,True,1,57.32448403424207,61.6449552881404,5,0,1.0,0.0,651a4745322d5c0cf180c327 -> 651a4257322d5c0cf180c210 -> 651a4129322d5c0cf180c1eb -> 651a42f1322d5c0cf180c25d -> 651a484a322d5c0cf180c361
alpha_0.50,7,0.5,0.95,1.0,0.05,0.998,5000,0.05,218,1.7992675010000312,0.00036296800044510746,2.310818510333462,2.310818510333462,0.0,True,1,57.32448403424207,61.6449552881404,5,0,1.0,0.0,651a4745322d5c0cf180c327 -> 651a4257322d5c0cf180c210 -> 651a4129322d5c0cf180c1eb -> 651a42f1322d5c0cf180c25d -> 651a484a322d5c0cf180c361
alpha_0.50,13,0.5,0.95,1.0,0.05,0.998,5000,0.05,215,1.7983026769998105,0.00037679399974877015,2.310818510333462,2.310818510333462,0.0,True,1,57.32448403424207,61.6449552881404,5,0,1.0,0.0,651a4745322d5c0cf180c327 -> 651a4257322d5c0cf180c210 -> 651a4129322d5c0cf180c1eb -> 651a42f1322d5c0cf180c25d -> 651a484a322d5c0cf180c361
alpha_0.50,21,0.5,0.95,1.0,0.05,0.998,5000,0.05,220,1.8154728569998042,0.00035282299995742505,2.310818510333462,2.310818510333462,0.0,True,1,57.32448403424207,61.6449552881404,5,0,1.0,0.0,651a4745322d5c0cf180c327 -> 651a4257322d5c0cf180c210 -> 651a4129322d5c0cf180c1eb -> 651a42f1322d5c0cf180c25d -> 651a484a322d5c0cf180c361
alpha_0.50,42,0.5,0.95,1.0,0.05,0.998,5000,0.05,213,1.796892105000552,0.00035346699951332994,2.310818510333462,2.310818510333462,0.0,True,1,57.32448403424207,61.6449552881404,5,0,1.0,0.0,651a4745322d5c0cf180c327 -> 651a4257322d5c0cf180c210 -> 651a4129322d5c0cf180c1eb -> 651a42f1322d5c0cf180c25d -> 651a484a322d5c0cf180c361
gamma_0.80,1,0.2,0.8,1.0,0.05,0.998,5000,0.05,216,1.801114582000082,0.00034869999944930896,2.310818510333462,2.310818510333462,0.0,True,1,57.32448403424207,61.6449552881404,5,0,1.0,0.0,651a4745322d5c0cf180c327 -> 651a4257322d5c0cf180c210 -> 651a4129322d5c0cf180c1eb -> 651a42f1322d5c0cf180c25d -> 651a484a322d5c0cf180c361
gamma_0.80,7,0.2,0.8,1.0,0.05,0.998,5000,0.05,218,1.7725264020000395,0.0003502320005281945,2.310818510333462,2.310818510333462,0.0,True,1,57.32448403424207,61.6449552881404,5,0,1.0,0.0,651a4745322d5c0cf180c327 -> 651a4257322d5c0cf180c210 -> 651a4129322d5c0cf180c1eb -> 651a42f1322d5c0cf180c25d -> 651a484a322d5c0cf180c361
gamma_0.80,13,0.2,0.8,1.0,0.05,0.998,5000,0.05,216,1.7637630460003493,0.00036782600000151433,2.310818510333462,2.310818510333462,0.0,True,1,57.32448403424207,61.6449552881404,5,0,1.0,0.0,651a4745322d5c0cf180c327 -> 651a4257322d5c0cf180c210 -> 651a4129322d5c0cf180c1eb -> 651a42f1322d5c0cf180c25d -> 651a484a322d5c0cf180c361
gamma_0.80,21,0.2,0.8,1.0,0.05,0.998,5000,0.05,219,1.840930646999368,0.00036069399993721163,2.310818510333462,2.310818510333462,0.0,True,1,57.32448403424207,61.6449552881404,5,0,1.0,0.0,651a4745322d5c0cf180c327 -> 651a4257322d5c0cf180c210 -> 651a4129322d5c0cf180c1eb -> 651a42f1322d5c0cf180c25d -> 651a484a322d5c0cf180c361
gamma_0.80,42,0.2,0.8,1.0,0.05,0.998,5000,0.05,211,1.7697823380003683,0.00033840100059023825,2.310818510333462,2.310818510333462,0.0,True,1,57.32448403424207,61.6449552881404,5,0,1.0,0.0,651a4745322d5c0cf180c327 -> 651a4257322d5c0cf180c210 -> 651a4129322d5c0cf180c1eb -> 651a42f1322d5c0cf180c25d -> 651a484a322d5c0cf180c361
gamma_0.90,1,0.2,0.9,1.0,0.05,0.998,5000,0.05,216,1.786514420000458,0.0003698500004247762,2.310818510333462,2.310818510333462,0.0,True,1,57.32448403424207,61.6449552881404,5,0,1.0,0.0,651a4745322d5c0cf180c327 -> 651a4257322d5c0cf180c210 -> 651a4129322d5c0cf180c1eb -> 651a42f1322d5c0cf180c25d -> 651a484a322d5c0cf180c361
gamma_0.90,7,0.2,0.9,1.0,0.05,0.998,5000,0.05,218,1.7858499570002095,0.00035469299928081455,2.310818510333462,2.310818510333462,0.0,True,1,57.32448403424207,61.6449552881404,5,0,1.0,0.0,651a4745322d5c0cf180c327 -> 651a4257322d5c0cf180c210 -> 651a4129322d5c0cf180c1eb -> 651a42f1322d5c0cf180c25d -> 651a484a322d5c0cf180c361
gamma_0.90,13,0.2,0.9,1.0,0.05,0.998,5000,0.05,216,1.7618448530001842,0.000349346999428235,2.310818510333462,2.310818510333462,0.0,True,1,57.32448403424207,61.6449552881404,5,0,1.0,0.0,651a4745322d5c0cf180c327 -> 651a4257322d5c0cf180c210 -> 651a4129322d5c0cf180c1eb -> 651a42f1322d5c0cf180c25d -> 651a484a322d5c0cf180c361
gamma_0.90,21,0.2,0.9,1.0,0.05,0.998,5000,0.05,219,1.7850933079998867,0.00038728500021534273,2.310818510333462,2.310818510333462,0.0,True,1,57.32448403424207,61.6449552881404,5,0,1.0,0.0,651a4745322d5c0cf180c327 -> 651a4257322d5c0cf180c210 -> 651a4129322d5c0cf180c1eb -> 651a42f1322d5c0cf180c25d -> 651a484a322d5c0cf180c361
gamma_0.90,42,0.2,0.9,1.0,0.05,0.998,5000,0.05,211,1.7558328670002084,0.00034340300044277683,2.310818510333462,2.310818510333462,0.0,True,1,57.32448403424207,61.6449552881404,5,0,1.0,0.0,651a4745322d5c0cf180c327 -> 651a4257322d5c0cf180c210 -> 651a4129322d5c0cf180c1eb -> 651a42f1322d5c0cf180c25d -> 651a484a322d5c0cf180c361
gamma_0.99,1,0.2,0.99,1.0,0.05,0.998,5000,0.05,215,1.792521420000412,0.0003749650004465366,2.310818510333462,2.310818510333462,0.0,True,1,57.32448403424207,61.6449552881404,5,0,1.0,0.0,651a4745322d5c0cf180c327 -> 651a4257322d5c0cf180c210 -> 651a4129322d5c0cf180c1eb -> 651a42f1322d5c0cf180c25d -> 651a484a322d5c0cf180c361
gamma_0.99,7,0.2,0.99,1.0,0.05,0.998,5000,0.05,218,1.8246216010002172,0.0003549879993443028,2.310818510333462,2.310818510333462,0.0,True,1,57.32448403424207,61.6449552881404,5,0,1.0,0.0,651a4745322d5c0cf180c327 -> 651a4257322d5c0cf180c210 -> 651a4129322d5c0cf180c1eb -> 651a42f1322d5c0cf180c25d -> 651a484a322d5c0cf180c361
gamma_0.99,13,0.2,0.99,1.0,0.05,0.998,5000,0.05,216,1.8018491750008252,0.00037125700055185007,2.310818510333462,2.310818510333462,0.0,True,1,57.32448403424207,61.6449552881404,5,0,1.0,0.0,651a4745322d5c0cf180c327 -> 651a4257322d5c0cf180c210 -> 651a4129322d5c0cf180c1eb -> 651a42f1322d5c0cf180c25d -> 651a484a322d5c0cf180c361
gamma_0.99,21,0.2,0.99,1.0,0.05,0.998,5000,0.05,220,1.7852941840001222,0.0003664209998532897,2.310818510333462,2.310818510333462,0.0,True,1,57.32448403424207,61.6449552881404,5,0,1.0,0.0,651a4745322d5c0cf180c327 -> 651a4257322d5c0cf180c210 -> 651a4129322d5c0cf180c1eb -> 651a42f1322d5c0cf180c25d -> 651a484a322d5c0cf180c361
gamma_0.99,42,0.2,0.99,1.0,0.05,0.998,5000,0.05,213,1.7936222630005432,0.0003501269993648748,2.310818510333462,2.310818510333462,0.0,True,1,57.32448403424207,61.6449552881404,5,0,1.0,0.0,651a4745322d5c0cf180c327 -> 651a4257322d5c0cf180c210 -> 651a4129322d5c0cf180c1eb -> 651a42f1322d5c0cf180c25d -> 651a484a322d5c0cf180c361
epsilon_decay_0.990,1,0.2,0.95,1.0,0.05,0.99,5000,0.05,155,1.8063748299991857,0.0003625899998951354,2.310818510333462,2.310818510333462,0.0,True,1,57.32448403424207,61.6449552881404,5,0,1.0,0.0,651a4745322d5c0cf180c327 -> 651a4257322d5c0cf180c210 -> 651a4129322d5c0cf180c1eb -> 651a42f1322d5c0cf180c25d -> 651a484a322d5c0cf180c361
epsilon_decay_0.990,7,0.2,0.95,1.0,0.05,0.99,5000,0.05,166,1.8033683280000332,0.0003414590000829776,2.310818510333462,2.310818510333462,0.0,True,1,57.32448403424207,61.6449552881404,5,0,1.0,0.0,651a4745322d5c0cf180c327 -> 651a4257322d5c0cf180c210 -> 651a4129322d5c0cf180c1eb -> 651a42f1322d5c0cf180c25d -> 651a484a322d5c0cf180c361
epsilon_decay_0.990,13,0.2,0.95,1.0,0.05,0.99,5000,0.05,157,1.7933771489997525,0.00034616700031619985,2.310818510333462,2.310818510333462,0.0,True,1,57.32448403424207,61.6449552881404,5,0,1.0,0.0,651a4745322d5c0cf180c327 -> 651a4257322d5c0cf180c210 -> 651a4129322d5c0cf180c1eb -> 651a42f1322d5c0cf180c25d -> 651a484a322d5c0cf180c361
epsilon_decay_0.990,21,0.2,0.95,1.0,0.05,0.99,5000,0.05,175,1.8386965250001595,0.00035354999999981374,2.310818510333462,2.310818510333462,0.0,True,1,57.32448403424207,61.6449552881404,5,0,1.0,0.0,651a4745322d5c0cf180c327 -> 651a4257322d5c0cf180c210 -> 651a4129322d5c0cf180c1eb -> 651a42f1322d5c0cf180c25d -> 651a484a322d5c0cf180c361
epsilon_decay_0.990,42,0.2,0.95,1.0,0.05,0.99,5000,0.05,162,1.803222595999614,0.00035979899985250086,2.310818510333462,2.310818510333462,0.0,True,1,57.32448403424207,61.6449552881404,5,0,1.0,0.0,651a4745322d5c0cf180c327 -> 651a4257322d5c0cf180c210 -> 651a4129322d5c0cf180c1eb -> 651a42f1322d5c0cf180c25d -> 651a484a322d5c0cf180c361
epsilon_decay_0.995,1,0.2,0.95,1.0,0.05,0.995,5000,0.05,189,1.797485596000115,0.0003409749997445033,2.310818510333462,2.310818510333462,0.0,True,1,57.32448403424207,61.6449552881404,5,0,1.0,0.0,651a4745322d5c0cf180c327 -> 651a4257322d5c0cf180c210 -> 651a4129322d5c0cf180c1eb -> 651a42f1322d5c0cf180c25d -> 651a484a322d5c0cf180c361
epsilon_decay_0.995,7,0.2,0.95,1.0,0.05,0.995,5000,0.05,188,1.7595736510002098,0.0003436390006754664,2.310818510333462,2.310818510333462,0.0,True,1,57.32448403424207,61.6449552881404,5,0,1.0,0.0,651a4745322d5c0cf180c327 -> 651a4257322d5c0cf180c210 -> 651a4129322d5c0cf180c1eb -> 651a42f1322d5c0cf180c25d -> 651a484a322d5c0cf180c361
epsilon_decay_0.995,13,0.2,0.95,1.0,0.05,0.995,5000,0.05,198,1.803419383999426,0.0003532589998940239,2.310818510333462,2.310818510333462,0.0,True,1,57.32448403424207,61.6449552881404,5,0,1.0,0.0,651a4745322d5c0cf180c327 -> 651a4257322d5c0cf180c210 -> 651a4129322d5c0cf180c1eb -> 651a42f1322d5c0cf180c25d -> 651a484a322d5c0cf180c361
epsilon_decay_0.995,21,0.2,0.95,1.0,0.05,0.995,5000,0.05,186,1.79241930399985,0.0003629540005931631,2.310818510333462,2.310818510333462,0.0,True,1,57.32448403424207,61.6449552881404,5,0,1.0,0.0,651a4745322d5c0cf180c327 -> 651a4257322d5c0cf180c210 -> 651a4129322d5c0cf180c1eb -> 651a42f1322d5c0cf180c25d -> 651a484a322d5c0cf180c361
epsilon_decay_0.995,42,0.2,0.95,1.0,0.05,0.995,5000,0.05,183,1.7696207090002645,0.00035417399976722663,2.310818510333462,2.310818510333462,0.0,True,1,57.32448403424207,61.6449552881404,5,0,1.0,0.0,651a4745322d5c0cf180c327 -> 651a4257322d5c0cf180c210 -> 651a4129322d5c0cf180c1eb -> 651a42f1322d5c0cf180c25d -> 651a484a322d5c0cf180c361
epsilon_decay_0.9995,1,0.2,0.95,1.0,0.05,0.9995,5000,0.0820336944319021,227,1.775167873999635,0.00036695299968414474,2.310818510333462,2.310818510333462,0.0,True,1,57.32448403424207,61.6449552881404,5,0,1.0,0.0,651a4745322d5c0cf180c327 -> 651a4257322d5c0cf180c210 -> 651a4129322d5c0cf180c1eb -> 651a42f1322d5c0cf180c25d -> 651a484a322d5c0cf180c361
epsilon_decay_0.9995,7,0.2,0.95,1.0,0.05,0.9995,5000,0.0820336944319021,227,1.775549067000611,0.0003557049994924455,2.310818510333462,2.310818510333462,0.0,True,1,57.32448403424207,61.6449552881404,5,0,1.0,0.0,651a4745322d5c0cf180c327 -> 651a4257322d5c0cf180c210 -> 651a4129322d5c0cf180c1eb -> 651a42f1322d5c0cf180c25d -> 651a484a322d5c0cf180c361
epsilon_decay_0.9995,13,0.2,0.95,1.0,0.05,0.9995,5000,0.0820336944319021,226,1.75555871799952,0.0003526640002746717,2.310818510333462,2.310818510333462,0.0,True,1,57.32448403424207,61.6449552881404,5,0,1.0,0.0,651a4745322d5c0cf180c327 -> 651a4257322d5c0cf180c210 -> 651a4129322d5c0cf180c1eb -> 651a42f1322d5c0cf180c25d -> 651a484a322d5c0cf180c361
epsilon_decay_0.9995,21,0.2,0.95,1.0,0.05,0.9995,5000,0.0820336944319021,225,1.7862242919991331,0.00035746699995797826,2.310818510333462,2.310818510333462,0.0,True,1,57.32448403424207,61.6449552881404,5,0,1.0,0.0,651a4745322d5c0cf180c327 -> 651a4257322d5c0cf180c210 -> 651a4129322d5c0cf180c1eb -> 651a42f1322d5c0cf180c25d -> 651a484a322d5c0cf180c361
epsilon_decay_0.9995,42,0.2,0.95,1.0,0.05,0.9995,5000,0.0820336944319021,227,1.7904085290001603,0.0003544949995557545,2.310818510333462,2.310818510333462,0.0,True,1,57.32448403424207,61.6449552881404,5,0,1.0,0.0,651a4745322d5c0cf180c327 -> 651a4257322d5c0cf180c210 -> 651a4129322d5c0cf180c1eb -> 651a42f1322d5c0cf180c25d -> 651a484a322d5c0cf180c361
episodes_500,1,0.2,0.95,1.0,0.05,0.998,500,0.36751125485715885,214,0.17364597899995715,0.00048419500035379315,2.310818510333462,2.310818510333462,0.0,True,1,57.32448403424207,61.6449552881404,5,0,1.0,0.0,651a4745322d5c0cf180c327 -> 651a4257322d5c0cf180c210 -> 651a4129322d5c0cf180c1eb -> 651a42f1322d5c0cf180c25d -> 651a484a322d5c0cf180c361
episodes_500,7,0.2,0.95,1.0,0.05,0.998,500,0.36751125485715885,216,0.17365495200010628,0.00032463699972140603,2.310818510333462,2.310818510333462,0.0,True,1,57.32448403424207,61.6449552881404,5,0,1.0,0.0,651a4745322d5c0cf180c327 -> 651a4257322d5c0cf180c210 -> 651a4129322d5c0cf180c1eb -> 651a42f1322d5c0cf180c25d -> 651a484a322d5c0cf180c361
episodes_500,13,0.2,0.95,1.0,0.05,0.998,500,0.36751125485715885,210,0.17326649100050417,0.00032176000058825593,2.310818510333462,2.310818510333462,0.0,True,1,57.32448403424207,61.6449552881404,5,0,1.0,0.0,651a4745322d5c0cf180c327 -> 651a4257322d5c0cf180c210 -> 651a4129322d5c0cf180c1eb -> 651a42f1322d5c0cf180c25d -> 651a484a322d5c0cf180c361
episodes_500,21,0.2,0.95,1.0,0.05,0.998,500,0.36751125485715885,219,0.17309175799982768,0.00033362899921485223,2.310818510333462,2.310818510333462,0.0,True,1,57.32448403424207,61.6449552881404,5,0,1.0,0.0,651a4745322d5c0cf180c327 -> 651a4257322d5c0cf180c210 -> 651a4129322d5c0cf180c1eb -> 651a42f1322d5c0cf180c25d -> 651a484a322d5c0cf180c361
episodes_500,42,0.2,0.95,1.0,0.05,0.998,500,0.36751125485715885,210,0.17891185600001336,0.0003353629999764962,2.310818510333462,2.310818510333462,0.0,True,1,57.32448403424207,61.6449552881404,5,0,1.0,0.0,651a4745322d5c0cf180c327 -> 651a4257322d5c0cf180c210 -> 651a4129322d5c0cf180c1eb -> 651a42f1322d5c0cf180c25d -> 651a484a322d5c0cf180c361
episodes_1000,1,0.2,0.95,1.0,0.05,0.998,1000,0.13506452244668335,216,0.3553207459999612,0.0003385600002729916,2.310818510333462,2.310818510333462,0.0,True,1,57.32448403424207,61.6449552881404,5,0,1.0,0.0,651a4745322d5c0cf180c327 -> 651a4257322d5c0cf180c210 -> 651a4129322d5c0cf180c1eb -> 651a42f1322d5c0cf180c25d -> 651a484a322d5c0cf180c361
episodes_1000,7,0.2,0.95,1.0,0.05,0.998,1000,0.13506452244668335,218,0.3510392279995358,0.0003354179998495965,2.310818510333462,2.310818510333462,0.0,True,1,57.32448403424207,61.6449552881404,5,0,1.0,0.0,651a4745322d5c0cf180c327 -> 651a4257322d5c0cf180c210 -> 651a4129322d5c0cf180c1eb -> 651a42f1322d5c0cf180c25d -> 651a484a322d5c0cf180c361
episodes_1000,13,0.2,0.95,1.0,0.05,0.998,1000,0.13506452244668335,215,0.35104472400053055,0.00033432200052629923,2.310818510333462,2.310818510333462,0.0,True,1,57.32448403424207,61.6449552881404,5,0,1.0,0.0,651a4745322d5c0cf180c327 -> 651a4257322d5c0cf180c210 -> 651a4129322d5c0cf180c1eb -> 651a42f1322d5c0cf180c25d -> 651a484a322d5c0cf180c361
episodes_1000,21,0.2,0.95,1.0,0.05,0.998,1000,0.13506452244668335,219,0.35309741299988673,0.0003416109993850114,2.310818510333462,2.310818510333462,0.0,True,1,57.32448403424207,61.6449552881404,5,0,1.0,0.0,651a4745322d5c0cf180c327 -> 651a4257322d5c0cf180c210 -> 651a4129322d5c0cf180c1eb -> 651a42f1322d5c0cf180c25d -> 651a484a322d5c0cf180c361
episodes_1000,42,0.2,0.95,1.0,0.05,0.998,1000,0.13506452244668335,211,0.34817968200059113,0.00032250799995381385,2.310818510333462,2.310818510333462,0.0,True,1,57.32448403424207,61.6449552881404,5,0,1.0,0.0,651a4745322d5c0cf180c327 -> 651a4257322d5c0cf180c210 -> 651a4129322d5c0cf180c1eb -> 651a42f1322d5c0cf180c25d -> 651a484a322d5c0cf180c361
episodes_2500,1,0.2,0.95,1.0,0.05,0.998,2500,0.05,216,0.8823323229999005,0.00033567500031495,2.310818510333462,2.310818510333462,0.0,True,1,57.32448403424207,61.6449552881404,5,0,1.0,0.0,651a4745322d5c0cf180c327 -> 651a4257322d5c0cf180c210 -> 651a4129322d5c0cf180c1eb -> 651a42f1322d5c0cf180c25d -> 651a484a322d5c0cf180c361
episodes_2500,7,0.2,0.95,1.0,0.05,0.998,2500,0.05,218,0.8835261009999158,0.00034560599942778936,2.310818510333462,2.310818510333462,0.0,True,1,57.32448403424207,61.6449552881404,5,0,1.0,0.0,651a4745322d5c0cf180c327 -> 651a4257322d5c0cf180c210 -> 651a4129322d5c0cf180c1eb -> 651a42f1322d5c0cf180c25d -> 651a484a322d5c0cf180c361
episodes_2500,13,0.2,0.95,1.0,0.05,0.998,2500,0.05,216,0.8808282190002501,0.0003293290001238347,2.310818510333462,2.310818510333462,0.0,True,1,57.32448403424207,61.6449552881404,5,0,1.0,0.0,651a4745322d5c0cf180c327 -> 651a4257322d5c0cf180c210 -> 651a4129322d5c0cf180c1eb -> 651a42f1322d5c0cf180c25d -> 651a484a322d5c0cf180c361
episodes_2500,21,0.2,0.95,1.0,0.05,0.998,2500,0.05,219,0.8936799149996659,0.000434184999903664,2.310818510333462,2.310818510333462,0.0,True,1,57.32448403424207,61.6449552881404,5,0,1.0,0.0,651a4745322d5c0cf180c327 -> 651a4257322d5c0cf180c210 -> 651a4129322d5c0cf180c1eb -> 651a42f1322d5c0cf180c25d -> 651a484a322d5c0cf180c361
episodes_2500,42,0.2,0.95,1.0,0.05,0.998,2500,0.05,211,0.9107635260006646,0.0003351100003783358,2.310818510333462,2.310818510333462,0.0,True,1,57.32448403424207,61.6449552881404,5,0,1.0,0.0,651a4745322d5c0cf180c327 -> 651a4257322d5c0cf180c210 -> 651a4129322d5c0cf180c1eb -> 651a42f1322d5c0cf180c25d -> 651a484a322d5c0cf180c361
