seed,training_episodes,training_runtime_seconds,rollout_runtime_seconds,final_epsilon,q_table_size,greedy_reward,exact_best_reward,reward_gap,reward_gap_percent,optimal_reward_match,exact_route_match,greedy_distance_km,greedy_travel_time_minutes,on_time_deliveries,late_deliveries,on_time_rate,total_lateness_minutes,greedy_route,mean_first_100_reward,mean_last_100_reward,std_last_100_reward,mean_last_500_reward,std_last_500_reward,best_episode_reward,best_rolling_100_reward,final_rolling_100_reward,rolling_100_gap_percent
1,5000,1.8216435290005393,0.00036164299945085077,0.05,216,2.310818510333462,2.310818510333462,0.0,0.0,True,True,57.32448403424207,61.6449552881404,5,0,1.0,0.0,651a4745322d5c0cf180c327 -> 651a4257322d5c0cf180c210 -> 651a4129322d5c0cf180c1eb -> 651a42f1322d5c0cf180c25d -> 651a484a322d5c0cf180c361,-1.2843014022120078,2.115538706142597,0.5418863544173667,2.115189667836301,0.5688182535496609,2.310818510333462,2.233888061001719,2.1155387061425976,5.297908920559399
7,5000,1.7765895819993602,0.00036195899974700296,0.05,218,2.310818510333462,2.310818510333462,0.0,0.0,True,True,57.32448403424207,61.6449552881404,5,0,1.0,0.0,651a4745322d5c0cf180c327 -> 651a4257322d5c0cf180c210 -> 651a4129322d5c0cf180c1eb -> 651a42f1322d5c0cf180c25d -> 651a484a322d5c0cf180c361,-1.163063872147823,2.1113018724150647,0.567442946484781,2.101943937170804,0.5630492487458166,2.310818510333462,2.2784588686648117,2.1113018724150647,7.336406136122258
13,5000,1.7514262260001487,0.0003504650003378629,0.05,216,2.310818510333462,2.310818510333462,0.0,0.0,True,True,57.32448403424207,61.6449552881404,5,0,1.0,0.0,651a4745322d5c0cf180c327 -> 651a4257322d5c0cf180c210 -> 651a4129322d5c0cf180c1eb -> 651a42f1322d5c0cf180c25d -> 651a484a322d5c0cf180c361,-0.9727394365747277,2.173150647289639,0.42551299858677005,2.0832862098732936,0.6057866481922434,2.310818510333462,2.2593313693145958,2.173150647289639,3.8144348011731077
21,5000,1.7557297749999634,0.0003406489995541051,0.05,219,2.310818510333462,2.310818510333462,0.0,0.0,True,True,57.32448403424207,61.6449552881404,5,0,1.0,0.0,651a4745322d5c0cf180c327 -> 651a4257322d5c0cf180c210 -> 651a4129322d5c0cf180c1eb -> 651a42f1322d5c0cf180c25d -> 651a484a322d5c0cf180c361,-2.1298909519959373,2.0948298733215167,0.606142700849763,2.086251921293177,0.5829370608651017,2.310818510333462,2.2322783420523504,2.0948298733215167,6.157317666956532
42,5000,1.7729805919998398,0.00035064300027443096,0.05,211,2.310818510333462,2.310818510333462,0.0,0.0,True,True,57.32448403424207,61.6449552881404,5,0,1.0,0.0,651a4745322d5c0cf180c327 -> 651a4257322d5c0cf180c210 -> 651a4129322d5c0cf180c1eb -> 651a42f1322d5c0cf180c25d -> 651a484a322d5c0cf180c361,-1.510772162689704,2.101407831137398,0.5910458211436312,2.1122995178734514,0.5537524803263162,2.310818510333462,2.2418367394802705,2.101407831137398,6.264011373791134
99,5000,1.749841707000087,0.00034132700056943577,0.05,213,2.310818510333462,2.310818510333462,0.0,0.0,True,True,57.32448403424207,61.6449552881404,5,0,1.0,0.0,651a4745322d5c0cf180c327 -> 651a4257322d5c0cf180c210 -> 651a4129322d5c0cf180c1eb -> 651a42f1322d5c0cf180c25d -> 651a484a322d5c0cf180c361,-1.03309605957224,2.0415518668766,0.6502560612757897,2.1285975379224533,0.5424467770036897,2.310818510333462,2.2776634619724287,2.0415518668766,10.366395169344248
123,5000,1.7419044580001355,0.0003471729996817885,0.05,216,2.310818510333462,2.310818510333462,0.0,0.0,True,True,57.32448403424207,61.6449552881404,5,0,1.0,0.0,651a4745322d5c0cf180c327 -> 651a4257322d5c0cf180c210 -> 651a4129322d5c0cf180c1eb -> 651a42f1322d5c0cf180c25d -> 651a484a322d5c0cf180c361,-1.5698162348952411,2.1523986201729484,0.568926035026491,2.103828428412346,0.5902729476990822,2.310818510333462,2.212173009141229,2.1523986201729484,2.7020666431277567
2026,5000,1.783883531000356,0.00034330200014665024,0.05,214,2.310818510333462,2.310818510333462,0.0,0.0,True,True,57.32448403424207,61.6449552881404,5,0,1.0,0.0,651a4745322d5c0cf180c327 -> 651a4257322d5c0cf180c210 -> 651a4129322d5c0cf180c1eb -> 651a42f1322d5c0cf180c25d -> 651a484a322d5c0cf180c361,-1.6600501742302043,2.0420434677102275,0.6786169409891515,2.1273872865520898,0.5444496875656322,2.310818510333462,2.2447407133141213,2.0420434677102275,9.029873446035236
31415,5000,1.7731723550004972,0.0003372669998498168,0.05,212,2.310818510333462,2.310818510333462,0.0,0.0,True,True,57.32448403424207,61.6449552881404,5,0,1.0,0.0,651a4745322d5c0cf180c327 -> 651a4257322d5c0cf180c210 -> 651a4129322d5c0cf180c1eb -> 651a42f1322d5c0cf180c25d -> 651a484a322d5c0cf180c361,-1.146009711467573,2.079606491116505,0.6063344057528178,2.0846304919015317,0.6139054230941092,2.310818510333462,2.221237594653533,2.0796064911165044,6.376224852214429
27182,5000,1.7733568370003923,0.00035328700050740736,0.05,204,2.310818510333462,2.310818510333462,0.0,0.0,True,True,57.32448403424207,61.6449552881404,5,0,1.0,0.0,651a4745322d5c0cf180c327 -> 651a4257322d5c0cf180c210 -> 651a4129322d5c0cf180c1eb -> 651a42f1322d5c0cf180c25d -> 651a484a322d5c0cf180c361,-1.0465071136773765,2.1303886665499627,0.5326280601685962,2.0646019840737853,0.7006720682329591,2.310818510333462,2.2412621767457868,2.1303886665499627,4.946922825280862
