configuration,learning_rate,discount_factor,epsilon_start,epsilon_min,epsilon_decay,episodes,runs,optimal_hit_count,optimal_hit_rate,mean_exact_rank,median_exact_rank,mean_greedy_reward,std_greedy_reward,mean_reward_gap,max_reward_gap,mean_distance_km,mean_travel_time_minutes,mean_on_time_rate,mean_late_deliveries,mean_total_lateness_minutes,mean_training_runtime_seconds,mean_q_table_size,unique_greedy_routes,sensitivity_rank
episodes_500,0.2,0.95,1.0,0.05,0.998,500,5,5,1.0,1.0,1.0,2.310818510333462,0.0,0.0,0.0,57.324484034242076,61.644955288140395,1.0,0.0,0.0,0.17451420720008173,213.8,1,1
episodes_1000,0.2,0.95,1.0,0.05,0.998,1000,5,5,1.0,1.0,1.0,2.310818510333462,0.0,0.0,0.0,57.324484034242076,61.644955288140395,1.0,0.0,0.0,0.3517363586001011,215.8,1,2
episodes_2500,0.2,0.95,1.0,0.05,0.998,2500,5,5,1.0,1.0,1.0,2.310818510333462,0.0,0.0,0.0,57.324484034242076,61.644955288140395,1.0,0.0,0.0,0.8902260168000794,216.0,1,3
gamma_0.90,0.2,0.9,1.0,0.05,0.998,5000,5,5,1.0,1.0,1.0,2.310818510333462,0.0,0.0,0.0,57.324484034242076,61.644955288140395,1.0,0.0,0.0,1.7750270810001894,216.0,1,4
alpha_0.05,0.05,0.95,1.0,0.05,0.998,5000,5,5,1.0,1.0,1.0,2.310818510333462,0.0,0.0,0.0,57.324484034242076,61.644955288140395,1.0,0.0,0.0,1.776323429400327,215.2,1,5
epsilon_decay_0.9995,0.2,0.95,1.0,0.05,0.9995,5000,5,5,1.0,1.0,1.0,2.310818510333462,0.0,0.0,0.0,57.324484034242076,61.644955288140395,1.0,0.0,0.0,1.776581695999812,226.4,1,6
baseline,0.2,0.95,1.0,0.05,0.998,5000,5,5,1.0,1.0,1.0,2.310818510333462,0.0,0.0,0.0,57.324484034242076,61.644955288140395,1.0,0.0,0.0,1.779028242000095,216.0,1,7
epsilon_decay_0.995,0.2,0.95,1.0,0.05,0.995,5000,5,5,1.0,1.0,1.0,2.310818510333462,0.0,0.0,0.0,57.324484034242076,61.644955288140395,1.0,0.0,0.0,1.784503728799973,188.8,1,8
alpha_0.10,0.1,0.95,1.0,0.05,0.998,5000,5,5,1.0,1.0,1.0,2.310818510333462,0.0,0.0,0.0,57.324484034242076,61.644955288140395,1.0,0.0,0.0,1.7890087604000655,215.4,1,9
gamma_0.80,0.2,0.8,1.0,0.05,0.998,5000,5,5,1.0,1.0,1.0,2.310818510333462,0.0,0.0,0.0,57.324484034242076,61.644955288140395,1.0,0.0,0.0,1.7896234030000415,216.0,1,10
gamma_0.99,0.2,0.99,1.0,0.05,0.998,5000,5,5,1.0,1.0,1.0,2.310818510333462,0.0,0.0,0.0,57.324484034242076,61.644955288140395,1.0,0.0,0.0,1.7995817286004239,216.4,1,11
alpha_0.50,0.5,0.95,1.0,0.05,0.998,5000,5,5,1.0,1.0,1.0,2.310818510333462,0.0,0.0,0.0,57.324484034242076,61.644955288140395,1.0,0.0,0.0,1.804710688600062,216.4,1,12
epsilon_decay_0.990,0.2,0.95,1.0,0.05,0.99,5000,5,5,1.0,1.0,1.0,2.310818510333462,0.0,0.0,0.0,57.324484034242076,61.644955288140395,1.0,0.0,0.0,1.809007885599749,163.0,1,13
