total_reward,total_distance_km,total_travel_time_minutes,delivery_order,exact_rank
2.310818510333462,57.32448403424207,61.6449552881404,651a4745322d5c0cf180c327 -> 651a4257322d5c0cf180c210 -> 651a4129322d5c0cf180c1eb -> 651a42f1322d5c0cf180c25d -> 651a484a322d5c0cf180c361,1
1.92916268910525,57.98102849073933,62.42665437000106,651a4745322d5c0cf180c327 -> 651a4129322d5c0cf180c1eb -> 651a4257322d5c0cf180c210 -> 651a42f1322d5c0cf180c25d -> 651a484a322d5c0cf180c361,2
1.3214405957583004,63.45270860334407,68.02372195543495,651a4257322d5c0cf180c210 -> 651a4129322d5c0cf180c1eb -> 651a4745322d5c0cf180c327 -> 651a42f1322d5c0cf180c25d -> 651a484a322d5c0cf180c361,3
1.265129896792618,59.77701410744099,65.79768761232198,651a484a322d5c0cf180c361 -> 651a4745322d5c0cf180c327 -> 651a4257322d5c0cf180c210 -> 651a4129322d5c0cf180c1eb -> 651a42f1322d5c0cf180c25d,4
1.0758998644273647,65.83828890256436,70.62027591385457,651a4257322d5c0cf180c210 -> 651a4745322d5c0cf180c327 -> 651a4129322d5c0cf180c1eb -> 651a42f1322d5c0cf180c25d -> 651a484a322d5c0cf180c361,5
1.0193254437684018,66.30716705225029,72.12166826980155,651a4745322d5c0cf180c327 -> 651a4257322d5c0cf180c210 -> 651a42f1322d5c0cf180c25d -> 651a4129322d5c0cf180c1eb -> 651a484a322d5c0cf180c361,6
0.9568528576585373,63.95137196102297,69.54061538542051,651a4745322d5c0cf180c327 -> 651a42f1322d5c0cf180c25d -> 651a4257322d5c0cf180c210 -> 651a4129322d5c0cf180c1eb -> 651a484a322d5c0cf180c361,7
0.9307976092268588,60.81415073882835,66.0064376561862,651a42f1322d5c0cf180c25d -> 651a4257322d5c0cf180c210 -> 651a4129322d5c0cf180c1eb -> 651a4745322d5c0cf180c327 -> 651a484a322d5c0cf180c361,8
0.8942684727281054,63.51180314305396,68.17067137292213,651a4129322d5c0cf180c1eb -> 651a4257322d5c0cf180c210 -> 651a4745322d5c0cf180c327 -> 651a42f1322d5c0cf180c25d -> 651a484a322d5c0cf180c361,9
0.8319876030626121,63.48814911028489,69.44235641721195,651a4257322d5c0cf180c210 -> 651a4129322d5c0cf180c1eb -> 651a42f1322d5c0cf180c25d -> 651a4745322d5c0cf180c327 -> 651a484a322d5c0cf180c361,10
0.7475357038367954,60.433558563938256,66.57938669418265,651a484a322d5c0cf180c361 -> 651a4745322d5c0cf180c327 -> 651a4129322d5c0cf180c1eb -> 651a4257322d5c0cf180c210 -> 651a42f1322d5c0cf180c25d,11
0.7254252822810037,63.3832313759525,69.03731406449559,651a4745322d5c0cf180c327 -> 651a42f1322d5c0cf180c25d -> 651a4129322d5c0cf180c1eb -> 651a4257322d5c0cf180c210 -> 651a484a322d5c0cf180c361,12
0.6976010855346004,66.33695226024324,72.1371693438401,651a4745322d5c0cf180c327 -> 651a4129322d5c0cf180c1eb -> 651a42f1322d5c0cf180c25d -> 651a4257322d5c0cf180c210 -> 651a484a322d5c0cf180c361,13
0.6828663499396739,60.2460101537579,65.5031363352613,651a42f1322d5c0cf180c25d -> 651a4129322d5c0cf180c1eb -> 651a4257322d5c0cf180c210 -> 651a4745322d5c0cf180c327 -> 651a484a322d5c0cf180c361,14
0.6430764010329288,57.991069413608216,62.001420945150706,651a484a322d5c0cf180c361 -> 651a42f1322d5c0cf180c25d -> 651a4257322d5c0cf180c210 -> 651a4129322d5c0cf180c1eb -> 651a4745322d5c0cf180c327,15
0.469335198005288,66.43573881935173,71.25502557822807,651a4129322d5c0cf180c1eb -> 651a4745322d5c0cf180c327 -> 651a4257322d5c0cf180c210 -> 651a42f1322d5c0cf180c25d -> 651a484a322d5c0cf180c361,16
0.4518277633743959,67.49436329801598,74.02574454205791,651a4745322d5c0cf180c327 -> 651a484a322d5c0cf180c361 -> 651a4257322d5c0cf180c210 -> 651a4129322d5c0cf180c1eb -> 651a42f1322d5c0cf180c25d,17
0.36634741003350135,67.97280280685246,72.85324187053132,651a4745322d5c0cf180c327 -> 651a4257322d5c0cf180c210 -> 651a4129322d5c0cf180c1eb -> 651a484a322d5c0cf180c361 -> 651a42f1322d5c0cf180c25d,18
0.34978051109671915,66.34305579148753,72.08619101686511,651a4257322d5c0cf180c210 -> 651a42f1322d5c0cf180c25d -> 651a4129322d5c0cf180c1eb -> 651a4745322d5c0cf180c327 -> 651a484a322d5c0cf180c361,19
0.32729152807734185,64.14469356678215,70.22405549907262,651a4129322d5c0cf180c1eb -> 651a4257322d5c0cf180c210 -> 651a42f1322d5c0cf180c25d -> 651a4745322d5c0cf180c327 -> 651a484a322d5c0cf180c361,20
0.3263720610049099,65.46401506138557,69.73913173158208,651a4745322d5c0cf180c327 -> 651a484a322d5c0cf180c361 -> 651a42f1322d5c0cf180c25d -> 651a4257322d5c0cf180c210 -> 651a4129322d5c0cf180c1eb,21
0.2802758367643863,66.40737497871777,72.35789986114504,651a42f1322d5c0cf180c25d -> 651a4745322d5c0cf180c327 -> 651a4257322d5c0cf180c210 -> 651a4129322d5c0cf180c1eb -> 651a484a322d5c0cf180c361,22
0.1551133592475309,69.29206686791339,75.0172355348368,651a42f1322d5c0cf180c25d -> 651a4257322d5c0cf180c210 -> 651a4745322d5c0cf180c327 -> 651a4129322d5c0cf180c1eb -> 651a484a322d5c0cf180c361,23
0.11117762650072627,66.3728409994805,72.10169209090371,651a4129322d5c0cf180c1eb -> 651a42f1322d5c0cf180c25d -> 651a4257322d5c0cf180c210 -> 651a4745322d5c0cf180c327 -> 651a484a322d5c0cf180c361,24
0.09057983910727918,66.11375348010336,72.70227767585747,651a484a322d5c0cf180c361 -> 651a4257322d5c0cf180c210 -> 651a4129322d5c0cf180c1eb -> 651a4745322d5c0cf180c327 -> 651a42f1322d5c0cf180c25d,25
0.02853069149436127,68.03189734656233,73.00019128801847,651a4745322d5c0cf180c327 -> 651a4129322d5c0cf180c1eb -> 651a4257322d5c0cf180c210 -> 651a484a322d5c0cf180c361 -> 651a42f1322d5c0cf180c25d,26
-0.02205493224432642,72.5635151561573,79.08790396023605,651a4257322d5c0cf180c210 -> 651a42f1322d5c0cf180c25d -> 651a4745322d5c0cf180c327 -> 651a4129322d5c0cf180c1eb -> 651a484a322d5c0cf180c361,27
-0.048248154114349795,66.46646951842764,72.5048492786322,651a42f1322d5c0cf180c25d -> 651a4745322d5c0cf180c327 -> 651a4129322d5c0cf180c1eb -> 651a4257322d5c0cf180c210 -> 651a484a322d5c0cf180c361,28
-0.09407210507472907,63.36056219183886,69.09782139360371,651a484a322d5c0cf180c361 -> 651a4745322d5c0cf180c327 -> 651a42f1322d5c0cf180c25d -> 651a4257322d5c0cf180c210 -> 651a4129322d5c0cf180c1eb,29
-0.10676579028300293,73.31469606569024,78.09967887182059,651a4745322d5c0cf180c327 -> 651a4257322d5c0cf180c210 -> 651a484a322d5c0cf180c361 -> 651a42f1322d5c0cf180c25d -> 651a4129322d5c0cf180c1eb,30
-0.13575065686125987,71.83794170456491,77.86568527272262,651a4257322d5c0cf180c210 -> 651a4745322d5c0cf180c327 -> 651a42f1322d5c0cf180c25d -> 651a4129322d5c0cf180c1eb -> 651a484a322d5c0cf180c361,31
-0.14111219470301672,68.00869154608971,72.81776461759489,651a4257322d5c0cf180c210 -> 651a4129322d5c0cf180c1eb -> 651a4745322d5c0cf180c327 -> 651a484a322d5c0cf180c361 -> 651a42f1322d5c0cf180c25d,32
-0.22191662768488496,68.66483174313304,74.3669847964247,651a42f1322d5c0cf180c25d -> 651a4129322d5c0cf180c1eb -> 651a4745322d5c0cf180c327 -> 651a4257322d5c0cf180c210 -> 651a484a322d5c0cf180c361,33
-0.23205347605489224,68.49933377932363,75.29883163427711,651a484a322d5c0cf180c361 -> 651a4257322d5c0cf180c210 -> 651a4745322d5c0cf180c327 -> 651a4129322d5c0cf180c1eb -> 651a42f1322d5c0cf180c25d,34
-0.30174770443537213,66.17284801981324,72.84922709334467,651a484a322d5c0cf180c361 -> 651a4129322d5c0cf180c1eb -> 651a4257322d5c0cf180c210 -> 651a4745322d5c0cf180c327 -> 651a42f1322d5c0cf180c25d,35
-0.33276968688868913,64.24250865207259,68.90439482981861,651a4257322d5c0cf180c210 -> 651a4129322d5c0cf180c1eb -> 651a42f1322d5c0cf180c25d -> 651a484a322d5c0cf180c361 -> 651a4745322d5c0cf180c327,36
-0.34277485426041443,65.71635728306617,71.67887427798475,651a484a322d5c0cf180c361 -> 651a4745322d5c0cf180c327 -> 651a4257322d5c0cf180c210 -> 651a42f1322d5c0cf180c25d -> 651a4129322d5c0cf180c1eb,37
-0.3499620575207324,57.42292882853776,61.498119624225815,651a484a322d5c0cf180c361 -> 651a42f1322d5c0cf180c25d -> 651a4129322d5c0cf180c1eb -> 651a4257322d5c0cf180c210 -> 651a4745322d5c0cf180c327,38
-0.4327275284154579,63.58429365349761,68.35288315010952,651a484a322d5c0cf180c361 -> 651a42f1322d5c0cf180c25d -> 651a4745322d5c0cf180c327 -> 651a4257322d5c0cf180c210 -> 651a4129322d5c0cf180c1eb,39
-0.5209463117048034,71.96606523936991,78.45315429586255,651a4129322d5c0cf180c1eb -> 651a42f1322d5c0cf180c25d -> 651a4745322d5c0cf180c327 -> 651a4257322d5c0cf180c210 -> 651a484a322d5c0cf180c361,40
-0.5538840695079597,76.56972934388838,83.67129208508199,651a4745322d5c0cf180c327 -> 651a4129322d5c0cf180c1eb -> 651a484a322d5c0cf180c361 -> 651a4257322d5c0cf180c210 -> 651a42f1322d5c0cf180c25d,41
-0.5683600374759734,68.0677860857996,72.96471403508208,651a4129322d5c0cf180c1eb -> 651a4257322d5c0cf180c210 -> 651a4745322d5c0cf180c327 -> 651a484a322d5c0cf180c361 -> 651a42f1322d5c0cf180c25d,42
-0.5769425058515525,68.15090775451324,74.80744362391857,651a4745322d5c0cf180c327 -> 651a484a322d5c0cf180c361 -> 651a4129322d5c0cf180c1eb -> 651a4257322d5c0cf180c210 -> 651a42f1322d5c0cf180c25d,43
-0.5774912133383319,67.16173452050546,71.81993827375167,651a42f1322d5c0cf180c25d -> 651a484a322d5c0cf180c361 -> 651a4745322d5c0cf180c327 -> 651a4257322d5c0cf180c210 -> 651a4129322d5c0cf180c1eb,44
-0.5910882528482757,73.37818432432036,79.91416506604793,651a4257322d5c0cf180c210 -> 651a4129322d5c0cf180c1eb -> 651a484a322d5c0cf180c361 -> 651a4745322d5c0cf180c327 -> 651a42f1322d5c0cf180c25d,45
-0.6255135568230916,70.5433592854977,75.84446214629051,651a4745322d5c0cf180c327 -> 651a42f1322d5c0cf180c25d -> 651a484a322d5c0cf180c361 -> 651a4257322d5c0cf180c210 -> 651a4129322d5c0cf180c1eb,46
-0.6714932313292388,64.89587447631513,69.23583041065717,651a4745322d5c0cf180c327 -> 651a484a322d5c0cf180c361 -> 651a42f1322d5c0cf180c25d -> 651a4129322d5c0cf180c1eb -> 651a4257322d5c0cf180c210,47
-0.6866779603272588,73.35058480492751,78.06420161888418,651a4257322d5c0cf180c210 -> 651a4745322d5c0cf180c327 -> 651a484a322d5c0cf180c361 -> 651a42f1322d5c0cf180c25d -> 651a4129322d5c0cf180c1eb,48
-0.7177351172430222,73.52638950150535,79.07576576908362,651a4745322d5c0cf180c327 -> 651a4257322d5c0cf180c210 -> 651a42f1322d5c0cf180c25d -> 651a484a322d5c0cf180c361 -> 651a4129322d5c0cf180c1eb,49
-0.7379296264463797,65.74614249105915,71.69437535202334,651a484a322d5c0cf180c361 -> 651a4745322d5c0cf180c327 -> 651a4129322d5c0cf180c1eb -> 651a42f1322d5c0cf180c25d -> 651a4257322d5c0cf180c210,50
-0.7838967277266393,67.69628661742163,73.30135445080083,651a42f1322d5c0cf180c25d -> 651a4257322d5c0cf180c210 -> 651a4129322d5c0cf180c1eb -> 651a484a322d5c0cf180c361 -> 651a4745322d5c0cf180c327,51
-0.7902730013411741,63.10585414466116,69.52538582163614,651a484a322d5c0cf180c361 -> 651a4257322d5c0cf180c210 -> 651a4129322d5c0cf180c1eb -> 651a42f1322d5c0cf180c25d -> 651a4745322d5c0cf180c327,52
-0.7903551647181924,75.76376462354062,82.51071902446753,651a4257322d5c0cf180c210 -> 651a484a322d5c0cf180c361 -> 651a4745322d5c0cf180c327 -> 651a4129322d5c0cf180c1eb -> 651a42f1322d5c0cf180c25d,53
-0.8054433036934665,72.46517682934525,78.51593601113466,651a4129322d5c0cf180c1eb -> 651a4745322d5c0cf180c327 -> 651a42f1322d5c0cf180c25d -> 651a4257322d5c0cf180c210 -> 651a484a322d5c0cf180c361,54
-0.8379492436534707,64.89905310856986,69.68609391167928,651a4129322d5c0cf180c1eb -> 651a4257322d5c0cf180c210 -> 651a42f1322d5c0cf180c25d -> 651a484a322d5c0cf180c361 -> 651a4745322d5c0cf180c327,55
-0.8736377261085184,76.48660767517474,81.8285624962455,651a4257322d5c0cf180c210 -> 651a4745322d5c0cf180c327 -> 651a4129322d5c0cf180c1eb -> 651a484a322d5c0cf180c361 -> 651a42f1322d5c0cf180c25d,56
-0.962226217431388,69.09678369611102,75.9335812986506,651a484a322d5c0cf180c361 -> 651a4129322d5c0cf180c1eb -> 651a4745322d5c0cf180c327 -> 651a4257322d5c0cf180c210 -> 651a42f1322d5c0cf180c25d,57
-1.007729807025905,73.43727886403023,80.06111448353509,651a4129322d5c0cf180c1eb -> 651a4257322d5c0cf180c210 -> 651a484a322d5c0cf180c361 -> 651a4745322d5c0cf180c327 -> 651a42f1322d5c0cf180c25d,58
-1.0176301646185086,67.12814603235117,72.79805312987591,651a42f1322d5c0cf180c25d -> 651a4129322d5c0cf180c1eb -> 651a4257322d5c0cf180c210 -> 651a484a322d5c0cf180c361 -> 651a4745322d5c0cf180c327,59
-1.0560927505420958,76.36121454032802,83.14546868884105,651a4129322d5c0cf180c1eb -> 651a484a322d5c0cf180c361 -> 651a4745322d5c0cf180c327 -> 651a4257322d5c0cf180c210 -> 651a42f1322d5c0cf180c25d,60
-1.0916061223757303,62.79242160676841,68.59452007267882,651a484a322d5c0cf180c361 -> 651a4745322d5c0cf180c327 -> 651a42f1322d5c0cf180c25d -> 651a4129322d5c0cf180c1eb -> 651a4257322d5c0cf180c210,61
-1.1556915612463539,73.43370647364117,79.90693120772067,651a4745322d5c0cf180c327 -> 651a484a322d5c0cf180c361 -> 651a4257322d5c0cf180c210 -> 651a42f1322d5c0cf180c25d -> 651a4129322d5c0cf180c1eb,62
-1.1803695382891632,66.46898554269323,71.01221882380128,651a484a322d5c0cf180c361 -> 651a42f1322d5c0cf180c25d -> 651a4257322d5c0cf180c210 -> 651a4745322d5c0cf180c327 -> 651a4129322d5c0cf180c1eb,63
-1.209770644777632,73.31787469794497,78.54994237284268,651a4257322d5c0cf180c210 -> 651a42f1322d5c0cf180c25d -> 651a484a322d5c0cf180c361 -> 651a4745322d5c0cf180c327 -> 651a4129322d5c0cf180c1eb,64
-1.2161726630084448,63.762398601158424,70.3070849034968,651a484a322d5c0cf180c361 -> 651a4129322d5c0cf180c1eb -> 651a4257322d5c0cf180c210 -> 651a42f1322d5c0cf180c25d -> 651a4745322d5c0cf180c327,65
-1.2778258848184947,67.40613806330309,72.31028441705622,651a42f1322d5c0cf180c25d -> 651a484a322d5c0cf180c361 -> 651a4257322d5c0cf180c210 -> 651a4129322d5c0cf180c1eb -> 651a4745322d5c0cf180c327,66
-1.3357666836335715,65.99054603385677,72.18472149532788,651a484a322d5c0cf180c361 -> 651a4129322d5c0cf180c1eb -> 651a42f1322d5c0cf180c25d -> 651a4257322d5c0cf180c210 -> 651a4745322d5c0cf180c327,67
-1.367682513687458,73.2251916700808,79.38110781147975,651a4257322d5c0cf180c210 -> 651a42f1322d5c0cf180c25d -> 651a4129322d5c0cf180c1eb -> 651a484a322d5c0cf180c361 -> 651a4745322d5c0cf180c327,68
-1.3778184696051474,73.53391440010866,80.14316279906417,651a42f1322d5c0cf180c25d -> 651a4745322d5c0cf180c327 -> 651a484a322d5c0cf180c361 -> 651a4257322d5c0cf180c210 -> 651a4129322d5c0cf180c1eb,69
-1.3879754649860816,76.60561808312563,83.63581483214557,651a4129322d5c0cf180c1eb -> 651a4745322d5c0cf180c327 -> 651a484a322d5c0cf180c361 -> 651a4257322d5c0cf180c210 -> 651a42f1322d5c0cf180c25d,70
-1.3949714264284192,75.97227942710099,83.03654242070847,651a4745322d5c0cf180c327 -> 651a4257322d5c0cf180c210 -> 651a484a322d5c0cf180c361 -> 651a4129322d5c0cf180c1eb -> 651a42f1322d5c0cf180c25d,71
-1.435819828105884,76.48660767517471,81.82856249624548,651a4129322d5c0cf180c1eb -> 651a4745322d5c0cf180c327 -> 651a4257322d5c0cf180c210 -> 651a484a322d5c0cf180c361 -> 651a42f1322d5c0cf180c25d,72
-1.4903095114382252,79.55582751149886,86.33667620199022,651a4745322d5c0cf180c327 -> 651a42f1322d5c0cf180c25d -> 651a4257322d5c0cf180c210 -> 651a484a322d5c0cf180c361 -> 651a4129322d5c0cf180c1eb,73
-1.5025776836091984,63.64338819320751,68.4998325675967,651a484a322d5c0cf180c361 -> 651a42f1322d5c0cf180c25d -> 651a4745322d5c0cf180c327 -> 651a4129322d5c0cf180c1eb -> 651a4257322d5c0cf180c210,74
-1.509276558954855,76.17420274650662,82.31215232945138,651a42f1322d5c0cf180c25d -> 651a4257322d5c0cf180c210 -> 651a484a322d5c0cf180c361 -> 651a4745322d5c0cf180c327 -> 651a4129322d5c0cf180c1eb,75
-1.5173135497104442,71.09312804051225,76.05511668360452,651a4257322d5c0cf180c210 -> 651a4129322d5c0cf180c1eb -> 651a484a322d5c0cf180c361 -> 651a42f1322d5c0cf180c25d -> 651a4745322d5c0cf180c327,76
-1.5772563149280578,72.18122019053355,79.1709333646602,651a484a322d5c0cf180c361 -> 651a4257322d5c0cf180c210 -> 651a42f1322d5c0cf180c25d -> 651a4745322d5c0cf180c327 -> 651a4129322d5c0cf180c1eb,77
-1.5908619865119102,76.41860628930426,82.80249847275593,651a42f1322d5c0cf180c25d -> 651a4257322d5c0cf180c210 -> 651a4745322d5c0cf180c327 -> 651a484a322d5c0cf180c361 -> 651a4129322d5c0cf180c1eb,78
-1.591051540053682,73.25497687807376,79.39660888551833,651a4129322d5c0cf180c1eb -> 651a42f1322d5c0cf180c25d -> 651a4257322d5c0cf180c210 -> 651a484a322d5c0cf180c361 -> 651a4745322d5c0cf180c327,79
-1.604929587689511,71.45564673894117,77.94871467714677,651a484a322d5c0cf180c361 -> 651a4257322d5c0cf180c210 -> 651a4745322d5c0cf180c327 -> 651a42f1322d5c0cf180c25d -> 651a4129322d5c0cf180c1eb,80
-1.6313139817871154,70.60245382520759,75.99141156377769,651a4745322d5c0cf180c327 -> 651a42f1322d5c0cf180c25d -> 651a484a322d5c0cf180c361 -> 651a4129322d5c0cf180c1eb -> 651a4257322d5c0cf180c210,81
-1.6487308016189,67.22082906021535,71.96688769123885,651a42f1322d5c0cf180c25d -> 651a484a322d5c0cf180c361 -> 651a4745322d5c0cf180c327 -> 651a4129322d5c0cf180c1eb -> 651a4257322d5c0cf180c210,82
-1.6746958147001387,67.46523260301298,72.4572338345434,651a42f1322d5c0cf180c25d -> 651a484a322d5c0cf180c361 -> 651a4129322d5c0cf180c1eb -> 651a4257322d5c0cf180c210 -> 651a4745322d5c0cf180c327,83
-1.7697304225044634,79.69005457754817,86.87316689815518,651a4257322d5c0cf180c210 -> 651a42f1322d5c0cf180c25d -> 651a4745322d5c0cf180c327 -> 651a484a322d5c0cf180c361 -> 651a4129322d5c0cf180c1eb,84
-1.8767890426699096,79.05716415381997,84.81978277200469,651a4257322d5c0cf180c210 -> 651a4745322d5c0cf180c327 -> 651a42f1322d5c0cf180c25d -> 651a484a322d5c0cf180c361 -> 651a4129322d5c0cf180c1eb,85
-1.93390004661026,71.15222258022213,76.20206610109169,651a4129322d5c0cf180c1eb -> 651a4257322d5c0cf180c210 -> 651a484a322d5c0cf180c361 -> 651a42f1322d5c0cf180c25d -> 651a4745322d5c0cf180c327,86
-1.9347299758705059,79.57104416959724,85.06591456225507,651a4257322d5c0cf180c210 -> 651a484a322d5c0cf180c361 -> 651a42f1322d5c0cf180c25d -> 651a4745322d5c0cf180c327 -> 651a4129322d5c0cf180c1eb,87
-1.9748678157612107,76.00816816633825,83.00106516777207,651a4257322d5c0cf180c210 -> 651a4745322d5c0cf180c327 -> 651a484a322d5c0cf180c361 -> 651a4129322d5c0cf180c1eb -> 651a42f1322d5c0cf180c25d,88
-2.1281968405347467,65.84175041791289,70.36196808538921,651a484a322d5c0cf180c361 -> 651a42f1322d5c0cf180c25d -> 651a4129322d5c0cf180c1eb -> 651a4745322d5c0cf180c327 -> 651a4257322d5c0cf180c210,89
-2.1336017479352605,65.96076082586382,72.1692204212893,651a484a322d5c0cf180c361 -> 651a4257322d5c0cf180c210 -> 651a42f1322d5c0cf180c25d -> 651a4129322d5c0cf180c1eb -> 651a4745322d5c0cf180c327,90
-2.1614640301577204,78.72007758315814,85.16060206733721,651a4257322d5c0cf180c210 -> 651a484a322d5c0cf180c361 -> 651a4745322d5c0cf180c327 -> 651a42f1322d5c0cf180c25d -> 651a4129322d5c0cf180c1eb,91
-2.167519507657575,82.01183052919366,89.15396067771475,651a42f1322d5c0cf180c25d -> 651a4745322d5c0cf180c327 -> 651a4257322d5c0cf180c210 -> 651a484a322d5c0cf180c361 -> 651a4129322d5c0cf180c1eb,92
-2.3365089892492854,73.56227824074261,79.04028851614721,651a4257322d5c0cf180c210 -> 651a42f1322d5c0cf180c25d -> 651a484a322d5c0cf180c361 -> 651a4129322d5c0cf180c1eb -> 651a4745322d5c0cf180c327,93
-2.4912136454407605,73.35058480492751,78.06420161888418,651a4257322d5c0cf180c210 -> 651a484a322d5c0cf180c361 -> 651a42f1322d5c0cf180c25d -> 651a4129322d5c0cf180c1eb -> 651a4745322d5c0cf180c327,94
-2.585965748896849,72.96482832395525,78.40553885177374,651a4129322d5c0cf180c1eb -> 651a42f1322d5c0cf180c25d -> 651a484a322d5c0cf180c361 -> 651a4257322d5c0cf180c210 -> 651a4745322d5c0cf180c327,95
-2.6361790453533263,76.41860628930426,82.80249847275593,651a42f1322d5c0cf180c25d -> 651a4257322d5c0cf180c210 -> 651a484a322d5c0cf180c361 -> 651a4129322d5c0cf180c1eb -> 651a4745322d5c0cf180c327,96
-3.1012003286609118,75.8840541923881,81.3210822957068,651a42f1322d5c0cf180c25d -> 651a484a322d5c0cf180c361 -> 651a4257322d5c0cf180c210 -> 651a4745322d5c0cf180c327 -> 651a4129322d5c0cf180c1eb,97
-3.274157125901526,79.0926046607608,86.23841723378168,651a4257322d5c0cf180c210 -> 651a484a322d5c0cf180c361 -> 651a4129322d5c0cf180c1eb -> 651a42f1322d5c0cf180c25d -> 651a4745322d5c0cf180c327,98
-3.386257581185108,79.6900545775482,86.8731668981552,651a4129322d5c0cf180c1eb -> 651a484a322d5c0cf180c361 -> 651a4257322d5c0cf180c210 -> 651a42f1322d5c0cf180c25d -> 651a4745322d5c0cf180c327,99
-4.908559365274482,72.92893958471797,78.44101610471013,651a4745322d5c0cf180c327 -> 651a4129322d5c0cf180c1eb -> 651a42f1322d5c0cf180c25d -> 651a484a322d5c0cf180c361 -> 651a4257322d5c0cf180c210,100
-5.386517869674943,73.9419311904706,78.74992961023268,651a4745322d5c0cf180c327 -> 651a4129322d5c0cf180c1eb -> 651a484a322d5c0cf180c361 -> 651a42f1322d5c0cf180c25d -> 651a4257322d5c0cf180c210,101
-5.397561916107157,72.72042478115762,77.91519270846919,651a4129322d5c0cf180c1eb -> 651a42f1322d5c0cf180c25d -> 651a484a322d5c0cf180c361 -> 651a4745322d5c0cf180c327 -> 651a4257322d5c0cf180c210,102
-5.69394980339983,75.54696762172631,81.66190159103935,651a42f1322d5c0cf180c25d -> 651a4129322d5c0cf180c1eb -> 651a484a322d5c0cf180c361 -> 651a4745322d5c0cf180c327 -> 651a4257322d5c0cf180c210,103
-5.870791393783656,78.92859238671855,85.68642546357817,651a4745322d5c0cf180c327 -> 651a42f1322d5c0cf180c25d -> 651a4129322d5c0cf180c1eb -> 651a484a322d5c0cf180c361 -> 651a4257322d5c0cf180c210,104
-5.955408012817191,73.97781992970788,78.71445235729628,651a4129322d5c0cf180c1eb -> 651a484a322d5c0cf180c361 -> 651a42f1322d5c0cf180c25d -> 651a4257322d5c0cf180c210 -> 651a4745322d5c0cf180c327,105
-6.026506368486169,75.79137116452392,82.15224773434386,651a42f1322d5c0cf180c25d -> 651a4129322d5c0cf180c1eb -> 651a4745322d5c0cf180c327 -> 651a484a322d5c0cf180c361 -> 651a4257322d5c0cf180c210,106
-6.135195920678093,73.46349168163414,79.92243228175926,651a4745322d5c0cf180c327 -> 651a484a322d5c0cf180c361 -> 651a4129322d5c0cf180c1eb -> 651a42f1322d5c0cf180c25d -> 651a4257322d5c0cf180c210,107
-6.219421324451893,73.97781992970786,78.71445235729627,651a4129322d5c0cf180c1eb -> 651a4745322d5c0cf180c327 -> 651a484a322d5c0cf180c361 -> 651a42f1322d5c0cf180c25d -> 651a4257322d5c0cf180c210,108
-6.289002769492322,72.08288186372151,78.59896541555884,651a484a322d5c0cf180c361 -> 651a4129322d5c0cf180c1eb -> 651a4745322d5c0cf180c327 -> 651a42f1322d5c0cf180c25d -> 651a4257322d5c0cf180c210,109
-6.464685221028608,79.0926046607608,86.23841723378169,651a4129322d5c0cf180c1eb -> 651a42f1322d5c0cf180c25d -> 651a4745322d5c0cf180c327 -> 651a484a322d5c0cf180c361 -> 651a4257322d5c0cf180c210,110
-6.46924758740942,73.59300893981853,80.29011221655135,651a42f1322d5c0cf180c25d -> 651a4745322d5c0cf180c327 -> 651a484a322d5c0cf180c361 -> 651a4129322d5c0cf180c1eb -> 651a4257322d5c0cf180c210,111
-6.562338141740911,82.100503996203,89.41530908800303,651a4257322d5c0cf180c210 -> 651a484a322d5c0cf180c361 -> 651a4129322d5c0cf180c1eb -> 651a4745322d5c0cf180c327 -> 651a42f1322d5c0cf180c25d,112
-6.626657245279468,79.34731270793853,85.8108528057493,651a4129322d5c0cf180c1eb -> 651a484a322d5c0cf180c361 -> 651a4745322d5c0cf180c327 -> 651a42f1322d5c0cf180c25d -> 651a4257322d5c0cf180c210,113
-6.62998106277648,79.05716415381997,84.8197827720047,651a4129322d5c0cf180c1eb -> 651a4745322d5c0cf180c327 -> 651a42f1322d5c0cf180c25d -> 651a484a322d5c0cf180c361 -> 651a4257322d5c0cf180c210,114
-6.639018085522752,82.10050399620302,89.41530908800307,651a4129322d5c0cf180c1eb -> 651a484a322d5c0cf180c361 -> 651a4257322d5c0cf180c210 -> 651a4745322d5c0cf180c327 -> 651a42f1322d5c0cf180c25d,115
-6.763278094749679,82.01183052919367,89.15396067771478,651a42f1322d5c0cf180c25d -> 651a4745322d5c0cf180c327 -> 651a4129322d5c0cf180c1eb -> 651a484a322d5c0cf180c361 -> 651a4257322d5c0cf180c210,116
-6.871631437334083,75.79137116452394,82.15224773434389,651a42f1322d5c0cf180c25d -> 651a4129322d5c0cf180c1eb -> 651a484a322d5c0cf180c361 -> 651a4257322d5c0cf180c210 -> 651a4745322d5c0cf180c327,117
-6.902205216204965,71.58377027374618,78.53618370028671,651a484a322d5c0cf180c361 -> 651a4129322d5c0cf180c1eb -> 651a42f1322d5c0cf180c25d -> 651a4745322d5c0cf180c327 -> 651a4257322d5c0cf180c210,118
-7.573263079983277,75.8840541923881,81.3210822957068,651a42f1322d5c0cf180c25d -> 651a484a322d5c0cf180c361 -> 651a4129322d5c0cf180c1eb -> 651a4745322d5c0cf180c327 -> 651a4257322d5c0cf180c210,119
-7.741309087113176,79.57104416959729,85.0659145622551,651a4129322d5c0cf180c1eb -> 651a484a322d5c0cf180c361 -> 651a42f1322d5c0cf180c25d -> 651a4745322d5c0cf180c327 -> 651a4257322d5c0cf180c210,120
