workload_id,number_of_deliveries,number_of_clusters,dominant_cluster_id,dominant_cluster_size,dominant_cluster_share,cluster_distribution
1,5,5,0,1,0.2,0:1; 6:1; 7:1; 8:1; 9:1
2,5,4,7,2,0.4,6:1; 7:2; 8:1; 9:1
3,6,3,4,3,0.5,2:2; 4:3; 9:1
4,10,5,4,4,0.4,0:2; 1:2; 2:1; 4:4; 8:1
5,6,4,4,2,0.3333333333333333,0:1; 2:1; 4:2; 6:2
6,6,4,6,3,0.5,0:1; 4:1; 6:3; 8:1
7,5,3,0,2,0.4,0:2; 2:2; 5:1
8,5,3,4,2,0.4,4:2; 7:1; 9:2
9,5,4,4,2,0.4,2:1; 4:2; 6:1; 9:1
10,5,4,4,2,0.4,4:2; 7:1; 8:1; 9:1
11,5,4,9,2,0.4,0:1; 4:1; 6:1; 9:2
12,6,4,9,3,0.5,4:1; 6:1; 7:1; 9:3
13,6,5,9,2,0.3333333333333333,1:1; 2:1; 4:1; 7:1; 9:2
14,5,4,4,2,0.4,0:1; 4:2; 7:1; 8:1
15,7,5,4,3,0.42857142857142855,0:1; 1:1; 2:1; 4:3; 6:1
16,5,4,4,2,0.4,4:2; 6:1; 7:1; 9:1
17,5,4,4,2,0.4,0:1; 4:2; 7:1; 8:1
18,5,3,9,3,0.6,4:1; 6:1; 9:3
19,8,4,4,4,0.5,2:1; 4:4; 6:1; 7:2
20,5,3,7,3,0.6,1:1; 6:1; 7:3
21,8,3,4,3,0.375,4:3; 8:2; 9:3
22,6,5,7,2,0.3333333333333333,2:1; 4:1; 6:1; 7:2; 8:1
23,8,5,7,4,0.5,0:1; 4:1; 5:1; 6:1; 7:4
24,6,4,8,3,0.5,4:1; 7:1; 8:3; 9:1
25,5,3,4,2,0.4,4:2; 6:2; 9:1
26,5,3,0,2,0.4,0:2; 4:2; 6:1
27,5,3,0,3,0.6,0:3; 3:1; 6:1
28,6,5,9,2,0.3333333333333333,0:1; 2:1; 4:1; 7:1; 9:2
29,5,3,4,3,0.6,2:1; 4:3; 9:1
30,5,5,0,1,0.2,0:1; 2:1; 4:1; 6:1; 7:1
31,8,4,4,4,0.5,0:1; 4:4; 7:1; 8:2
32,5,3,4,2,0.4,4:2; 6:2; 8:1
33,10,3,6,4,0.4,4:2; 6:4; 8:4
34,6,5,0,2,0.3333333333333333,0:2; 1:1; 5:1; 7:1; 9:1
35,9,4,9,4,0.4444444444444444,4:3; 6:1; 8:1; 9:4
36,5,3,4,3,0.6,4:3; 6:1; 7:1
37,5,3,4,2,0.4,4:2; 7:2; 8:1
38,6,4,0,2,0.3333333333333333,0:2; 4:2; 7:1; 8:1
39,6,3,4,3,0.5,4:3; 5:2; 7:1
40,5,3,4,2,0.4,2:1; 4:2; 7:2
41,7,4,6,2,0.2857142857142857,0:1; 6:2; 7:2; 9:2
42,6,4,4,2,0.3333333333333333,4:2; 6:1; 7:2; 8:1
43,10,5,4,4,0.4,4:4; 5:1; 6:2; 8:2; 9:1
44,6,4,4,2,0.3333333333333333,0:1; 4:2; 6:1; 7:2
45,9,6,0,3,0.3333333333333333,0:3; 2:1; 4:2; 5:1; 7:1; 8:1
46,5,3,5,2,0.4,0:1; 5:2; 6:2
47,6,4,4,2,0.3333333333333333,1:1; 4:2; 6:2; 9:1
48,7,5,0,2,0.2857142857142857,0:2; 4:1; 6:2; 7:1; 8:1
49,7,7,0,1,0.14285714285714285,0:1; 2:1; 3:1; 4:1; 5:1; 6:1; 8:1
50,12,7,2,4,0.3333333333333333,2:4; 4:2; 5:1; 6:2; 7:1; 8:1; 9:1
51,6,4,9,3,0.5,4:1; 5:1; 7:1; 9:3
52,6,4,3,2,0.3333333333333333,3:2; 4:2; 6:1; 8:1
53,5,4,8,2,0.4,0:1; 4:1; 7:1; 8:2
54,8,5,4,3,0.375,0:1; 4:3; 5:1; 6:1; 8:2
55,5,4,6,2,0.4,4:1; 6:2; 8:1; 9:1
56,10,4,4,5,0.5,4:5; 6:1; 7:3; 8:1
57,8,4,0,4,0.5,0:4; 2:2; 4:1; 7:1
58,7,5,2,2,0.2857142857142857,2:2; 4:1; 5:2; 7:1; 8:1
59,12,6,4,5,0.4166666666666667,0:1; 2:1; 4:5; 6:3; 7:1; 9:1
60,15,7,4,5,0.3333333333333333,0:4; 1:1; 4:5; 5:2; 6:1; 7:1; 9:1
61,14,6,4,5,0.35714285714285715,0:1; 2:1; 4:5; 5:3; 6:1; 7:3
62,12,7,4,4,0.3333333333333333,0:2; 1:1; 2:1; 4:4; 6:1; 7:1; 8:2
63,13,6,4,5,0.38461538461538464,0:2; 1:2; 4:5; 7:1; 8:2; 9:1
64,8,5,2,3,0.375,0:1; 2:3; 4:2; 5:1; 6:1
65,8,5,6,3,0.375,2:1; 4:2; 5:1; 6:3; 8:1
66,10,7,4,3,0.3,0:1; 1:1; 2:1; 3:2; 4:3; 6:1; 9:1
67,12,6,4,5,0.4166666666666667,0:1; 4:5; 6:1; 7:1; 8:3; 9:1
68,6,4,6,3,0.5,3:1; 6:3; 7:1; 9:1
69,11,7,0,2,0.18181818181818182,0:2; 2:1; 4:2; 5:1; 6:2; 7:2; 8:1
70,7,4,0,4,0.5714285714285714,0:4; 3:1; 5:1; 9:1
71,10,7,4,3,0.3,0:2; 3:1; 4:3; 6:1; 7:1; 8:1; 9:1
72,8,4,4,2,0.25,4:2; 6:2; 7:2; 9:2
73,8,8,0,1,0.125,0:1; 1:1; 2:1; 3:1; 4:1; 6:1; 7:1; 9:1
74,10,6,4,3,0.3,0:2; 2:1; 4:3; 5:1; 6:1; 8:2
75,11,6,4,3,0.2727272727272727,0:1; 4:3; 6:3; 7:1; 8:1; 9:2
76,5,3,1,2,0.4,1:2; 4:2; 7:1
77,6,5,1,2,0.3333333333333333,1:2; 3:1; 4:1; 5:1; 7:1
78,13,6,4,4,0.3076923076923077,0:1; 3:1; 4:4; 6:4; 7:2; 8:1
79,6,4,9,3,0.5,3:1; 6:1; 7:1; 9:3
80,10,5,4,4,0.4,0:2; 1:1; 4:4; 7:2; 8:1
81,8,5,6,3,0.375,1:1; 3:1; 5:1; 6:3; 7:2
82,10,6,4,4,0.4,0:1; 4:4; 5:1; 6:1; 7:1; 8:2
83,5,3,4,3,0.6,2:1; 4:3; 9:1
84,5,5,2,1,0.2,2:1; 4:1; 5:1; 8:1; 9:1
85,16,8,6,4,0.25,1:1; 2:3; 4:3; 5:1; 6:4; 7:2; 8:1; 9:1
86,7,6,6,2,0.2857142857142857,2:1; 3:1; 4:1; 6:2; 8:1; 9:1
87,6,4,2,2,0.3333333333333333,0:1; 2:2; 4:2; 6:1
88,6,3,2,2,0.3333333333333333,2:2; 4:2; 8:2
89,5,5,3,1,0.2,3:1; 4:1; 6:1; 7:1; 8:1
90,13,8,4,3,0.23076923076923078,0:1; 3:1; 4:3; 5:2; 6:2; 7:1; 8:2; 9:1
91,8,5,0,2,0.25,0:2; 2:2; 3:1; 4:1; 6:2
92,8,6,6,2,0.25,0:1; 5:1; 6:2; 7:1; 8:1; 9:2
93,7,5,4,3,0.42857142857142855,1:1; 4:3; 5:1; 7:1; 8:1
94,7,5,6,2,0.2857142857142857,0:1; 3:1; 4:1; 6:2; 8:2
95,11,7,0,3,0.2727272727272727,0:3; 2:1; 4:1; 5:1; 7:1; 8:3; 9:1
96,11,7,4,3,0.2727272727272727,0:1; 3:1; 4:3; 6:3; 7:1; 8:1; 9:1
97,13,7,6,4,0.3076923076923077,2:2; 3:1; 4:1; 6:4; 7:1; 8:2; 9:2
98,5,3,0,3,0.6,0:3; 6:1; 9:1
99,5,4,8,2,0.4,4:1; 6:1; 7:1; 8:2
100,9,4,4,4,0.4444444444444444,2:1; 4:4; 8:2; 9:2
101,5,4,9,2,0.4,2:1; 4:1; 8:1; 9:2
102,7,6,8,2,0.2857142857142857,2:1; 3:1; 5:1; 7:1; 8:2; 9:1
103,6,4,4,3,0.5,0:1; 4:3; 6:1; 8:1
104,8,5,3,2,0.25,3:2; 4:1; 6:2; 7:1; 8:2
105,12,6,6,4,0.3333333333333333,0:2; 3:3; 4:1; 5:1; 6:4; 7:1
106,10,8,6,2,0.2,1:1; 2:1; 4:1; 5:1; 6:2; 7:1; 8:2; 9:1
107,7,6,7,2,0.2857142857142857,0:1; 5:1; 6:1; 7:2; 8:1; 9:1
108,9,5,4,3,0.3333333333333333,1:1; 4:3; 5:1; 7:1; 9:3
