algorithm,sequence,delivery_id,arrival_time,expected_delivery_time,has_deadline,on_time,lateness_minutes,leg_distance_km,leg_travel_time_minutes
nearest_neighbor,1,6691ee35407172f67458f318,2024-07-13 03:54:23.328485+00:00,2024-07-13 06:00:31.768000+00:00,True,True,0.0,2.1436890764321874,2.540624753868548
nearest_neighbor,2,6691f28f407172f67458f6e4,2024-07-13 03:56:48.763988+00:00,2024-07-13 06:04:38.538000+00:00,True,True,0.0,2.01961699774011,2.423925050866778
nearest_neighbor,3,6691f6cc407172f67458fe89,2024-07-13 03:59:29.048670+00:00,2024-07-13 06:36:09.570000+00:00,True,True,0.0,2.093436729930828,2.671411365481657
nearest_neighbor,4,6691f5c8407172f67458fe0f,2024-07-13 04:01:25.262576+00:00,2024-07-13 10:00:00+00:00,True,True,0.0,1.6284788202655849,1.9368984260667375
nearest_neighbor,5,6691f95f407172f674590606,2024-07-13 04:03:43.393300+00:00,2024-07-13 06:46:59.467000+00:00,True,True,0.0,1.9531384894291457,2.3021787315017703
nearest_neighbor,6,6691f563407172f67458fe02,2024-07-13 04:06:37.532421+00:00,2024-07-13 10:00:00+00:00,True,True,0.0,2.359252209381508,2.9023186802737793
nearest_neighbor,7,6691f629407172f67458fe62,2024-07-13 04:08:24.751064+00:00,2024-07-13 10:00:00+00:00,True,True,0.0,1.504437970533499,1.7869773751932831
nearest_neighbor,8,6691eec3407172f67458f66a,2024-07-13 04:14:36.859471+00:00,2024-07-13 06:02:16.937000+00:00,True,True,0.0,5.174875618486485,6.201806776474812
nearest_neighbor,9,6691f9d6407172f674590660,2024-07-13 04:21:32.852615+00:00,2024-07-13 06:50:13.420000+00:00,True,True,0.0,6.538936942589435,6.933219066031972
nearest_neighbor,10,6691f697407172f67458fe70,2024-07-13 04:35:41.541834+00:00,2024-07-13 10:00:00+00:00,True,True,0.0,13.465918425311838,14.144820323269725
nearest_neighbor,11,6691f3c3407172f67458fa49,2024-07-13 04:39:36.511643+00:00,2024-07-13 06:20:50.938000+00:00,True,True,0.0,2.971319221992695,3.9161634906840543
nearest_neighbor,12,6691f730407172f67459020f,2024-07-13 04:47:25.201684+00:00,2024-07-13 06:38:39.978000+00:00,True,True,0.0,6.455112033186002,7.81150067570781
nearest_neighbor,13,6691f52e407172f67458fdf8,2024-07-13 04:55:29.738375+00:00,2024-07-13 06:25:58.750000+00:00,True,True,0.0,7.000790654016674,8.075611508565101
nearest_neighbor,14,6691f8a2407172f674590285,2024-07-13 05:14:34.456721+00:00,2024-07-13 06:40:00.722000+00:00,True,True,0.0,19.123646886398006,19.07863909482559
nearest_neighbor,15,6691f934407172f6745905e3,2024-07-13 05:21:37.011007+00:00,2024-07-13 10:00:00+00:00,True,True,0.0,5.819576724459663,7.042571427031082
priority_nearest_neighbor,1,6691ee35407172f67458f318,2024-07-13 03:54:23.328485+00:00,2024-07-13 06:00:31.768000+00:00,True,True,0.0,2.1436890764321874,2.540624753868548
priority_nearest_neighbor,2,6691eec3407172f67458f66a,2024-07-13 03:56:42.605803+00:00,2024-07-13 06:02:16.937000+00:00,True,True,0.0,2.1134133556990577,2.3212886393587837
priority_nearest_neighbor,3,6691f28f407172f67458f6e4,2024-07-13 03:58:47.184520+00:00,2024-07-13 06:04:38.538000+00:00,True,True,0.0,1.951252673568119,2.0763119457955557
priority_nearest_neighbor,4,6691f6cc407172f67458fe89,2024-07-13 04:01:27.469202+00:00,2024-07-13 06:36:09.570000+00:00,True,True,0.0,2.093436729930828,2.671411365481657
priority_nearest_neighbor,5,6691f95f407172f674590606,2024-07-13 04:04:17.749112+00:00,2024-07-13 06:46:59.467000+00:00,True,True,0.0,2.1486091682252706,2.837998498603284
priority_nearest_neighbor,6,6691f3c3407172f67458fa49,2024-07-13 04:09:20.636897+00:00,2024-07-13 06:20:50.938000+00:00,True,True,0.0,3.941916196814699,5.048129746659063
priority_nearest_neighbor,7,6691f52e407172f67458fdf8,2024-07-13 04:16:54.044118+00:00,2024-07-13 06:25:58.750000+00:00,True,True,0.0,6.644543671616557,7.556787014931098
priority_nearest_neighbor,8,6691f730407172f67459020f,2024-07-13 04:23:49.170398+00:00,2024-07-13 06:38:39.978000+00:00,True,True,0.0,6.506767850463006,6.918771330115087
priority_nearest_neighbor,9,6691f8a2407172f674590285,2024-07-13 04:37:23.709240+00:00,2024-07-13 06:40:00.722000+00:00,True,True,0.0,13.905271192574515,13.575647364740608
priority_nearest_neighbor,10,6691f934407172f6745905e3,2024-07-13 04:44:26.263526+00:00,2024-07-13 10:00:00+00:00,True,True,0.0,5.819576724459663,7.042571427031082
priority_nearest_neighbor,11,6691f9d6407172f674590660,2024-07-13 05:00:36.434331+00:00,2024-07-13 06:50:13.420000+00:00,True,True,0.0,16.47276099324306,16.1695134177868
priority_nearest_neighbor,12,6691f5c8407172f67458fe0f,2024-07-13 05:10:20.846607+00:00,2024-07-13 10:00:00+00:00,True,True,0.0,9.985823846066275,9.740204595851793
priority_nearest_neighbor,13,6691f563407172f67458fe02,2024-07-13 05:14:25.653799+00:00,2024-07-13 10:00:00+00:00,True,True,0.0,3.333252810549998,4.080119864025644
priority_nearest_neighbor,14,6691f629407172f67458fe62,2024-07-13 05:16:12.872442+00:00,2024-07-13 10:00:00+00:00,True,True,0.0,1.504437970533499,1.7869773751932831
priority_nearest_neighbor,15,6691f697407172f67458fe70,2024-07-13 05:24:04.871897+00:00,2024-07-13 10:00:00+00:00,True,True,0.0,6.273529475974921,7.866657586765626
