wave_start,wave_end,number_of_deliveries,nn_distance_km,priority_nn_distance_km,clarke_wright_distance_km,cw_vs_nn_distance_change_km,cw_vs_priority_distance_change_km,nn_travel_time_minutes,priority_nn_travel_time_minutes,clarke_wright_travel_time_minutes,nn_on_time_deliveries,priority_nn_on_time_deliveries,clarke_wright_on_time_deliveries,nn_late_deliveries,priority_nn_late_deliveries,clarke_wright_late_deliveries,nn_total_lateness_minutes,priority_nn_total_lateness_minutes,clarke_wright_total_lateness_minutes,nn_runtime_seconds,priority_nn_runtime_seconds,clarke_wright_runtime_seconds,clarke_wright_savings_km,clarke_wright_merge_count
2023-10-02 04:00:00+00:00,2023-10-02 06:00:00+00:00,5,57.32448403424207,73.31787469794497,57.32448403424207,0.0,-15.993390663702904,61.6449552881404,78.54994237284268,61.6449552881404,5,5,5,0,0,0,0.0,0.0,0.0,0.051710327999899164,0.05214674299986655,0.05073751800046011,38.16573087012646,4
2024-01-29 04:00:00+00:00,2024-01-29 06:00:00+00:00,5,56.23648386196553,60.96238746470781,54.098483437543855,-2.1380004244216764,-6.863904027163954,63.22817350093929,67.81183835983867,60.60139657693266,5,5,5,0,0,0,0.0,0.0,0.0,0.05214655300005688,0.05268885700024839,0.05348606700044911,21.95234765647755,4
2024-01-31 02:00:00+00:00,2024-01-31 04:00:00+00:00,6,45.9253061034011,50.95578367239693,46.61676759871748,0.691461495316382,-4.339016073679453,49.167119771896225,53.75303235546469,49.44570644641727,6,6,6,0,0,0,0.0,0.0,0.0,0.05173977100002958,0.05246624800020072,0.05062772200017207,41.36800379182295,5
2024-02-01 04:00:00+00:00,2024-02-01 06:00:00+00:00,10,58.60132888141967,85.64978173475815,53.267797127575825,-5.333531753843843,-32.381984607182325,66.38025312335434,94.07126024677426,59.70900419163188,10,10,10,0,0,0,0.0,0.0,0.0,0.05203546800021286,0.05258174200025678,0.050252672000169696,92.71736957201125,9
2024-02-02 04:00:00+00:00,2024-02-02 06:00:00+00:00,6,30.5252127910072,30.844674433615467,27.87652128466987,-2.648691506337329,-2.9681531489455963,33.31456172949571,33.70336678664949,31.6132244854926,6,6,6,0,0,0,0.0,0.0,0.0,0.05151890300021478,0.05216607200054568,0.04983675399944332,17.32430443096088,5
2024-02-04 06:00:00+00:00,2024-02-04 08:00:00+00:00,6,28.508063376983337,28.508063376983337,29.31501807346138,0.8069546964780443,0.8069546964780443,33.0033980186204,33.0033980186204,33.8617120065459,6,6,6,0,0,0,0.0,0.0,0.0,0.05105604599975777,0.05201676500018948,0.050071278999894275,34.21569303459521,5
2024-02-06 04:00:00+00:00,2024-02-06 06:00:00+00:00,5,48.91915093343699,60.91015773421254,47.5371165386124,-1.3820343948245863,-13.373041195600138,52.769524214568094,65.97002057646664,52.52458881527362,5,5,5,0,0,0,0.0,0.0,0.0,0.05179757400037488,0.052816700999755994,0.05097300899979018,40.035167938349694,4
2024-02-20 02:00:00+00:00,2024-02-20 04:00:00+00:00,5,52.756157424985815,52.756157424985815,46.65413468678151,-6.102022738204305,-6.102022738204305,59.278601013356095,59.278601013356095,52.95271794771753,5,5,5,0,0,0,0.0,0.0,0.0,0.051789023999845085,0.052368848999321926,0.05053529999986495,36.27715038456575,4
2024-02-21 02:00:00+00:00,2024-02-21 04:00:00+00:00,5,54.07678980608435,52.80856694163259,47.77907402053479,-6.297715785549556,-5.029492921097798,57.41065461762011,55.24382178722985,51.00679867467434,5,5,5,0,0,0,0.0,0.0,0.0,0.05094502899919462,0.05151578300046822,0.05199768799957383,14.798825184931879,4
2024-02-27 04:00:00+00:00,2024-02-27 06:00:00+00:00,5,55.95157169906435,59.03566284231113,52.76041051891673,-3.191161180147624,-6.275252323394405,60.52579968485277,63.74832697455595,57.23675293307693,5,5,5,0,0,0,0.0,0.0,0.0,0.05057876699993358,0.0514407629998459,0.05196023799999239,26.282271945584043,4
2024-03-08 02:00:00+00:00,2024-03-08 04:00:00+00:00,5,42.29254167096016,47.42244046407341,39.50668736875995,-2.785854302200214,-7.9157530953134625,48.068711995210435,54.05781914139426,44.4316497304279,5,5,5,0,0,0,0.0,0.0,0.0,0.0509252709998691,0.05148509100035881,0.05182466799942631,37.694879438143836,4
2024-03-08 04:00:00+00:00,2024-03-08 06:00:00+00:00,6,42.749953642253956,42.749953642253956,40.277587306059374,-2.4723663361945825,-2.4723663361945825,48.123393520719475,48.123393520719475,44.85024231934668,6,6,6,0,0,0,0.0,0.0,0.0,0.05074197300018568,0.051914927000325406,0.052294242000243685,54.26363483792164,5
2024-03-18 02:00:00+00:00,2024-03-18 04:00:00+00:00,6,64.52278254500737,68.68900360528744,61.70052425877053,-2.8222582862368455,-6.988479346516911,67.42297333503042,73.48847584425206,64.97805314902631,6,6,6,0,0,0,0.0,0.0,0.0,0.050620334000086586,0.051848047999556,0.05199075200016523,52.85390734098648,5
2024-03-22 02:00:00+00:00,2024-03-22 04:00:00+00:00,5,45.39983069477543,46.97940271675256,44.83171378922722,-0.5681169055482087,-2.147688927525337,49.60557963802089,51.39063377822491,49.39704493352272,5,5,5,0,0,0,0.0,0.0,0.0,0.051153506000446214,0.051942877000328735,0.04996054599996569,34.1151707111007,4
2024-04-04 02:00:00+00:00,2024-04-04 04:00:00+00:00,7,55.699862210980065,66.10811397753619,48.46753324182365,-7.232328969156413,-17.64058073571254,61.58692507180673,73.1348564995521,54.48538347365023,7,7,7,0,0,0,0.0,0.0,0.0,0.050093732999812346,0.051513555999918026,0.04955208899991703,34.10803563962015,6
2024-04-05 02:00:00+00:00,2024-04-05 04:00:00+00:00,5,50.838655330615495,55.108678908254305,45.40230621886514,-5.436349111750353,-9.706372689389163,55.63750422711835,59.229841426450044,50.37719725342444,5,5,5,0,0,0,0.0,0.0,0.0,0.049430069000663934,0.049756305999835604,0.048323938000066846,16.76122827070435,4
2024-04-10 04:00:00+00:00,2024-04-10 06:00:00+00:00,5,46.26640599892636,44.38670110525073,42.90734830299646,-3.3590576959298986,-1.4793528022542688,50.86627268557288,49.93486675729015,47.536648193742515,5,5,5,0,0,0,0.0,0.0,0.0,0.049250737999500416,0.049863821000144526,0.047924575000251934,24.429093490267853,4
2024-04-19 04:00:00+00:00,2024-04-19 06:00:00+00:00,5,31.142219349500685,31.142219349500685,28.7517556937737,-2.390463655726986,-2.390463655726986,35.3107340615728,35.3107340615728,32.81870081403279,5,5,5,0,0,0,0.0,0.0,0.0,0.05022886099959578,0.050658954000027734,0.04886598600023717,44.98279456288043,4
2024-04-22 02:00:00+00:00,2024-04-22 04:00:00+00:00,8,43.59640053210937,42.49940627306474,40.554788078562694,-3.0416124535466764,-1.9446181945020484,48.316837985532494,46.94117637869363,45.42206308234803,8,8,8,0,0,0,0.0,0.0,0.0,0.05051669200020115,0.051593801000308304,0.04916598299951147,29.204288723093498,7
2024-04-22 04:00:00+00:00,2024-04-22 06:00:00+00:00,5,56.74263981033898,62.2558751902268,54.767489754683155,-1.9751500556558241,-7.488385435543648,64.43846537033492,69.87462928014551,61.473446005619024,5,5,5,0,0,0,0.0,0.0,0.0,0.049632860999736295,0.0502359609999985,0.048801812999954564,21.688370162189145,4
2024-04-23 02:00:00+00:00,2024-04-23 04:00:00+00:00,8,41.490239340877245,53.949448821178684,47.03188922322078,5.541649882343535,-6.917559597957904,47.69970868629707,62.251871808223854,53.27892043825429,8,8,8,0,0,0,0.0,0.0,0.0,0.05057116099942505,0.05165837099957571,0.04932494200056681,71.0482875442112,7
2024-04-26 02:00:00+00:00,2024-04-26 04:00:00+00:00,6,49.13847177240126,49.13847177240126,45.09493733319142,-4.043534439209843,-4.043534439209843,53.11262135267413,53.11262135267413,48.89193424547039,6,6,6,0,0,0,0.0,0.0,0.0,0.05073356899993087,0.0513778659997115,0.04951367499961634,21.080886954482473,5
2024-05-04 02:00:00+00:00,2024-05-04 04:00:00+00:00,8,70.46718258793143,66.0625008992486,63.53839527330516,-6.92878731462627,-2.5241056259434416,73.49802521797892,69.98455322851439,67.44135935437674,8,8,8,0,0,0,0.0,0.0,0.0,0.050346728000477015,0.05143085500003508,0.05177386900049896,54.254714303571795,7
2024-05-16 04:00:00+00:00,2024-05-16 06:00:00+00:00,6,42.85867182334422,46.36689595786185,42.85867182334422,0.0,-3.508224134517633,48.16126386268422,51.20043713938175,48.16126386268422,6,6,6,0,0,0,0.0,0.0,0.0,0.050275662000785815,0.050973214000805456,0.05141021500003262,40.02557915095067,5
2024-05-24 02:00:00+00:00,2024-05-24 04:00:00+00:00,5,28.983287564107933,30.37655787470508,26.91960981135569,-2.063677752752241,-3.4569480633493903,33.112566904582465,34.65458441566439,30.56155776800467,5,5,5,0,0,0,0.0,0.0,0.0,0.05067737900026259,0.05110364999927697,0.0496159650001573,16.620646356316087,4
2024-05-27 02:00:00+00:00,2024-05-27 04:00:00+00:00,5,22.104358599307155,27.15229717261418,21.74361923948389,-0.36073935982326333,-5.4086779331302886,24.991667928591035,30.807839067170903,24.178210647254673,5,5,5,0,0,0,0.0,0.0,0.0,0.050352842999927816,0.05105872600051953,0.049193920999641705,22.402068463449453,4
2024-05-27 04:00:00+00:00,2024-05-27 06:00:00+00:00,5,61.5062412947393,60.9732919953487,59.48353975419629,-2.0227015405430038,-1.4897522411524093,61.93456930492727,61.481635233917025,60.16734771242364,5,5,5,0,0,0,0.0,0.0,0.0,0.05069097799969313,0.05110616500041942,0.0494468599999891,53.98838004616915,4
2024-05-27 06:00:00+00:00,2024-05-27 08:00:00+00:00,6,53.522530646434724,70.51964588787625,53.143286260694346,-0.3792443857403782,-17.376359627181905,58.6401498923029,76.78020265353013,58.671527984136254,6,6,6,0,0,0,0.0,0.0,0.0,0.05074083999988943,0.05127055200046016,0.049155427999721724,40.95367133304821,5
2024-06-10 04:00:00+00:00,2024-06-10 06:00:00+00:00,5,38.316835506337085,39.759626649331814,36.667796608039744,-1.6490388982973414,-3.09183004129207,42.64905861310468,44.79420961116762,40.40488024416943,5,5,5,0,0,0,0.0,0.0,0.0,0.050760900000568654,0.05093832900001871,0.05146907400012424,16.698790773372842,4
2024-06-13 04:00:00+00:00,2024-06-13 06:00:00+00:00,5,56.69767385118966,62.29921139110834,54.65856262409752,-2.0391112270921425,-7.640648767010816,58.651239882176064,63.29942055019977,58.17874945025648,5,5,5,0,0,0,0.0,0.0,0.0,0.051000901000406884,0.051054444999863335,0.05167350100055046,12.984713628873912,4
2024-06-14 02:00:00+00:00,2024-06-14 04:00:00+00:00,8,51.21326317586882,55.303203120314265,47.78349627640165,-3.429766899467168,-7.519706843912616,55.750882243067394,60.97001328931938,52.72875160250359,8,8,8,0,0,0,0.0,0.0,0.0,0.05139111900007265,0.05163628599984804,0.051655502000357956,81.17255646273958,7
2024-06-19 02:00:00+00:00,2024-06-19 04:00:00+00:00,5,30.64800606361119,30.64800606361119,30.60117492750036,-0.046831136110832006,-0.046831136110832006,34.62075749106991,34.62075749106991,34.89306315862689,5,5,5,0,0,0,0.0,0.0,0.0,0.05050779900011548,0.050853213000664255,0.05176094099988404,22.549736340499244,4
2024-06-19 04:00:00+00:00,2024-06-19 06:00:00+00:00,10,54.123775728401384,78.57347504800639,50.70692099853257,-3.4168547298688168,-27.86655404947382,61.002042811199246,87.00787782761014,57.48614645591985,10,10,10,0,0,0,0.0,0.0,0.0,0.050116410999180516,0.051246650000393856,0.051689105999685125,77.07168878183043,9
2024-06-22 08:00:00+00:00,2024-06-22 10:00:00+00:00,6,84.21689671959427,84.39660094478475,77.44154398967947,-6.7753527299148,-6.955056955105277,94.5279855035088,92.71553245884974,87.37302135179851,6,6,6,0,0,0,0.0,0.0,0.0,0.05036648699933721,0.051153641999917454,0.05138310199981788,63.19712964284844,5
2024-06-25 02:00:00+00:00,2024-06-25 04:00:00+00:00,9,50.89055907876424,63.93683276902773,46.589851509280656,-4.300707569483585,-17.346981259747075,56.63660809171955,71.15560049014763,52.74509720004915,9,9,9,0,0,0,0.0,0.0,0.0,0.049024789999748464,0.04977860500002862,0.04942632699930982,70.2602251143575,8
2024-06-26 02:00:00+00:00,2024-06-26 04:00:00+00:00,5,30.288997881101373,35.59001514244673,29.873899537471647,-0.415098343629726,-5.716115604975084,31.525039266148642,37.29101233399683,31.27582696146768,5,5,5,0,0,0,0.0,0.0,0.0,0.05205785599991941,0.053036294999401434,0.05344985800002178,25.427201126518145,4
2024-06-26 04:00:00+00:00,2024-06-26 06:00:00+00:00,5,34.42367785071482,38.48444304963073,34.26725199845188,-0.15642585226293448,-4.217191051178844,36.99612760262214,42.419918354746855,36.591657096707884,5,5,5,0,0,0,0.0,0.0,0.0,0.049670356000206084,0.05042176200004178,0.050024818000565574,31.495326834343842,4
2024-06-27 02:00:00+00:00,2024-06-27 04:00:00+00:00,6,34.902882196432806,33.17099734236488,30.25962970280337,-4.643252493629436,-2.911367639561508,40.03232756677802,38.62646406292387,35.05010266331665,6,6,6,0,0,0,0.0,0.0,0.0,0.05032722299984016,0.05006242099989322,0.048943046999738726,46.13786981753573,5
2024-06-28 02:00:00+00:00,2024-06-28 04:00:00+00:00,6,51.31617546362011,55.59215939304865,51.18803963976039,-0.1281358238597221,-4.404119753288256,51.40555124248597,56.66973321525214,50.56361726881362,6,6,6,0,0,0,0.0,0.0,0.0,0.049852406000354677,0.05045512099968619,0.05101735100015503,39.887441972374944,5
2024-06-28 04:00:00+00:00,2024-06-28 06:00:00+00:00,5,39.98738802007367,41.68772819598002,40.65400371673504,0.666615696661367,-1.033724479244981,42.04315174315723,44.46511700266369,43.22327946732402,5,5,5,0,0,0,0.0,0.0,0.0,0.04972506800004339,0.04965388199980225,0.050955169000189926,16.490668354390714,4
2024-06-29 02:00:00+00:00,2024-06-29 04:00:00+00:00,7,58.53368725145781,63.83795709452022,52.22813568055077,-6.305551570907042,-11.609821413969449,65.94661677827587,72.15742212882446,59.5611133076714,7,7,7,0,0,0,0.0,0.0,0.0,0.05015279899998859,0.05305969700020796,0.051937729000201216,53.021220093956025,6
2024-07-01 02:00:00+00:00,2024-07-01 04:00:00+00:00,6,41.826297444608215,37.31422148915075,34.85581923059584,-6.970478214012374,-2.458402258554912,44.16350112607742,40.15550145688778,36.91728760122952,6,6,6,0,0,0,0.0,0.0,0.0,0.05110101400077838,0.05211454399977811,0.05264549999992596,34.19495971202464,5
2024-07-01 04:00:00+00:00,2024-07-01 06:00:00+00:00,10,50.587080060109166,70.90538715854548,51.44357135314273,0.8564912930335637,-19.46181580540275,53.03932779664969,74.23578588897854,53.686228058587986,10,10,10,0,0,0,0.0,0.0,0.0,0.05137588599973242,0.052502943000035884,0.049831166000330995,50.00770457732547,9
2024-07-01 06:00:00+00:00,2024-07-01 08:00:00+00:00,6,45.763219597054,45.763219597054,38.392747796075234,-7.370471800978763,-7.370471800978763,51.50420038922647,51.50420038922647,43.46167159336653,6,6,6,0,0,0,0.0,0.0,0.0,0.0504367559997263,0.05136269499962509,0.04908201000034751,24.215373060848428,5
2024-07-04 02:00:00+00:00,2024-07-04 04:00:00+00:00,9,60.54003915532682,81.89124170976818,60.45234609861484,-0.08769305671197714,-21.43889561115334,65.06170396393873,88.40665896671668,64.0542535336158,9,9,9,0,0,0,0.0,0.0,0.0,0.05075946400029352,0.05295975399985764,0.05227240499971231,79.50516696260414,8
2024-07-04 16:00:00+00:00,2024-07-04 18:00:00+00:00,5,46.50305736070058,46.50305736070058,41.79094091313982,-4.71211644756076,-4.71211644756076,50.385668672481344,50.385668672481344,45.80912273381484,5,5,5,0,0,0,0.0,0.0,0.0,0.050915372999952524,0.05121667700041144,0.0496704220004176,35.440555596373045,4
2024-07-05 02:00:00+00:00,2024-07-05 04:00:00+00:00,6,51.192922228869,59.02923278143311,45.997134993107366,-5.195787235761635,-13.032097788325743,56.10242031866618,65.33875359922015,49.86236089294656,6,6,6,0,0,0,0.0,0.0,0.0,0.050211244999445626,0.05101018700042914,0.049437895000664867,40.25745844727285,5
2024-07-05 04:00:00+00:00,2024-07-05 06:00:00+00:00,7,61.208907316710274,78.52552522409131,53.564862944305126,-7.644044372405148,-24.960662279786185,68.16281736125819,86.726878547448,58.95951165261799,7,7,7,0,0,0,0.0,0.0,0.0,0.049662309999803256,0.05045272300048964,0.04860294599984627,49.760025165135225,6
2024-07-06 02:00:00+00:00,2024-07-06 04:00:00+00:00,7,82.1468057485646,83.63108025550703,70.0718587794058,-12.074946969158802,-13.559221476101229,88.68774157271501,91.8923522056686,77.04959416773605,7,7,7,0,0,0,0.0,0.0,0.0,0.049807306999355205,0.05088614600026631,0.04871796000043105,66.64317545961671,6
2024-07-08 02:00:00+00:00,2024-07-08 04:00:00+00:00,12,88.87238679766962,102.37735832295759,77.26639612628598,-11.605990671383637,-25.110962196671608,91.61163366451848,105.9555368312546,81.5206701420657,12,12,12,0,0,0,0.0,0.0,0.0,0.050108911999814154,0.051336494999304705,0.04905902600057743,83.41333493307657,11
2024-07-09 02:00:00+00:00,2024-07-09 04:00:00+00:00,6,47.44804535912963,47.71191731658416,46.108487445828,-1.3395579133016327,-1.603429870756166,48.37352166241624,47.84855451523785,46.36147583643349,6,6,6,0,0,0,0.0,0.0,0.0,0.050396438000461785,0.051335232999917935,0.049872687999595655,39.92050414726365,5
2024-07-09 04:00:00+00:00,2024-07-09 06:00:00+00:00,6,65.15474819600587,67.29493973723388,61.50515868454488,-3.649589511460988,-5.789781052688994,69.07487366712311,72.15833519669663,66.11738747954007,6,6,6,0,0,0,0.0,0.0,0.0,0.05024044400033745,0.05042684199997893,0.04855178799971327,64.15591258347135,5
2024-07-09 16:00:00+00:00,2024-07-09 18:00:00+00:00,5,67.32729507189842,67.33536382971641,65.13829584464858,-2.1889992272498375,-2.1970679850678323,74.79624810267259,74.5979937732491,73.05912150999038,5,5,5,0,0,0,0.0,0.0,0.0,0.0508764419992076,0.051347434000490466,0.049776312000176404,53.261455343394445,4
2024-07-10 02:00:00+00:00,2024-07-10 04:00:00+00:00,8,62.960049642184586,69.85001910917816,58.524857962883736,-4.43519167930085,-11.325161146294427,67.80629664537713,75.4522608485548,62.07519215651189,8,8,8,0,0,0,0.0,0.0,0.0,0.0507269069994436,0.05141648500011797,0.04925180000009277,61.12155851173751,7
2024-07-10 04:00:00+00:00,2024-07-10 06:00:00+00:00,5,41.21796827425134,41.21796827425134,39.95620160699264,-1.2617666672586978,-1.2617666672586978,46.19438819652435,46.19438819652435,45.06665217484088,5,5,5,0,0,0,0.0,0.0,0.0,0.050634890000765154,0.05199916200035659,0.049330028999975184,25.52921151207463,4
2024-07-11 02:00:00+00:00,2024-07-11 04:00:00+00:00,10,54.63378291800552,54.63378291800552,48.050358576746426,-6.5834243412590965,-6.5834243412590965,58.98499978103286,58.98499978103286,51.221863147695856,10,10,10,0,0,0,0.0,0.0,0.0,0.054689714000232925,0.05468369200025336,0.05303518599976087,69.74430594353976,9
2024-07-11 06:00:00+00:00,2024-07-11 08:00:00+00:00,8,60.91474636228653,76.94205240306917,57.30341009027033,-3.611336272016196,-19.638642312798837,68.0685504989413,84.21151713013616,63.13867913125748,8,8,8,0,0,0,0.0,0.0,0.0,0.05102474699924642,0.051708672999666305,0.04970242300078098,74.81980767393732,7
2024-07-12 02:00:00+00:00,2024-07-12 04:00:00+00:00,7,56.795589663839834,56.795589663839834,56.40696563287962,-0.3886240309602158,-0.3886240309602158,59.86994833153783,59.86994833153783,60.834473294930014,7,7,7,0,0,0,0.0,0.0,0.0,0.050299964000259934,0.05113012499987235,0.04932865200044034,56.19109449983077,6
2024-07-12 04:00:00+00:00,2024-07-12 06:00:00+00:00,12,70.04588024997093,103.26806442813495,69.53788808233698,-0.507992167633958,-33.73017634579797,78.7352736628284,112.67317146380144,77.96904056163716,12,12,12,0,0,0,0.0,0.0,0.0,0.050446847000785056,0.05186974000025657,0.0494497859999683,71.88611945317983,11
2024-07-13 02:00:00+00:00,2024-07-13 04:00:00+00:00,15,93.59905556115534,94.66660090823257,86.26619403037363,-7.332861530781713,-8.400406877858941,102.76332377048523,103.45093954814493,94.81447070035419,15,15,15,0,0,0,0.0,0.0,0.0,0.05100291000053403,0.052909936999640195,0.052186982999955944,145.05597216952572,14
2024-07-15 02:00:00+00:00,2024-07-15 04:00:00+00:00,14,91.94285588111588,108.65188230392832,78.46007910290382,-13.482776778212056,-30.1918032010245,99.26824089097111,116.27749554251419,83.97185037005923,14,14,14,0,0,0,0.0,0.0,0.0,0.05076471800020954,0.052600777000407106,0.049815356000181055,118.13757696404036,13
2024-07-15 04:00:00+00:00,2024-07-15 06:00:00+00:00,12,80.76871797707904,104.81056939136512,78.16394418415015,-2.6047737929288814,-26.646625207214967,86.67524040111532,111.19959850737204,82.61204864476109,11,12,12,1,0,0,10.464877433333333,0.0,0.0,0.050899967000077595,0.05255910699997912,0.050396500000715605,114.59987390648811,11
2024-07-16 02:00:00+00:00,2024-07-16 04:00:00+00:00,13,98.45522711012886,104.68666854521841,81.14726753259079,-17.30795957753807,-23.53940101262762,108.78766716328558,116.4785702008121,90.79574971976682,13,13,13,0,0,0,0.0,0.0,0.0,0.05104378200030624,0.05255519300044398,0.052237472999877355,148.82505792997569,12
2024-07-16 04:00:00+00:00,2024-07-16 06:00:00+00:00,8,48.47754644669236,65.98978622874232,50.23678658890584,1.7592401422134785,-15.752999639836482,52.08410639710772,71.45801247911835,55.12240143742639,8,8,8,0,0,0,0.0,0.0,0.0,0.050145367000368424,0.05123492399980023,0.049218922999898496,47.04358911822151,7
2024-07-16 18:00:00+00:00,2024-07-16 20:00:00+00:00,8,63.1653601367244,68.63159921201559,53.99881333679357,-9.166546799930835,-14.63278587522202,71.07032678616127,76.17878234777041,60.125105170822856,8,8,8,0,0,0,0.0,0.0,0.0,0.05030238199924497,0.051294462000441854,0.04979639599969232,44.01429252231706,7
2024-07-17 16:00:00+00:00,2024-07-17 18:00:00+00:00,10,92.94483959237616,109.69946187888044,87.22997886948423,-5.7148607228919275,-22.469483009396214,104.20204524992195,124.44679519824251,97.99230139119187,10,10,10,0,0,0,0.0,0.0,0.0,0.049593994000133534,0.05040755400023045,0.04896950900001684,119.96734298929726,9
2024-07-18 02:00:00+00:00,2024-07-18 04:00:00+00:00,12,89.44347702892642,118.9865215060054,79.14233826556037,-10.301138763366055,-39.844183240445034,100.94066643279996,130.85639816426556,88.43410289774538,12,12,12,0,0,0,0.0,0.0,0.0,0.05171066200000496,0.053437778999978036,0.05084667500068463,119.9254658800723,11
2024-07-18 04:00:00+00:00,2024-07-18 06:00:00+00:00,6,80.28004038663042,90.19306639037428,70.5797307846578,-9.70030960197262,-19.613335605716486,88.64512177720837,97.76519222880471,78.12557710866109,6,6,6,0,0,0,0.0,0.0,0.0,0.051850900999852456,0.05223343499983457,0.05284891900009825,42.14339324465425,5
2024-07-19 02:00:00+00:00,2024-07-19 04:00:00+00:00,11,70.058653899415,88.59033323344131,73.68237105650597,3.623717157090965,-14.907962176935342,74.92129929601738,95.64901614612863,77.19799475642064,11,11,11,0,0,0,0.0,0.0,0.0,0.05357280499993067,0.05147987400050624,0.049619043999882706,90.59328727661186,10
2024-07-19 18:00:00+00:00,2024-07-19 20:00:00+00:00,7,65.50274777982347,65.8139954400063,67.79517010369838,2.2924223238749164,1.9811746636920873,69.83216255879925,70.57796437664264,72.66478939273385,7,7,7,0,0,0,0.0,0.0,0.0,0.05034389399952488,0.050888980999843625,0.05109224199986784,84.88094260736668,6
2024-07-20 02:00:00+00:00,2024-07-20 04:00:00+00:00,10,90.51064780689684,91.07967649538453,85.44358810705167,-5.067059699845174,-5.636088388332865,97.52715648377821,97.771575110684,92.56499788799181,10,10,10,0,0,0,0.0,0.0,0.0,0.051467701000547095,0.052513024999825575,0.05274193200057198,71.5356113421454,9
2024-07-21 20:00:00+00:00,2024-07-21 22:00:00+00:00,8,60.82510114621009,60.82510114621009,54.10222924331452,-6.7228719028955695,-6.7228719028955695,68.8089705854306,68.8089705854306,62.345391074134305,8,8,8,0,0,0,0.0,0.0,0.0,0.050522774000455684,0.051364367000132916,0.05198234199997387,52.33368530015557,7
2024-07-22 02:00:00+00:00,2024-07-22 04:00:00+00:00,8,104.29135865735005,118.72983574874722,89.63147605878511,-14.659882598564934,-29.09835968996211,110.27089494573123,129.34366207467014,97.6783667562352,8,8,8,0,0,0,0.0,0.0,0.0,0.05104290100007347,0.05163326700039761,0.05233023300024797,67.43716559537107,7
2024-07-22 04:00:00+00:00,2024-07-22 06:00:00+00:00,10,63.8751547421306,84.92950680988115,61.19331095664538,-2.6818437854852206,-23.73619585323577,69.23742072616776,90.06815212621716,66.28244166236087,10,10,10,0,0,0,0.0,0.0,0.0,0.050071476999619335,0.051231506000476656,0.05176205499992648,66.64579102302264,9
2024-07-23 02:00:00+00:00,2024-07-23 04:00:00+00:00,11,57.672752189970005,67.79217859846642,54.06654026694458,-3.606211923025427,-13.725638331521843,67.0052480036335,77.36771710114292,63.157205086911354,11,11,11,0,0,0,0.0,0.0,0.0,0.05049301300005027,0.05197589099952893,0.04964586900041468,92.1744201122041,10
2024-07-23 04:00:00+00:00,2024-07-23 06:00:00+00:00,5,44.58283941169836,44.02854642056455,42.70670973088331,-1.8761296808150476,-1.3218366896812412,49.70442339567765,49.682534020704665,47.98190163220073,5,5,5,0,0,0,0.0,0.0,0.0,0.050807906999580155,0.05140764800034958,0.051792125000247324,38.18027736576476,4
2024-07-23 16:00:00+00:00,2024-07-23 18:00:00+00:00,6,86.27610183255018,86.27610183255018,80.32446387088558,-5.951637961664602,-5.951637961664602,91.27621586725667,91.27621586725667,86.1538262123417,6,6,6,0,0,0,0.0,0.0,0.0,0.051650012000209244,0.05262671600030444,0.05393959899993206,65.47810916866297,5
2024-07-24 02:00:00+00:00,2024-07-24 04:00:00+00:00,13,85.82023664142942,90.3000895597892,71.09647959609217,-14.723757045337251,-19.203609963697033,89.49325567600464,95.97117040584286,76.19196304549189,13,13,13,0,0,0,0.0,0.0,0.0,0.051781838000351854,0.05250326199984556,0.05104805100017984,83.3709832116221,12
2024-07-24 04:00:00+00:00,2024-07-24 06:00:00+00:00,6,68.89617457022385,79.11074677440712,68.51590674009852,-0.3802678301253337,-10.594840034308604,73.05541258948634,85.03819134993384,72.94070332791567,6,6,6,0,0,0,0.0,0.0,0.0,0.04968664100033493,0.05103726499964978,0.0492611069994382,63.58013082165904,5
2024-07-25 02:00:00+00:00,2024-07-25 04:00:00+00:00,10,90.10076586375976,101.27092092924609,73.57548249954708,-16.525283364212683,-27.69543842969901,97.96801499262955,111.0952335427815,80.06681451446137,10,10,10,0,0,0,0.0,0.0,0.0,0.052377130999957444,0.053009680999821285,0.0532739930004027,76.29478473538576,9
2024-07-25 16:00:00+00:00,2024-07-25 18:00:00+00:00,8,106.87493353835396,101.73747849890793,84.39237367473993,-22.48255986361403,-17.345104824168004,111.8092263402377,105.9462272391653,90.24181875492458,8,8,8,0,0,0,0.0,0.0,0.0,0.05301195700030803,0.05394548899948859,0.0525349190002089,53.71076823994895,7
2024-07-26 02:00:00+00:00,2024-07-26 04:00:00+00:00,10,78.15577787016929,80.85746773822078,70.05232244213877,-8.103455428030514,-10.805145296082003,82.82830300970112,85.74270993831462,75.0133789894868,10,10,10,0,0,0,0.0,0.0,0.0,0.05131613399953494,0.052945180000278924,0.05101504100002785,48.14744148339558,9
2024-07-26 08:00:00+00:00,2024-07-26 10:00:00+00:00,5,37.001079851703764,42.56272524694021,36.883506955331185,-0.11757289637257884,-5.6792182916090255,41.12203757737505,46.659502298001286,41.043326603976126,5,5,5,0,0,0,0.0,0.0,0.0,0.05194350600049802,0.051887138000893174,0.049764000000322994,13.79567198744482,4
2024-07-26 14:00:00+00:00,2024-07-26 16:00:00+00:00,5,64.74547668059289,64.74547668059289,56.812334250010736,-7.933142430582151,-7.933142430582151,69.09634740102497,69.09634740102497,60.21504725310001,5,5,5,0,0,0,0.0,0.0,0.0,0.052031029000318085,0.05285658600041643,0.053463795999959984,34.0583603261357,4
2024-07-29 04:00:00+00:00,2024-07-29 06:00:00+00:00,16,99.77921836744936,116.03422355560001,93.04731511089813,-6.7319032565512344,-22.986908444701882,108.05659751916969,124.61473985873916,101.01022564956062,16,16,16,0,0,0,0.0,0.0,0.0,0.04920024900002318,0.05078674500055058,0.05063674499979243,131.7329737378284,15
2024-07-30 16:00:00+00:00,2024-07-30 18:00:00+00:00,7,77.03633371846425,78.29031171265302,71.55403443022672,-5.482299288237527,-6.7362772824263,87.42187253061516,88.14670549897878,80.26299891509825,7,7,7,0,0,0,0.0,0.0,0.0,0.049215772000025027,0.04975339500015252,0.05023645999972359,35.74159632569854,6
2024-08-01 02:00:00+00:00,2024-08-01 04:00:00+00:00,6,50.43098697773756,44.25680476516081,42.0111915560687,-8.419795421668859,-2.245613209092106,55.24492877269648,48.82485868460877,46.56910072796343,6,6,6,0,0,0,0.0,0.0,0.0,0.04873167400000966,0.0494853680002052,0.04974109900012991,23.29831142942188,5
2024-08-02 08:00:00+00:00,2024-08-02 10:00:00+00:00,6,51.640509269724646,51.640509269724646,51.33667031385855,-0.3038389558660981,-0.3038389558660981,52.869521981966884,52.869521981966884,52.131896409838994,6,6,6,0,0,0,0.0,0.0,0.0,0.048523364000175206,0.04918250900027488,0.049637292000625166,45.99533288746187,5
2024-08-06 02:00:00+00:00,2024-08-06 04:00:00+00:00,5,89.63894670949284,89.01653980316844,69.34290834899868,-20.296038360494165,-19.673631454169765,96.0281815019574,95.87368199136286,74.31943917501965,5,5,5,0,0,0,0.0,0.0,0.0,0.049159817999679944,0.04964283200024511,0.050362840999696346,27.688101639355565,4
2024-08-06 04:00:00+00:00,2024-08-06 06:00:00+00:00,13,114.46025597413244,147.41674790551835,102.42658710007204,-12.033668874060396,-44.99016080544631,128.21145499483694,160.56423281830192,114.89711972243252,10,13,13,3,0,0,119.68251735,0.0,0.0,0.049123439000140934,0.05092513500039786,0.050931445000060194,132.37146219299524,12
2024-08-07 02:00:00+00:00,2024-08-07 04:00:00+00:00,8,70.24199157096288,91.16332560173103,68.38938901826927,-1.852602552693611,-22.77393658346176,77.6596540918113,94.68351237580666,74.30117628285451,8,8,8,0,0,0,0.0,0.0,0.0,0.04909183000017947,0.049512282999785384,0.04993226699934894,59.039294443715335,7
2024-08-08 02:00:00+00:00,2024-08-08 04:00:00+00:00,8,76.13798335396439,82.02270194138184,70.45600071250571,-5.681982641458674,-11.566701228876127,80.31322136719552,87.43504824102267,74.6400597327044,8,8,8,0,0,0,0.0,0.0,0.0,0.053770475999954215,0.05487581499983207,0.05700981899917679,76.61748503247314,7
2024-08-08 06:00:00+00:00,2024-08-08 08:00:00+00:00,7,72.2095235638418,88.40087962222574,66.24561793114714,-5.963905632694662,-22.155261691078607,75.03904736093976,92.38831525188567,69.53637550326694,6,7,7,1,0,0,4.041008933333333,0.0,0.0,0.05148937899957673,0.0522321770004055,0.05254160200001934,32.43846297399341,6
2024-08-09 02:00:00+00:00,2024-08-09 04:00:00+00:00,7,71.73836478500829,71.42617165367886,68.40854269518448,-3.329822089823807,-3.0176289584943845,76.5180282402797,77.55377283841197,74.75487403509007,7,7,7,0,0,0,0.0,0.0,0.0,0.04931472199950804,0.049700325000230805,0.050353225000435486,41.2078651135472,6
2024-08-09 16:00:00+00:00,2024-08-09 18:00:00+00:00,11,93.29073649761696,109.50328356082052,82.03856814152728,-11.252168356089683,-27.464715419293242,102.20314294521933,119.78447474391294,89.4461857014753,11,11,11,0,0,0,0.0,0.0,0.0,0.04908388500007277,0.04998218800028553,0.04800266599977476,127.92558496344363,10
2024-08-10 04:00:00+00:00,2024-08-10 06:00:00+00:00,11,90.45318355917877,113.12111248891647,89.51263188780398,-0.9405516713747915,-23.60848060111249,98.13660788788128,124.1615992441995,96.31769685173319,11,11,10,0,0,1,0.0,0.0,22.173854366666667,0.04894452300050034,0.0501196160003019,0.05042697600038082,71.68718386687051,10
2024-08-13 02:00:00+00:00,2024-08-13 04:00:00+00:00,13,119.15112383223293,161.42195225490988,117.05912978534333,-2.091994046889596,-44.36282246956655,130.30581186099812,174.61402714511124,128.4378915927807,12,13,12,1,0,1,28.92621365,0.0,25.931049716666667,0.05223062499953812,0.052551963000041724,0.051215806000072917,112.76389102724191,12
2024-08-14 02:00:00+00:00,2024-08-14 04:00:00+00:00,5,38.2561663805996,38.2561663805996,38.2561663805996,0.0,0.0,44.61122958737181,44.61122958737181,44.61122958737181,5,5,5,0,0,0,0.0,0.0,0.0,0.051345201999538403,0.05153146300017397,0.050714363000224694,63.384027667240325,4
2024-08-14 04:00:00+00:00,2024-08-14 06:00:00+00:00,5,60.413917671684715,60.413917671684715,59.61571612299606,-0.7982015486886525,-0.7982015486886525,67.11728564347098,67.11728564347098,65.98079309586083,5,5,5,0,0,0,0.0,0.0,0.0,0.0518167860000176,0.05265085700011696,0.05085952600074961,29.051988272175464,4
2024-08-15 04:00:00+00:00,2024-08-15 06:00:00+00:00,9,53.224873298461254,69.77408427248487,50.784042358024315,-2.440830940436939,-18.990041914460555,57.97769544062412,75.40012565318568,55.68651974235343,9,9,9,0,0,0,0.0,0.0,0.0,0.053122577000067395,0.05367291400034446,0.051093602999571885,74.40748571827021,8
2024-08-16 02:00:00+00:00,2024-08-16 04:00:00+00:00,5,43.7927958990398,43.7927958990398,40.206503493680735,-3.5862924053590675,-3.5862924053590675,49.54593629830227,49.54593629830227,44.53354021048088,5,5,5,0,0,0,0.0,0.0,0.0,0.051355378000152996,0.05166691300019011,0.05064126799970836,23.72635103574816,4
2024-08-16 04:00:00+00:00,2024-08-16 06:00:00+00:00,7,77.7412794028988,98.82834076106822,78.98654311244692,1.2452637095481265,-19.841797648621295,82.89784027656674,105.81427081157332,84.29270043033775,7,7,5,0,0,2,0.0,0.0,24.77722758333333,0.05211604099986289,0.05234320599993225,0.05064990000028047,68.55333703149049,6
2024-08-17 02:00:00+00:00,2024-08-17 04:00:00+00:00,6,34.63601597457345,37.10143386931163,34.63601597457345,0.0,-2.4654178947381737,40.10783513437043,42.89429656879061,40.10783513437043,6,6,6,0,0,0,0.0,0.0,0.0,0.05145465600071475,0.05228755600001023,0.05198619899965706,41.56809439726257,5
2024-08-17 04:00:00+00:00,2024-08-17 06:00:00+00:00,8,100.74790205582106,112.62878149341829,96.93312234369799,-3.8147797121230695,-15.6956591497203,105.37570501821297,116.09853839763912,99.1821029826826,8,8,8,0,0,0,0.0,0.0,0.0,0.051741968999522214,0.05230834899975889,0.05137837300026149,73.77244665852083,7
2024-08-19 04:00:00+00:00,2024-08-19 06:00:00+00:00,12,91.32516631062504,138.0876458804097,80.89548171931808,-10.429684591306952,-57.19216416109161,98.06009425289619,146.79558131051328,87.6155476776672,12,12,10,0,0,2,0.0,0.0,91.89625258333334,0.05171949800023867,0.05349666299935052,0.05057494500033499,152.74485376162903,11
2024-08-20 04:00:00+00:00,2024-08-20 06:00:00+00:00,10,112.44615645517031,113.4675257512348,85.2690864720945,-27.17706998307581,-28.198439279140302,122.76839265606773,126.29687264878773,92.20197656346102,9,10,9,1,0,1,32.94140816666667,0.0,0.8191931333333333,0.05131133499980933,0.052463342000010016,0.0538832590000311,86.94497708235934,9
2024-08-21 02:00:00+00:00,2024-08-21 04:00:00+00:00,7,81.36833258818322,86.724504817842,80.96110717114678,-0.4072254170364431,-5.763397646695225,86.02155406457845,93.61743535803056,85.37937710558204,7,7,7,0,0,0,0.0,0.0,0.0,0.05156806700051675,0.05253107699991233,0.050570305999826815,59.453487689842575,6
2024-08-22 04:00:00+00:00,2024-08-22 06:00:00+00:00,9,76.20160113835155,95.03750400973996,66.44980942958763,-9.751791708763918,-28.58769458015233,77.90627309811858,99.04750294411332,68.68954788045068,9,9,9,0,0,0,0.0,0.0,0.0,0.0502391970003373,0.051603220000288275,0.05007042099987302,91.56090678052696,8
