wave_start,wave_end,algorithm,number_of_deliveries,deliveries_with_deadline,deliveries_without_deadline,on_time_deliveries,late_deliveries,on_time_rate,total_lateness_minutes,mean_lateness_minutes,max_lateness_minutes,total_distance_km,total_travel_time_minutes,routing_runtime_seconds,matrix_preparation_seconds,returned_to_depot,clarke_wright_initial_distance_km,clarke_wright_savings_km,clarke_wright_merge_count
2023-10-02 04:00:00+00:00,2023-10-02 06:00:00+00:00,nearest_neighbor,5,5,0,5,0,1.0,0.0,0.0,0.0,57.32448403424207,61.6449552881404,0.051710327999899164,3.371233332999509,True,,,
2023-10-02 04:00:00+00:00,2023-10-02 06:00:00+00:00,priority_nearest_neighbor,5,5,0,5,0,1.0,0.0,0.0,0.0,73.31787469794497,78.54994237284268,0.05214674299986655,3.371233332999509,True,,,
2023-10-02 04:00:00+00:00,2023-10-02 06:00:00+00:00,clarke_wright,5,5,0,5,0,1.0,0.0,0.0,0.0,57.32448403424207,61.6449552881404,0.05073751800046011,3.371233332999509,True,95.49021490436853,38.16573087012646,4.0
2024-01-29 04:00:00+00:00,2024-01-29 06:00:00+00:00,nearest_neighbor,5,5,0,5,0,1.0,0.0,0.0,0.0,56.23648386196553,63.22817350093929,0.05214655300005688,3.407291745999828,True,,,
2024-01-29 04:00:00+00:00,2024-01-29 06:00:00+00:00,priority_nearest_neighbor,5,5,0,5,0,1.0,0.0,0.0,0.0,60.96238746470781,67.81183835983867,0.05268885700024839,3.407291745999828,True,,,
2024-01-29 04:00:00+00:00,2024-01-29 06:00:00+00:00,clarke_wright,5,5,0,5,0,1.0,0.0,0.0,0.0,54.098483437543855,60.60139657693266,0.05348606700044911,3.407291745999828,True,76.0508310940214,21.95234765647755,4.0
2024-01-31 02:00:00+00:00,2024-01-31 04:00:00+00:00,nearest_neighbor,6,6,0,6,0,1.0,0.0,0.0,0.0,45.9253061034011,49.167119771896225,0.05173977100002958,3.9531587330002367,True,,,
2024-01-31 02:00:00+00:00,2024-01-31 04:00:00+00:00,priority_nearest_neighbor,6,6,0,6,0,1.0,0.0,0.0,0.0,50.95578367239693,53.75303235546469,0.05246624800020072,3.9531587330002367,True,,,
2024-01-31 02:00:00+00:00,2024-01-31 04:00:00+00:00,clarke_wright,6,6,0,6,0,1.0,0.0,0.0,0.0,46.61676759871748,49.44570644641727,0.05062772200017207,3.9531587330002367,True,87.98477139054043,41.36800379182295,5.0
2024-02-01 04:00:00+00:00,2024-02-01 06:00:00+00:00,nearest_neighbor,10,10,0,10,0,1.0,0.0,0.0,0.0,58.60132888141967,66.38025312335434,0.05203546800021286,6.34477520100063,True,,,
2024-02-01 04:00:00+00:00,2024-02-01 06:00:00+00:00,priority_nearest_neighbor,10,10,0,10,0,1.0,0.0,0.0,0.0,85.64978173475815,94.07126024677426,0.05258174200025678,6.34477520100063,True,,,
2024-02-01 04:00:00+00:00,2024-02-01 06:00:00+00:00,clarke_wright,10,10,0,10,0,1.0,0.0,0.0,0.0,53.267797127575825,59.70900419163188,0.050252672000169696,6.34477520100063,True,145.98516669958707,92.71736957201125,9.0
2024-02-02 04:00:00+00:00,2024-02-02 06:00:00+00:00,nearest_neighbor,6,6,0,6,0,1.0,0.0,0.0,0.0,30.5252127910072,33.31456172949571,0.05151890300021478,3.9734789839994846,True,,,
2024-02-02 04:00:00+00:00,2024-02-02 06:00:00+00:00,priority_nearest_neighbor,6,6,0,6,0,1.0,0.0,0.0,0.0,30.844674433615467,33.70336678664949,0.05216607200054568,3.9734789839994846,True,,,
2024-02-02 04:00:00+00:00,2024-02-02 06:00:00+00:00,clarke_wright,6,6,0,6,0,1.0,0.0,0.0,0.0,27.87652128466987,31.6132244854926,0.04983675399944332,3.9734789839994846,True,45.20082571563075,17.32430443096088,5.0
2024-02-04 06:00:00+00:00,2024-02-04 08:00:00+00:00,nearest_neighbor,6,6,0,6,0,1.0,0.0,0.0,0.0,28.508063376983337,33.0033980186204,0.05105604599975777,4.031451835000553,True,,,
2024-02-04 06:00:00+00:00,2024-02-04 08:00:00+00:00,priority_nearest_neighbor,6,6,0,6,0,1.0,0.0,0.0,0.0,28.508063376983337,33.0033980186204,0.05201676500018948,4.031451835000553,True,,,
2024-02-04 06:00:00+00:00,2024-02-04 08:00:00+00:00,clarke_wright,6,6,0,6,0,1.0,0.0,0.0,0.0,29.31501807346138,33.8617120065459,0.050071278999894275,4.031451835000553,True,63.53071110805659,34.21569303459521,5.0
2024-02-06 04:00:00+00:00,2024-02-06 06:00:00+00:00,nearest_neighbor,5,5,0,5,0,1.0,0.0,0.0,0.0,48.91915093343699,52.769524214568094,0.05179757400037488,3.5352535609999904,True,,,
2024-02-06 04:00:00+00:00,2024-02-06 06:00:00+00:00,priority_nearest_neighbor,5,5,0,5,0,1.0,0.0,0.0,0.0,60.91015773421254,65.97002057646664,0.052816700999755994,3.5352535609999904,True,,,
2024-02-06 04:00:00+00:00,2024-02-06 06:00:00+00:00,clarke_wright,5,5,0,5,0,1.0,0.0,0.0,0.0,47.5371165386124,52.52458881527362,0.05097300899979018,3.5352535609999904,True,87.5722844769621,40.035167938349694,4.0
2024-02-20 02:00:00+00:00,2024-02-20 04:00:00+00:00,nearest_neighbor,5,5,0,5,0,1.0,0.0,0.0,0.0,52.756157424985815,59.278601013356095,0.051789023999845085,3.4135839210002814,True,,,
2024-02-20 02:00:00+00:00,2024-02-20 04:00:00+00:00,priority_nearest_neighbor,5,5,0,5,0,1.0,0.0,0.0,0.0,52.756157424985815,59.278601013356095,0.052368848999321926,3.4135839210002814,True,,,
2024-02-20 02:00:00+00:00,2024-02-20 04:00:00+00:00,clarke_wright,5,5,0,5,0,1.0,0.0,0.0,0.0,46.65413468678151,52.95271794771753,0.05053529999986495,3.4135839210002814,True,82.93128507134726,36.27715038456575,4.0
2024-02-21 02:00:00+00:00,2024-02-21 04:00:00+00:00,nearest_neighbor,5,5,0,5,0,1.0,0.0,0.0,0.0,54.07678980608435,57.41065461762011,0.05094502899919462,3.415339732000575,True,,,
2024-02-21 02:00:00+00:00,2024-02-21 04:00:00+00:00,priority_nearest_neighbor,5,5,0,5,0,1.0,0.0,0.0,0.0,52.80856694163259,55.24382178722985,0.05151578300046822,3.415339732000575,True,,,
2024-02-21 02:00:00+00:00,2024-02-21 04:00:00+00:00,clarke_wright,5,5,0,5,0,1.0,0.0,0.0,0.0,47.77907402053479,51.00679867467434,0.05199768799957383,3.415339732000575,True,62.57789920546667,14.798825184931879,4.0
2024-02-27 04:00:00+00:00,2024-02-27 06:00:00+00:00,nearest_neighbor,5,5,0,5,0,1.0,0.0,0.0,0.0,55.95157169906435,60.52579968485277,0.05057876699993358,3.5243355579996205,True,,,
2024-02-27 04:00:00+00:00,2024-02-27 06:00:00+00:00,priority_nearest_neighbor,5,5,0,5,0,1.0,0.0,0.0,0.0,59.03566284231113,63.74832697455595,0.0514407629998459,3.5243355579996205,True,,,
2024-02-27 04:00:00+00:00,2024-02-27 06:00:00+00:00,clarke_wright,5,5,0,5,0,1.0,0.0,0.0,0.0,52.76041051891673,57.23675293307693,0.05196023799999239,3.5243355579996205,True,79.04268246450077,26.282271945584043,4.0
2024-03-08 02:00:00+00:00,2024-03-08 04:00:00+00:00,nearest_neighbor,5,5,0,5,0,1.0,0.0,0.0,0.0,42.29254167096016,48.068711995210435,0.0509252709998691,3.503811216000031,True,,,
2024-03-08 02:00:00+00:00,2024-03-08 04:00:00+00:00,priority_nearest_neighbor,5,5,0,5,0,1.0,0.0,0.0,0.0,47.42244046407341,54.05781914139426,0.05148509100035881,3.503811216000031,True,,,
2024-03-08 02:00:00+00:00,2024-03-08 04:00:00+00:00,clarke_wright,5,5,0,5,0,1.0,0.0,0.0,0.0,39.50668736875995,44.4316497304279,0.05182466799942631,3.503811216000031,True,77.20156680690378,37.694879438143836,4.0
2024-03-08 04:00:00+00:00,2024-03-08 06:00:00+00:00,nearest_neighbor,6,6,0,6,0,1.0,0.0,0.0,0.0,42.749953642253956,48.123393520719475,0.05074197300018568,2.83181931099989,True,,,
2024-03-08 04:00:00+00:00,2024-03-08 06:00:00+00:00,priority_nearest_neighbor,6,6,0,6,0,1.0,0.0,0.0,0.0,42.749953642253956,48.123393520719475,0.051914927000325406,2.83181931099989,True,,,
2024-03-08 04:00:00+00:00,2024-03-08 06:00:00+00:00,clarke_wright,6,6,0,6,0,1.0,0.0,0.0,0.0,40.277587306059374,44.85024231934668,0.052294242000243685,2.83181931099989,True,94.54122214398102,54.26363483792164,5.0
2024-03-18 02:00:00+00:00,2024-03-18 04:00:00+00:00,nearest_neighbor,6,6,0,6,0,1.0,0.0,0.0,0.0,64.52278254500737,67.42297333503042,0.050620334000086586,3.9798398299999462,True,,,
2024-03-18 02:00:00+00:00,2024-03-18 04:00:00+00:00,priority_nearest_neighbor,6,6,0,6,0,1.0,0.0,0.0,0.0,68.68900360528744,73.48847584425206,0.051848047999556,3.9798398299999462,True,,,
2024-03-18 02:00:00+00:00,2024-03-18 04:00:00+00:00,clarke_wright,6,6,0,6,0,1.0,0.0,0.0,0.0,61.70052425877053,64.97805314902631,0.05199075200016523,3.9798398299999462,True,114.55443159975701,52.85390734098648,5.0
2024-03-22 02:00:00+00:00,2024-03-22 04:00:00+00:00,nearest_neighbor,5,5,0,5,0,1.0,0.0,0.0,0.0,45.39983069477543,49.60557963802089,0.051153506000446214,3.59836509500019,True,,,
2024-03-22 02:00:00+00:00,2024-03-22 04:00:00+00:00,priority_nearest_neighbor,5,5,0,5,0,1.0,0.0,0.0,0.0,46.97940271675256,51.39063377822491,0.051942877000328735,3.59836509500019,True,,,
2024-03-22 02:00:00+00:00,2024-03-22 04:00:00+00:00,clarke_wright,5,5,0,5,0,1.0,0.0,0.0,0.0,44.83171378922722,49.39704493352272,0.04996054599996569,3.59836509500019,True,78.94688450032793,34.1151707111007,4.0
2024-04-04 02:00:00+00:00,2024-04-04 04:00:00+00:00,nearest_neighbor,7,7,0,7,0,1.0,0.0,0.0,0.0,55.699862210980065,61.58692507180673,0.050093732999812346,4.389776374999201,True,,,
2024-04-04 02:00:00+00:00,2024-04-04 04:00:00+00:00,priority_nearest_neighbor,7,7,0,7,0,1.0,0.0,0.0,0.0,66.10811397753619,73.1348564995521,0.051513555999918026,4.389776374999201,True,,,
2024-04-04 02:00:00+00:00,2024-04-04 04:00:00+00:00,clarke_wright,7,7,0,7,0,1.0,0.0,0.0,0.0,48.46753324182365,54.48538347365023,0.04955208899991703,4.389776374999201,True,82.5755688814438,34.10803563962015,6.0
2024-04-05 02:00:00+00:00,2024-04-05 04:00:00+00:00,nearest_neighbor,5,5,0,5,0,1.0,0.0,0.0,0.0,50.838655330615495,55.63750422711835,0.049430069000663934,3.2208651279997866,True,,,
2024-04-05 02:00:00+00:00,2024-04-05 04:00:00+00:00,priority_nearest_neighbor,5,5,0,5,0,1.0,0.0,0.0,0.0,55.108678908254305,59.229841426450044,0.049756305999835604,3.2208651279997866,True,,,
2024-04-05 02:00:00+00:00,2024-04-05 04:00:00+00:00,clarke_wright,5,5,0,5,0,1.0,0.0,0.0,0.0,45.40230621886514,50.37719725342444,0.048323938000066846,3.2208651279997866,True,62.16353448956949,16.76122827070435,4.0
2024-04-10 04:00:00+00:00,2024-04-10 06:00:00+00:00,nearest_neighbor,5,5,0,5,0,1.0,0.0,0.0,0.0,46.26640599892636,50.86627268557288,0.049250737999500416,3.2065540180001335,True,,,
2024-04-10 04:00:00+00:00,2024-04-10 06:00:00+00:00,priority_nearest_neighbor,5,5,0,5,0,1.0,0.0,0.0,0.0,44.38670110525073,49.93486675729015,0.049863821000144526,3.2065540180001335,True,,,
2024-04-10 04:00:00+00:00,2024-04-10 06:00:00+00:00,clarke_wright,5,5,0,5,0,1.0,0.0,0.0,0.0,42.90734830299646,47.536648193742515,0.047924575000251934,3.2065540180001335,True,67.33644179326431,24.429093490267853,4.0
2024-04-19 04:00:00+00:00,2024-04-19 06:00:00+00:00,nearest_neighbor,5,5,0,5,0,1.0,0.0,0.0,0.0,31.142219349500685,35.3107340615728,0.05022886099959578,2.2163341559999026,True,,,
2024-04-19 04:00:00+00:00,2024-04-19 06:00:00+00:00,priority_nearest_neighbor,5,5,0,5,0,1.0,0.0,0.0,0.0,31.142219349500685,35.3107340615728,0.050658954000027734,2.2163341559999026,True,,,
2024-04-19 04:00:00+00:00,2024-04-19 06:00:00+00:00,clarke_wright,5,5,0,5,0,1.0,0.0,0.0,0.0,28.7517556937737,32.81870081403279,0.04886598600023717,2.2163341559999026,True,73.73455025665413,44.98279456288043,4.0
2024-04-22 02:00:00+00:00,2024-04-22 04:00:00+00:00,nearest_neighbor,8,8,0,8,0,1.0,0.0,0.0,0.0,43.59640053210937,48.316837985532494,0.05051669200020115,4.840862989000016,True,,,
2024-04-22 02:00:00+00:00,2024-04-22 04:00:00+00:00,priority_nearest_neighbor,8,8,0,8,0,1.0,0.0,0.0,0.0,42.49940627306474,46.94117637869363,0.051593801000308304,4.840862989000016,True,,,
2024-04-22 02:00:00+00:00,2024-04-22 04:00:00+00:00,clarke_wright,8,8,0,8,0,1.0,0.0,0.0,0.0,40.554788078562694,45.42206308234803,0.04916598299951147,4.840862989000016,True,69.75907680165619,29.204288723093498,7.0
2024-04-22 04:00:00+00:00,2024-04-22 06:00:00+00:00,nearest_neighbor,5,5,0,5,0,1.0,0.0,0.0,0.0,56.74263981033898,64.43846537033492,0.049632860999736295,3.2219674560001295,True,,,
2024-04-22 04:00:00+00:00,2024-04-22 06:00:00+00:00,priority_nearest_neighbor,5,5,0,5,0,1.0,0.0,0.0,0.0,62.2558751902268,69.87462928014551,0.0502359609999985,3.2219674560001295,True,,,
2024-04-22 04:00:00+00:00,2024-04-22 06:00:00+00:00,clarke_wright,5,5,0,5,0,1.0,0.0,0.0,0.0,54.767489754683155,61.473446005619024,0.048801812999954564,3.2219674560001295,True,76.4558599168723,21.688370162189145,4.0
2024-04-23 02:00:00+00:00,2024-04-23 04:00:00+00:00,nearest_neighbor,8,8,0,8,0,1.0,0.0,0.0,0.0,41.490239340877245,47.69970868629707,0.05057116099942505,4.8311395059999995,True,,,
2024-04-23 02:00:00+00:00,2024-04-23 04:00:00+00:00,priority_nearest_neighbor,8,8,0,8,0,1.0,0.0,0.0,0.0,53.949448821178684,62.251871808223854,0.05165837099957571,4.8311395059999995,True,,,
2024-04-23 02:00:00+00:00,2024-04-23 04:00:00+00:00,clarke_wright,8,8,0,8,0,1.0,0.0,0.0,0.0,47.03188922322078,53.27892043825429,0.04932494200056681,4.8311395059999995,True,118.08017676743198,71.0482875442112,7.0
2024-04-26 02:00:00+00:00,2024-04-26 04:00:00+00:00,nearest_neighbor,6,6,0,6,0,1.0,0.0,0.0,0.0,49.13847177240126,53.11262135267413,0.05073356899993087,3.78779249299987,True,,,
2024-04-26 02:00:00+00:00,2024-04-26 04:00:00+00:00,priority_nearest_neighbor,6,6,0,6,0,1.0,0.0,0.0,0.0,49.13847177240126,53.11262135267413,0.0513778659997115,3.78779249299987,True,,,
2024-04-26 02:00:00+00:00,2024-04-26 04:00:00+00:00,clarke_wright,6,6,0,6,0,1.0,0.0,0.0,0.0,45.09493733319142,48.89193424547039,0.04951367499961634,3.78779249299987,True,66.17582428767389,21.080886954482473,5.0
2024-05-04 02:00:00+00:00,2024-05-04 04:00:00+00:00,nearest_neighbor,8,8,0,8,0,1.0,0.0,0.0,0.0,70.46718258793143,73.49802521797892,0.050346728000477015,4.821034245999726,True,,,
2024-05-04 02:00:00+00:00,2024-05-04 04:00:00+00:00,priority_nearest_neighbor,8,8,0,8,0,1.0,0.0,0.0,0.0,66.0625008992486,69.98455322851439,0.05143085500003508,4.821034245999726,True,,,
2024-05-04 02:00:00+00:00,2024-05-04 04:00:00+00:00,clarke_wright,8,8,0,8,0,1.0,0.0,0.0,0.0,63.53839527330516,67.44135935437674,0.05177386900049896,4.821034245999726,True,117.79310957687696,54.254714303571795,7.0
2024-05-16 04:00:00+00:00,2024-05-16 06:00:00+00:00,nearest_neighbor,6,6,0,6,0,1.0,0.0,0.0,0.0,42.85867182334422,48.16126386268422,0.050275662000785815,2.7107775330005097,True,,,
2024-05-16 04:00:00+00:00,2024-05-16 06:00:00+00:00,priority_nearest_neighbor,6,6,0,6,0,1.0,0.0,0.0,0.0,46.36689595786185,51.20043713938175,0.050973214000805456,2.7107775330005097,True,,,
2024-05-16 04:00:00+00:00,2024-05-16 06:00:00+00:00,clarke_wright,6,6,0,6,0,1.0,0.0,0.0,0.0,42.85867182334422,48.16126386268422,0.05141021500003262,2.7107775330005097,True,82.88425097429489,40.02557915095067,5.0
2024-05-24 02:00:00+00:00,2024-05-24 04:00:00+00:00,nearest_neighbor,5,5,0,5,0,1.0,0.0,0.0,0.0,28.983287564107933,33.112566904582465,0.05067737900026259,3.251961744000255,True,,,
2024-05-24 02:00:00+00:00,2024-05-24 04:00:00+00:00,priority_nearest_neighbor,5,5,0,5,0,1.0,0.0,0.0,0.0,30.37655787470508,34.65458441566439,0.05110364999927697,3.251961744000255,True,,,
2024-05-24 02:00:00+00:00,2024-05-24 04:00:00+00:00,clarke_wright,5,5,0,5,0,1.0,0.0,0.0,0.0,26.91960981135569,30.56155776800467,0.0496159650001573,3.251961744000255,True,43.54025616767178,16.620646356316087,4.0
2024-05-27 02:00:00+00:00,2024-05-27 04:00:00+00:00,nearest_neighbor,5,5,0,5,0,1.0,0.0,0.0,0.0,22.104358599307155,24.991667928591035,0.050352842999927816,3.2488240590000714,True,,,
2024-05-27 02:00:00+00:00,2024-05-27 04:00:00+00:00,priority_nearest_neighbor,5,5,0,5,0,1.0,0.0,0.0,0.0,27.15229717261418,30.807839067170903,0.05105872600051953,3.2488240590000714,True,,,
2024-05-27 02:00:00+00:00,2024-05-27 04:00:00+00:00,clarke_wright,5,5,0,5,0,1.0,0.0,0.0,0.0,21.74361923948389,24.178210647254673,0.049193920999641705,3.2488240590000714,True,44.145687702933344,22.402068463449453,4.0
2024-05-27 04:00:00+00:00,2024-05-27 06:00:00+00:00,nearest_neighbor,5,5,0,5,0,1.0,0.0,0.0,0.0,61.5062412947393,61.93456930492727,0.05069097799969313,3.232002365999506,True,,,
2024-05-27 04:00:00+00:00,2024-05-27 06:00:00+00:00,priority_nearest_neighbor,5,5,0,5,0,1.0,0.0,0.0,0.0,60.9732919953487,61.481635233917025,0.05110616500041942,3.232002365999506,True,,,
2024-05-27 04:00:00+00:00,2024-05-27 06:00:00+00:00,clarke_wright,5,5,0,5,0,1.0,0.0,0.0,0.0,59.48353975419629,60.16734771242364,0.0494468599999891,3.232002365999506,True,113.47191980036544,53.98838004616915,4.0
2024-05-27 06:00:00+00:00,2024-05-27 08:00:00+00:00,nearest_neighbor,6,6,0,6,0,1.0,0.0,0.0,0.0,53.522530646434724,58.6401498923029,0.05074083999988943,3.7675498930002504,True,,,
2024-05-27 06:00:00+00:00,2024-05-27 08:00:00+00:00,priority_nearest_neighbor,6,6,0,6,0,1.0,0.0,0.0,0.0,70.51964588787625,76.78020265353013,0.05127055200046016,3.7675498930002504,True,,,
2024-05-27 06:00:00+00:00,2024-05-27 08:00:00+00:00,clarke_wright,6,6,0,6,0,1.0,0.0,0.0,0.0,53.143286260694346,58.671527984136254,0.049155427999721724,3.7675498930002504,True,94.09695759374256,40.95367133304821,5.0
2024-06-10 04:00:00+00:00,2024-06-10 06:00:00+00:00,nearest_neighbor,5,5,0,5,0,1.0,0.0,0.0,0.0,38.316835506337085,42.64905861310468,0.050760900000568654,3.2358674179995432,True,,,
2024-06-10 04:00:00+00:00,2024-06-10 06:00:00+00:00,priority_nearest_neighbor,5,5,0,5,0,1.0,0.0,0.0,0.0,39.759626649331814,44.79420961116762,0.05093832900001871,3.2358674179995432,True,,,
2024-06-10 04:00:00+00:00,2024-06-10 06:00:00+00:00,clarke_wright,5,5,0,5,0,1.0,0.0,0.0,0.0,36.667796608039744,40.40488024416943,0.05146907400012424,3.2358674179995432,True,53.366587381412586,16.698790773372842,4.0
2024-06-13 04:00:00+00:00,2024-06-13 06:00:00+00:00,nearest_neighbor,5,5,0,5,0,1.0,0.0,0.0,0.0,56.69767385118966,58.651239882176064,0.051000901000406884,3.262439326999811,True,,,
2024-06-13 04:00:00+00:00,2024-06-13 06:00:00+00:00,priority_nearest_neighbor,5,5,0,5,0,1.0,0.0,0.0,0.0,62.29921139110834,63.29942055019977,0.051054444999863335,3.262439326999811,True,,,
2024-06-13 04:00:00+00:00,2024-06-13 06:00:00+00:00,clarke_wright,5,5,0,5,0,1.0,0.0,0.0,0.0,54.65856262409752,58.17874945025648,0.05167350100055046,3.262439326999811,True,67.64327625297143,12.984713628873912,4.0
2024-06-14 02:00:00+00:00,2024-06-14 04:00:00+00:00,nearest_neighbor,8,8,0,8,0,1.0,0.0,0.0,0.0,51.21326317586882,55.750882243067394,0.05139111900007265,4.278108277000683,True,,,
2024-06-14 02:00:00+00:00,2024-06-14 04:00:00+00:00,priority_nearest_neighbor,8,8,0,8,0,1.0,0.0,0.0,0.0,55.303203120314265,60.97001328931938,0.05163628599984804,4.278108277000683,True,,,
2024-06-14 02:00:00+00:00,2024-06-14 04:00:00+00:00,clarke_wright,8,8,0,8,0,1.0,0.0,0.0,0.0,47.78349627640165,52.72875160250359,0.051655502000357956,4.278108277000683,True,128.95605273914123,81.17255646273958,7.0
2024-06-19 02:00:00+00:00,2024-06-19 04:00:00+00:00,nearest_neighbor,5,5,0,5,0,1.0,0.0,0.0,0.0,30.64800606361119,34.62075749106991,0.05050779900011548,3.2480357539998295,True,,,
2024-06-19 02:00:00+00:00,2024-06-19 04:00:00+00:00,priority_nearest_neighbor,5,5,0,5,0,1.0,0.0,0.0,0.0,30.64800606361119,34.62075749106991,0.050853213000664255,3.2480357539998295,True,,,
2024-06-19 02:00:00+00:00,2024-06-19 04:00:00+00:00,clarke_wright,5,5,0,5,0,1.0,0.0,0.0,0.0,30.60117492750036,34.89306315862689,0.05176094099988404,3.2480357539998295,True,53.150911267999604,22.549736340499244,4.0
2024-06-19 04:00:00+00:00,2024-06-19 06:00:00+00:00,nearest_neighbor,10,10,0,10,0,1.0,0.0,0.0,0.0,54.123775728401384,61.002042811199246,0.050116410999180516,5.875178990999302,True,,,
2024-06-19 04:00:00+00:00,2024-06-19 06:00:00+00:00,priority_nearest_neighbor,10,10,0,10,0,1.0,0.0,0.0,0.0,78.57347504800639,87.00787782761014,0.051246650000393856,5.875178990999302,True,,,
2024-06-19 04:00:00+00:00,2024-06-19 06:00:00+00:00,clarke_wright,10,10,0,10,0,1.0,0.0,0.0,0.0,50.70692099853257,57.48614645591985,0.051689105999685125,5.875178990999302,True,127.778609780363,77.07168878183043,9.0
2024-06-22 08:00:00+00:00,2024-06-22 10:00:00+00:00,nearest_neighbor,6,6,0,6,0,1.0,0.0,0.0,0.0,84.21689671959427,94.5279855035088,0.05036648699933721,3.838958425999408,True,,,
2024-06-22 08:00:00+00:00,2024-06-22 10:00:00+00:00,priority_nearest_neighbor,6,6,0,6,0,1.0,0.0,0.0,0.0,84.39660094478475,92.71553245884974,0.051153641999917454,3.838958425999408,True,,,
2024-06-22 08:00:00+00:00,2024-06-22 10:00:00+00:00,clarke_wright,6,6,0,6,0,1.0,0.0,0.0,0.0,77.44154398967947,87.37302135179851,0.05138310199981788,3.838958425999408,True,140.6386736325279,63.19712964284844,5.0
2024-06-25 02:00:00+00:00,2024-06-25 04:00:00+00:00,nearest_neighbor,9,9,0,9,0,1.0,0.0,0.0,0.0,50.89055907876424,56.63660809171955,0.049024789999748464,5.332057395000447,True,,,
2024-06-25 02:00:00+00:00,2024-06-25 04:00:00+00:00,priority_nearest_neighbor,9,9,0,9,0,1.0,0.0,0.0,0.0,63.93683276902773,71.15560049014763,0.04977860500002862,5.332057395000447,True,,,
2024-06-25 02:00:00+00:00,2024-06-25 04:00:00+00:00,clarke_wright,9,9,0,9,0,1.0,0.0,0.0,0.0,46.589851509280656,52.74509720004915,0.04942632699930982,5.332057395000447,True,116.85007662363816,70.2602251143575,8.0
2024-06-26 02:00:00+00:00,2024-06-26 04:00:00+00:00,nearest_neighbor,5,5,0,5,0,1.0,0.0,0.0,0.0,30.288997881101373,31.525039266148642,0.05205785599991941,3.39682490999985,True,,,
2024-06-26 02:00:00+00:00,2024-06-26 04:00:00+00:00,priority_nearest_neighbor,5,5,0,5,0,1.0,0.0,0.0,0.0,35.59001514244673,37.29101233399683,0.053036294999401434,3.39682490999985,True,,,
2024-06-26 02:00:00+00:00,2024-06-26 04:00:00+00:00,clarke_wright,5,5,0,5,0,1.0,0.0,0.0,0.0,29.873899537471647,31.27582696146768,0.05344985800002178,3.39682490999985,True,55.30110066398979,25.427201126518145,4.0
2024-06-26 04:00:00+00:00,2024-06-26 06:00:00+00:00,nearest_neighbor,5,5,0,5,0,1.0,0.0,0.0,0.0,34.42367785071482,36.99612760262214,0.049670356000206084,3.254868338000051,True,,,
2024-06-26 04:00:00+00:00,2024-06-26 06:00:00+00:00,priority_nearest_neighbor,5,5,0,5,0,1.0,0.0,0.0,0.0,38.48444304963073,42.419918354746855,0.05042176200004178,3.254868338000051,True,,,
2024-06-26 04:00:00+00:00,2024-06-26 06:00:00+00:00,clarke_wright,5,5,0,5,0,1.0,0.0,0.0,0.0,34.26725199845188,36.591657096707884,0.050024818000565574,3.254868338000051,True,65.76257883279573,31.495326834343842,4.0
2024-06-27 02:00:00+00:00,2024-06-27 04:00:00+00:00,nearest_neighbor,6,6,0,6,0,1.0,0.0,0.0,0.0,34.902882196432806,40.03232756677802,0.05032722299984016,3.7058091030003197,True,,,
2024-06-27 02:00:00+00:00,2024-06-27 04:00:00+00:00,priority_nearest_neighbor,6,6,0,6,0,1.0,0.0,0.0,0.0,33.17099734236488,38.62646406292387,0.05006242099989322,3.7058091030003197,True,,,
2024-06-27 02:00:00+00:00,2024-06-27 04:00:00+00:00,clarke_wright,6,6,0,6,0,1.0,0.0,0.0,0.0,30.25962970280337,35.05010266331665,0.048943046999738726,3.7058091030003197,True,76.3974995203391,46.13786981753573,5.0
2024-06-28 02:00:00+00:00,2024-06-28 04:00:00+00:00,nearest_neighbor,6,6,0,6,0,1.0,0.0,0.0,0.0,51.31617546362011,51.40555124248597,0.049852406000354677,3.6954741279996597,True,,,
2024-06-28 02:00:00+00:00,2024-06-28 04:00:00+00:00,priority_nearest_neighbor,6,6,0,6,0,1.0,0.0,0.0,0.0,55.59215939304865,56.66973321525214,0.05045512099968619,3.6954741279996597,True,,,
2024-06-28 02:00:00+00:00,2024-06-28 04:00:00+00:00,clarke_wright,6,6,0,6,0,1.0,0.0,0.0,0.0,51.18803963976039,50.56361726881362,0.05101735100015503,3.6954741279996597,True,91.07548161213533,39.887441972374944,5.0
2024-06-28 04:00:00+00:00,2024-06-28 06:00:00+00:00,nearest_neighbor,5,5,0,5,0,1.0,0.0,0.0,0.0,39.98738802007367,42.04315174315723,0.04972506800004339,3.175067774999661,True,,,
2024-06-28 04:00:00+00:00,2024-06-28 06:00:00+00:00,priority_nearest_neighbor,5,5,0,5,0,1.0,0.0,0.0,0.0,41.68772819598002,44.46511700266369,0.04965388199980225,3.175067774999661,True,,,
2024-06-28 04:00:00+00:00,2024-06-28 06:00:00+00:00,clarke_wright,5,5,0,5,0,1.0,0.0,0.0,0.0,40.65400371673504,43.22327946732402,0.050955169000189926,3.175067774999661,True,57.144672071125754,16.490668354390714,4.0
2024-06-29 02:00:00+00:00,2024-06-29 04:00:00+00:00,nearest_neighbor,7,7,0,7,0,1.0,0.0,0.0,0.0,58.53368725145781,65.94661677827587,0.05015279899998859,4.297987078000006,True,,,
2024-06-29 02:00:00+00:00,2024-06-29 04:00:00+00:00,priority_nearest_neighbor,7,7,0,7,0,1.0,0.0,0.0,0.0,63.83795709452022,72.15742212882446,0.05305969700020796,4.297987078000006,True,,,
2024-06-29 02:00:00+00:00,2024-06-29 04:00:00+00:00,clarke_wright,7,7,0,7,0,1.0,0.0,0.0,0.0,52.22813568055077,59.5611133076714,0.051937729000201216,4.297987078000006,True,105.2493557745068,53.021220093956025,6.0
2024-07-01 02:00:00+00:00,2024-07-01 04:00:00+00:00,nearest_neighbor,6,6,0,6,0,1.0,0.0,0.0,0.0,41.826297444608215,44.16350112607742,0.05110101400077838,3.9148719429995253,True,,,
2024-07-01 02:00:00+00:00,2024-07-01 04:00:00+00:00,priority_nearest_neighbor,6,6,0,6,0,1.0,0.0,0.0,0.0,37.31422148915075,40.15550145688778,0.05211454399977811,3.9148719429995253,True,,,
2024-07-01 02:00:00+00:00,2024-07-01 04:00:00+00:00,clarke_wright,6,6,0,6,0,1.0,0.0,0.0,0.0,34.85581923059584,36.91728760122952,0.05264549999992596,3.9148719429995253,True,69.05077894262048,34.19495971202464,5.0
2024-07-01 04:00:00+00:00,2024-07-01 06:00:00+00:00,nearest_neighbor,10,10,0,10,0,1.0,0.0,0.0,0.0,50.587080060109166,53.03932779664969,0.05137588599973242,6.098165699999299,True,,,
2024-07-01 04:00:00+00:00,2024-07-01 06:00:00+00:00,priority_nearest_neighbor,10,10,0,10,0,1.0,0.0,0.0,0.0,70.90538715854548,74.23578588897854,0.052502943000035884,6.098165699999299,True,,,
2024-07-01 04:00:00+00:00,2024-07-01 06:00:00+00:00,clarke_wright,10,10,0,10,0,1.0,0.0,0.0,0.0,51.44357135314273,53.686228058587986,0.049831166000330995,6.098165699999299,True,101.4512759304682,50.00770457732547,9.0
2024-07-01 06:00:00+00:00,2024-07-01 08:00:00+00:00,nearest_neighbor,6,6,0,6,0,1.0,0.0,0.0,0.0,45.763219597054,51.50420038922647,0.0504367559997263,3.890538929000286,True,,,
2024-07-01 06:00:00+00:00,2024-07-01 08:00:00+00:00,priority_nearest_neighbor,6,6,0,6,0,1.0,0.0,0.0,0.0,45.763219597054,51.50420038922647,0.05136269499962509,3.890538929000286,True,,,
2024-07-01 06:00:00+00:00,2024-07-01 08:00:00+00:00,clarke_wright,6,6,0,6,0,1.0,0.0,0.0,0.0,38.392747796075234,43.46167159336653,0.04908201000034751,3.890538929000286,True,62.60812085692366,24.215373060848428,5.0
2024-07-04 02:00:00+00:00,2024-07-04 04:00:00+00:00,nearest_neighbor,9,9,0,9,0,1.0,0.0,0.0,0.0,60.54003915532682,65.06170396393873,0.05075946400029352,5.45460782400005,True,,,
2024-07-04 02:00:00+00:00,2024-07-04 04:00:00+00:00,priority_nearest_neighbor,9,9,0,9,0,1.0,0.0,0.0,0.0,81.89124170976818,88.40665896671668,0.05295975399985764,5.45460782400005,True,,,
2024-07-04 02:00:00+00:00,2024-07-04 04:00:00+00:00,clarke_wright,9,9,0,9,0,1.0,0.0,0.0,0.0,60.45234609861484,64.0542535336158,0.05227240499971231,5.45460782400005,True,139.95751306121898,79.50516696260414,8.0
2024-07-04 16:00:00+00:00,2024-07-04 18:00:00+00:00,nearest_neighbor,5,5,0,5,0,1.0,0.0,0.0,0.0,46.50305736070058,50.385668672481344,0.050915372999952524,3.261129206000078,True,,,
2024-07-04 16:00:00+00:00,2024-07-04 18:00:00+00:00,priority_nearest_neighbor,5,5,0,5,0,1.0,0.0,0.0,0.0,46.50305736070058,50.385668672481344,0.05121667700041144,3.261129206000078,True,,,
2024-07-04 16:00:00+00:00,2024-07-04 18:00:00+00:00,clarke_wright,5,5,0,5,0,1.0,0.0,0.0,0.0,41.79094091313982,45.80912273381484,0.0496704220004176,3.261129206000078,True,77.23149650951287,35.440555596373045,4.0
2024-07-05 02:00:00+00:00,2024-07-05 04:00:00+00:00,nearest_neighbor,6,6,0,6,0,1.0,0.0,0.0,0.0,51.192922228869,56.10242031866618,0.050211244999445626,3.709280576999845,True,,,
2024-07-05 02:00:00+00:00,2024-07-05 04:00:00+00:00,priority_nearest_neighbor,6,6,0,6,0,1.0,0.0,0.0,0.0,59.02923278143311,65.33875359922015,0.05101018700042914,3.709280576999845,True,,,
2024-07-05 02:00:00+00:00,2024-07-05 04:00:00+00:00,clarke_wright,6,6,0,6,0,1.0,0.0,0.0,0.0,45.997134993107366,49.86236089294656,0.049437895000664867,3.709280576999845,True,86.25459344038022,40.25745844727285,5.0
2024-07-05 04:00:00+00:00,2024-07-05 06:00:00+00:00,nearest_neighbor,7,7,0,7,0,1.0,0.0,0.0,0.0,61.208907316710274,68.16281736125819,0.049662309999803256,4.2062840449998475,True,,,
2024-07-05 04:00:00+00:00,2024-07-05 06:00:00+00:00,priority_nearest_neighbor,7,7,0,7,0,1.0,0.0,0.0,0.0,78.52552522409131,86.726878547448,0.05045272300048964,4.2062840449998475,True,,,
2024-07-05 04:00:00+00:00,2024-07-05 06:00:00+00:00,clarke_wright,7,7,0,7,0,1.0,0.0,0.0,0.0,53.564862944305126,58.95951165261799,0.04860294599984627,4.2062840449998475,True,103.32488810944035,49.760025165135225,6.0
2024-07-06 02:00:00+00:00,2024-07-06 04:00:00+00:00,nearest_neighbor,7,7,0,7,0,1.0,0.0,0.0,0.0,82.1468057485646,88.68774157271501,0.049807306999355205,4.189277750000656,True,,,
2024-07-06 02:00:00+00:00,2024-07-06 04:00:00+00:00,priority_nearest_neighbor,7,7,0,7,0,1.0,0.0,0.0,0.0,83.63108025550703,91.8923522056686,0.05088614600026631,4.189277750000656,True,,,
2024-07-06 02:00:00+00:00,2024-07-06 04:00:00+00:00,clarke_wright,7,7,0,7,0,1.0,0.0,0.0,0.0,70.0718587794058,77.04959416773605,0.04871796000043105,4.189277750000656,True,136.71503423902251,66.64317545961671,6.0
2024-07-08 02:00:00+00:00,2024-07-08 04:00:00+00:00,nearest_neighbor,12,12,0,12,0,1.0,0.0,0.0,0.0,88.87238679766962,91.61163366451848,0.050108911999814154,6.831432816000415,True,,,
2024-07-08 02:00:00+00:00,2024-07-08 04:00:00+00:00,priority_nearest_neighbor,12,12,0,12,0,1.0,0.0,0.0,0.0,102.37735832295759,105.9555368312546,0.051336494999304705,6.831432816000415,True,,,
2024-07-08 02:00:00+00:00,2024-07-08 04:00:00+00:00,clarke_wright,12,12,0,12,0,1.0,0.0,0.0,0.0,77.26639612628598,81.5206701420657,0.04905902600057743,6.831432816000415,True,160.67973105936255,83.41333493307657,11.0
2024-07-09 02:00:00+00:00,2024-07-09 04:00:00+00:00,nearest_neighbor,6,6,0,6,0,1.0,0.0,0.0,0.0,47.44804535912963,48.37352166241624,0.050396438000461785,3.7334126940004353,True,,,
2024-07-09 02:00:00+00:00,2024-07-09 04:00:00+00:00,priority_nearest_neighbor,6,6,0,6,0,1.0,0.0,0.0,0.0,47.71191731658416,47.84855451523785,0.051335232999917935,3.7334126940004353,True,,,
2024-07-09 02:00:00+00:00,2024-07-09 04:00:00+00:00,clarke_wright,6,6,0,6,0,1.0,0.0,0.0,0.0,46.108487445828,46.36147583643349,0.049872687999595655,3.7334126940004353,True,86.02899159309165,39.92050414726365,5.0
2024-07-09 04:00:00+00:00,2024-07-09 06:00:00+00:00,nearest_neighbor,6,6,0,6,0,1.0,0.0,0.0,0.0,65.15474819600587,69.07487366712311,0.05024044400033745,3.688509521999549,True,,,
2024-07-09 04:00:00+00:00,2024-07-09 06:00:00+00:00,priority_nearest_neighbor,6,6,0,6,0,1.0,0.0,0.0,0.0,67.29493973723388,72.15833519669663,0.05042684199997893,3.688509521999549,True,,,
2024-07-09 04:00:00+00:00,2024-07-09 06:00:00+00:00,clarke_wright,6,6,0,6,0,1.0,0.0,0.0,0.0,61.50515868454488,66.11738747954007,0.04855178799971327,3.688509521999549,True,125.66107126801623,64.15591258347135,5.0
2024-07-09 16:00:00+00:00,2024-07-09 18:00:00+00:00,nearest_neighbor,5,5,0,5,0,1.0,0.0,0.0,0.0,67.32729507189842,74.79624810267259,0.0508764419992076,3.2904228400002467,True,,,
2024-07-09 16:00:00+00:00,2024-07-09 18:00:00+00:00,priority_nearest_neighbor,5,5,0,5,0,1.0,0.0,0.0,0.0,67.33536382971641,74.5979937732491,0.051347434000490466,3.2904228400002467,True,,,
2024-07-09 16:00:00+00:00,2024-07-09 18:00:00+00:00,clarke_wright,5,5,0,5,0,1.0,0.0,0.0,0.0,65.13829584464858,73.05912150999038,0.049776312000176404,3.2904228400002467,True,118.39975118804303,53.261455343394445,4.0
2024-07-10 02:00:00+00:00,2024-07-10 04:00:00+00:00,nearest_neighbor,8,8,0,8,0,1.0,0.0,0.0,0.0,62.960049642184586,67.80629664537713,0.0507269069994436,4.906925950000186,True,,,
2024-07-10 02:00:00+00:00,2024-07-10 04:00:00+00:00,priority_nearest_neighbor,8,8,0,8,0,1.0,0.0,0.0,0.0,69.85001910917816,75.4522608485548,0.05141648500011797,4.906925950000186,True,,,
2024-07-10 02:00:00+00:00,2024-07-10 04:00:00+00:00,clarke_wright,8,8,0,8,0,1.0,0.0,0.0,0.0,58.524857962883736,62.07519215651189,0.04925180000009277,4.906925950000186,True,119.64641647462125,61.12155851173751,7.0
2024-07-10 04:00:00+00:00,2024-07-10 06:00:00+00:00,nearest_neighbor,5,5,0,5,0,1.0,0.0,0.0,0.0,41.21796827425134,46.19438819652435,0.050634890000765154,3.3233649570001944,True,,,
2024-07-10 04:00:00+00:00,2024-07-10 06:00:00+00:00,priority_nearest_neighbor,5,5,0,5,0,1.0,0.0,0.0,0.0,41.21796827425134,46.19438819652435,0.05199916200035659,3.3233649570001944,True,,,
2024-07-10 04:00:00+00:00,2024-07-10 06:00:00+00:00,clarke_wright,5,5,0,5,0,1.0,0.0,0.0,0.0,39.95620160699264,45.06665217484088,0.049330028999975184,3.3233649570001944,True,65.48541311906727,25.52921151207463,4.0
2024-07-11 02:00:00+00:00,2024-07-11 04:00:00+00:00,nearest_neighbor,10,10,0,10,0,1.0,0.0,0.0,0.0,54.63378291800552,58.98499978103286,0.054689714000232925,6.0663323320004565,True,,,
2024-07-11 02:00:00+00:00,2024-07-11 04:00:00+00:00,priority_nearest_neighbor,10,10,0,10,0,1.0,0.0,0.0,0.0,54.63378291800552,58.98499978103286,0.05468369200025336,6.0663323320004565,True,,,
2024-07-11 02:00:00+00:00,2024-07-11 04:00:00+00:00,clarke_wright,10,10,0,10,0,1.0,0.0,0.0,0.0,48.050358576746426,51.221863147695856,0.05303518599976087,6.0663323320004565,True,117.79466452028619,69.74430594353976,9.0
2024-07-11 06:00:00+00:00,2024-07-11 08:00:00+00:00,nearest_neighbor,8,8,0,8,0,1.0,0.0,0.0,0.0,60.91474636228653,68.0685504989413,0.05102474699924642,4.929637621000438,True,,,
2024-07-11 06:00:00+00:00,2024-07-11 08:00:00+00:00,priority_nearest_neighbor,8,8,0,8,0,1.0,0.0,0.0,0.0,76.94205240306917,84.21151713013616,0.051708672999666305,4.929637621000438,True,,,
2024-07-11 06:00:00+00:00,2024-07-11 08:00:00+00:00,clarke_wright,8,8,0,8,0,1.0,0.0,0.0,0.0,57.30341009027033,63.13867913125748,0.04970242300078098,4.929637621000438,True,132.12321776420765,74.81980767393732,7.0
2024-07-12 02:00:00+00:00,2024-07-12 04:00:00+00:00,nearest_neighbor,7,7,0,7,0,1.0,0.0,0.0,0.0,56.795589663839834,59.86994833153783,0.050299964000259934,4.408826543000032,True,,,
2024-07-12 02:00:00+00:00,2024-07-12 04:00:00+00:00,priority_nearest_neighbor,7,7,0,7,0,1.0,0.0,0.0,0.0,56.795589663839834,59.86994833153783,0.05113012499987235,4.408826543000032,True,,,
2024-07-12 02:00:00+00:00,2024-07-12 04:00:00+00:00,clarke_wright,7,7,0,7,0,1.0,0.0,0.0,0.0,56.40696563287962,60.834473294930014,0.04932865200044034,4.408826543000032,True,112.59806013271039,56.19109449983077,6.0
2024-07-12 04:00:00+00:00,2024-07-12 06:00:00+00:00,nearest_neighbor,12,12,0,12,0,1.0,0.0,0.0,0.0,70.04588024997093,78.7352736628284,0.050446847000785056,7.131940227999621,True,,,
2024-07-12 04:00:00+00:00,2024-07-12 06:00:00+00:00,priority_nearest_neighbor,12,12,0,12,0,1.0,0.0,0.0,0.0,103.26806442813495,112.67317146380144,0.05186974000025657,7.131940227999621,True,,,
2024-07-12 04:00:00+00:00,2024-07-12 06:00:00+00:00,clarke_wright,12,12,0,12,0,1.0,0.0,0.0,0.0,69.53788808233698,77.96904056163716,0.0494497859999683,7.131940227999621,True,141.4240075355168,71.88611945317983,11.0
2024-07-13 02:00:00+00:00,2024-07-13 04:00:00+00:00,nearest_neighbor,15,15,0,15,0,1.0,0.0,0.0,0.0,93.59905556115534,102.76332377048523,0.05100291000053403,8.783278522999353,True,,,
2024-07-13 02:00:00+00:00,2024-07-13 04:00:00+00:00,priority_nearest_neighbor,15,15,0,15,0,1.0,0.0,0.0,0.0,94.66660090823257,103.45093954814493,0.052909936999640195,8.783278522999353,True,,,
2024-07-13 02:00:00+00:00,2024-07-13 04:00:00+00:00,clarke_wright,15,15,0,15,0,1.0,0.0,0.0,0.0,86.26619403037363,94.81447070035419,0.052186982999955944,8.783278522999353,True,231.32216619989936,145.05597216952572,14.0
2024-07-15 02:00:00+00:00,2024-07-15 04:00:00+00:00,nearest_neighbor,14,14,0,14,0,1.0,0.0,0.0,0.0,91.94285588111588,99.26824089097111,0.05076471800020954,8.182396341999265,True,,,
2024-07-15 02:00:00+00:00,2024-07-15 04:00:00+00:00,priority_nearest_neighbor,14,14,0,14,0,1.0,0.0,0.0,0.0,108.65188230392832,116.27749554251419,0.052600777000407106,8.182396341999265,True,,,
2024-07-15 02:00:00+00:00,2024-07-15 04:00:00+00:00,clarke_wright,14,14,0,14,0,1.0,0.0,0.0,0.0,78.46007910290382,83.97185037005923,0.049815356000181055,8.182396341999265,True,196.59765606694418,118.13757696404036,13.0
2024-07-15 04:00:00+00:00,2024-07-15 06:00:00+00:00,nearest_neighbor,12,12,0,11,1,0.9166666666666666,10.464877433333333,0.8720731194444444,10.464877433333333,80.76871797707904,86.67524040111532,0.050899967000077595,6.571864380000079,True,,,
2024-07-15 04:00:00+00:00,2024-07-15 06:00:00+00:00,priority_nearest_neighbor,12,12,0,12,0,1.0,0.0,0.0,0.0,104.81056939136512,111.19959850737204,0.05255910699997912,6.571864380000079,True,,,
2024-07-15 04:00:00+00:00,2024-07-15 06:00:00+00:00,clarke_wright,12,12,0,12,0,1.0,0.0,0.0,0.0,78.16394418415015,82.61204864476109,0.050396500000715605,6.571864380000079,True,192.76381809063827,114.59987390648811,11.0
2024-07-16 02:00:00+00:00,2024-07-16 04:00:00+00:00,nearest_neighbor,13,13,0,13,0,1.0,0.0,0.0,0.0,98.45522711012886,108.78766716328558,0.05104378200030624,7.615083561000574,True,,,
2024-07-16 02:00:00+00:00,2024-07-16 04:00:00+00:00,priority_nearest_neighbor,13,13,0,13,0,1.0,0.0,0.0,0.0,104.68666854521841,116.4785702008121,0.05255519300044398,7.615083561000574,True,,,
2024-07-16 02:00:00+00:00,2024-07-16 04:00:00+00:00,clarke_wright,13,13,0,13,0,1.0,0.0,0.0,0.0,81.14726753259079,90.79574971976682,0.052237472999877355,7.615083561000574,True,229.97232546256646,148.82505792997569,12.0
2024-07-16 04:00:00+00:00,2024-07-16 06:00:00+00:00,nearest_neighbor,8,8,0,8,0,1.0,0.0,0.0,0.0,48.47754644669236,52.08410639710772,0.050145367000368424,4.407748622000327,True,,,
2024-07-16 04:00:00+00:00,2024-07-16 06:00:00+00:00,priority_nearest_neighbor,8,8,0,8,0,1.0,0.0,0.0,0.0,65.98978622874232,71.45801247911835,0.05123492399980023,4.407748622000327,True,,,
2024-07-16 04:00:00+00:00,2024-07-16 06:00:00+00:00,clarke_wright,8,8,0,8,0,1.0,0.0,0.0,0.0,50.23678658890584,55.12240143742639,0.049218922999898496,4.407748622000327,True,97.28037570712735,47.04358911822151,7.0
2024-07-16 18:00:00+00:00,2024-07-16 20:00:00+00:00,nearest_neighbor,8,8,0,8,0,1.0,0.0,0.0,0.0,63.1653601367244,71.07032678616127,0.05030238199924497,4.948738097000387,True,,,
2024-07-16 18:00:00+00:00,2024-07-16 20:00:00+00:00,priority_nearest_neighbor,8,8,0,8,0,1.0,0.0,0.0,0.0,68.63159921201559,76.17878234777041,0.051294462000441854,4.948738097000387,True,,,
2024-07-16 18:00:00+00:00,2024-07-16 20:00:00+00:00,clarke_wright,8,8,0,8,0,1.0,0.0,0.0,0.0,53.99881333679357,60.125105170822856,0.04979639599969232,4.948738097000387,True,98.01310585911062,44.01429252231706,7.0
2024-07-17 16:00:00+00:00,2024-07-17 18:00:00+00:00,nearest_neighbor,10,10,0,10,0,1.0,0.0,0.0,0.0,92.94483959237616,104.20204524992195,0.049593994000133534,6.031306205999499,True,,,
2024-07-17 16:00:00+00:00,2024-07-17 18:00:00+00:00,priority_nearest_neighbor,10,10,0,10,0,1.0,0.0,0.0,0.0,109.69946187888044,124.44679519824251,0.05040755400023045,6.031306205999499,True,,,
2024-07-17 16:00:00+00:00,2024-07-17 18:00:00+00:00,clarke_wright,10,10,0,10,0,1.0,0.0,0.0,0.0,87.22997886948423,97.99230139119187,0.04896950900001684,6.031306205999499,True,207.1973218587815,119.96734298929726,9.0
2024-07-18 02:00:00+00:00,2024-07-18 04:00:00+00:00,nearest_neighbor,12,12,0,12,0,1.0,0.0,0.0,0.0,89.44347702892642,100.94066643279996,0.05171066200000496,7.398965168999894,True,,,
2024-07-18 02:00:00+00:00,2024-07-18 04:00:00+00:00,priority_nearest_neighbor,12,12,0,12,0,1.0,0.0,0.0,0.0,118.9865215060054,130.85639816426556,0.053437778999978036,7.398965168999894,True,,,
2024-07-18 02:00:00+00:00,2024-07-18 04:00:00+00:00,clarke_wright,12,12,0,12,0,1.0,0.0,0.0,0.0,79.14233826556037,88.43410289774538,0.05084667500068463,7.398965168999894,True,199.06780414563266,119.9254658800723,11.0
2024-07-18 04:00:00+00:00,2024-07-18 06:00:00+00:00,nearest_neighbor,6,6,0,6,0,1.0,0.0,0.0,0.0,80.28004038663042,88.64512177720837,0.051850900999852456,4.02173078099986,True,,,
2024-07-18 04:00:00+00:00,2024-07-18 06:00:00+00:00,priority_nearest_neighbor,6,6,0,6,0,1.0,0.0,0.0,0.0,90.19306639037428,97.76519222880471,0.05223343499983457,4.02173078099986,True,,,
2024-07-18 04:00:00+00:00,2024-07-18 06:00:00+00:00,clarke_wright,6,6,0,6,0,1.0,0.0,0.0,0.0,70.5797307846578,78.12557710866109,0.05284891900009825,4.02173078099986,True,112.72312402931205,42.14339324465425,5.0
2024-07-19 02:00:00+00:00,2024-07-19 04:00:00+00:00,nearest_neighbor,11,11,0,11,0,1.0,0.0,0.0,0.0,70.058653899415,74.92129929601738,0.05357280499993067,6.964344828999856,True,,,
2024-07-19 02:00:00+00:00,2024-07-19 04:00:00+00:00,priority_nearest_neighbor,11,11,0,11,0,1.0,0.0,0.0,0.0,88.59033323344131,95.64901614612863,0.05147987400050624,6.964344828999856,True,,,
2024-07-19 02:00:00+00:00,2024-07-19 04:00:00+00:00,clarke_wright,11,11,0,11,0,1.0,0.0,0.0,0.0,73.68237105650597,77.19799475642064,0.049619043999882706,6.964344828999856,True,164.27565833311783,90.59328727661186,10.0
2024-07-19 18:00:00+00:00,2024-07-19 20:00:00+00:00,nearest_neighbor,7,7,0,7,0,1.0,0.0,0.0,0.0,65.50274777982347,69.83216255879925,0.05034389399952488,4.480462396999428,True,,,
2024-07-19 18:00:00+00:00,2024-07-19 20:00:00+00:00,priority_nearest_neighbor,7,7,0,7,0,1.0,0.0,0.0,0.0,65.8139954400063,70.57796437664264,0.050888980999843625,4.480462396999428,True,,,
2024-07-19 18:00:00+00:00,2024-07-19 20:00:00+00:00,clarke_wright,7,7,0,7,0,1.0,0.0,0.0,0.0,67.79517010369838,72.66478939273385,0.05109224199986784,4.480462396999428,True,152.67611271106506,84.88094260736668,6.0
2024-07-20 02:00:00+00:00,2024-07-20 04:00:00+00:00,nearest_neighbor,10,10,0,10,0,1.0,0.0,0.0,0.0,90.51064780689684,97.52715648377821,0.051467701000547095,6.253326285999719,True,,,
2024-07-20 02:00:00+00:00,2024-07-20 04:00:00+00:00,priority_nearest_neighbor,10,10,0,10,0,1.0,0.0,0.0,0.0,91.07967649538453,97.771575110684,0.052513024999825575,6.253326285999719,True,,,
2024-07-20 02:00:00+00:00,2024-07-20 04:00:00+00:00,clarke_wright,10,10,0,10,0,1.0,0.0,0.0,0.0,85.44358810705167,92.56499788799181,0.05274193200057198,6.253326285999719,True,156.97919944919707,71.5356113421454,9.0
2024-07-21 20:00:00+00:00,2024-07-21 22:00:00+00:00,nearest_neighbor,8,8,0,8,0,1.0,0.0,0.0,0.0,60.82510114621009,68.8089705854306,0.050522774000455684,5.000919101999898,True,,,
2024-07-21 20:00:00+00:00,2024-07-21 22:00:00+00:00,priority_nearest_neighbor,8,8,0,8,0,1.0,0.0,0.0,0.0,60.82510114621009,68.8089705854306,0.051364367000132916,5.000919101999898,True,,,
2024-07-21 20:00:00+00:00,2024-07-21 22:00:00+00:00,clarke_wright,8,8,0,8,0,1.0,0.0,0.0,0.0,54.10222924331452,62.345391074134305,0.05198234199997387,5.000919101999898,True,106.43591454347009,52.33368530015557,7.0
2024-07-22 02:00:00+00:00,2024-07-22 04:00:00+00:00,nearest_neighbor,8,8,0,8,0,1.0,0.0,0.0,0.0,104.29135865735005,110.27089494573123,0.05104290100007347,4.811884501999884,True,,,
2024-07-22 02:00:00+00:00,2024-07-22 04:00:00+00:00,priority_nearest_neighbor,8,8,0,8,0,1.0,0.0,0.0,0.0,118.72983574874722,129.34366207467014,0.05163326700039761,4.811884501999884,True,,,
2024-07-22 02:00:00+00:00,2024-07-22 04:00:00+00:00,clarke_wright,8,8,0,8,0,1.0,0.0,0.0,0.0,89.63147605878511,97.6783667562352,0.05233023300024797,4.811884501999884,True,157.06864165415618,67.43716559537107,7.0
2024-07-22 04:00:00+00:00,2024-07-22 06:00:00+00:00,nearest_neighbor,10,10,0,10,0,1.0,0.0,0.0,0.0,63.8751547421306,69.23742072616776,0.050071476999619335,5.938634897000156,True,,,
2024-07-22 04:00:00+00:00,2024-07-22 06:00:00+00:00,priority_nearest_neighbor,10,10,0,10,0,1.0,0.0,0.0,0.0,84.92950680988115,90.06815212621716,0.051231506000476656,5.938634897000156,True,,,
2024-07-22 04:00:00+00:00,2024-07-22 06:00:00+00:00,clarke_wright,10,10,0,10,0,1.0,0.0,0.0,0.0,61.19331095664538,66.28244166236087,0.05176205499992648,5.938634897000156,True,127.83910197966802,66.64579102302264,9.0
2024-07-23 02:00:00+00:00,2024-07-23 04:00:00+00:00,nearest_neighbor,11,11,0,11,0,1.0,0.0,0.0,0.0,57.672752189970005,67.0052480036335,0.05049301300005027,6.446311593000246,True,,,
2024-07-23 02:00:00+00:00,2024-07-23 04:00:00+00:00,priority_nearest_neighbor,11,11,0,11,0,1.0,0.0,0.0,0.0,67.79217859846642,77.36771710114292,0.05197589099952893,6.446311593000246,True,,,
2024-07-23 02:00:00+00:00,2024-07-23 04:00:00+00:00,clarke_wright,11,11,0,11,0,1.0,0.0,0.0,0.0,54.06654026694458,63.157205086911354,0.04964586900041468,6.446311593000246,True,146.24096037914867,92.1744201122041,10.0
2024-07-23 04:00:00+00:00,2024-07-23 06:00:00+00:00,nearest_neighbor,5,5,0,5,0,1.0,0.0,0.0,0.0,44.58283941169836,49.70442339567765,0.050807906999580155,3.2928479909996895,True,,,
2024-07-23 04:00:00+00:00,2024-07-23 06:00:00+00:00,priority_nearest_neighbor,5,5,0,5,0,1.0,0.0,0.0,0.0,44.02854642056455,49.682534020704665,0.05140764800034958,3.2928479909996895,True,,,
2024-07-23 04:00:00+00:00,2024-07-23 06:00:00+00:00,clarke_wright,5,5,0,5,0,1.0,0.0,0.0,0.0,42.70670973088331,47.98190163220073,0.051792125000247324,3.2928479909996895,True,80.88698709664807,38.18027736576476,4.0
2024-07-23 16:00:00+00:00,2024-07-23 18:00:00+00:00,nearest_neighbor,6,6,0,6,0,1.0,0.0,0.0,0.0,86.27610183255018,91.27621586725667,0.051650012000209244,4.1939582630002405,True,,,
2024-07-23 16:00:00+00:00,2024-07-23 18:00:00+00:00,priority_nearest_neighbor,6,6,0,6,0,1.0,0.0,0.0,0.0,86.27610183255018,91.27621586725667,0.05262671600030444,4.1939582630002405,True,,,
2024-07-23 16:00:00+00:00,2024-07-23 18:00:00+00:00,clarke_wright,6,6,0,6,0,1.0,0.0,0.0,0.0,80.32446387088558,86.1538262123417,0.05393959899993206,4.1939582630002405,True,145.80257303954855,65.47810916866297,5.0
2024-07-24 02:00:00+00:00,2024-07-24 04:00:00+00:00,nearest_neighbor,13,13,0,13,0,1.0,0.0,0.0,0.0,85.82023664142942,89.49325567600464,0.051781838000351854,8.209121423000397,True,,,
2024-07-24 02:00:00+00:00,2024-07-24 04:00:00+00:00,priority_nearest_neighbor,13,13,0,13,0,1.0,0.0,0.0,0.0,90.3000895597892,95.97117040584286,0.05250326199984556,8.209121423000397,True,,,
2024-07-24 02:00:00+00:00,2024-07-24 04:00:00+00:00,clarke_wright,13,13,0,13,0,1.0,0.0,0.0,0.0,71.09647959609217,76.19196304549189,0.05104805100017984,8.209121423000397,True,154.46746280771427,83.3709832116221,12.0
2024-07-24 04:00:00+00:00,2024-07-24 06:00:00+00:00,nearest_neighbor,6,6,0,6,0,1.0,0.0,0.0,0.0,68.89617457022385,73.05541258948634,0.04968664100033493,3.927025058000254,True,,,
2024-07-24 04:00:00+00:00,2024-07-24 06:00:00+00:00,priority_nearest_neighbor,6,6,0,6,0,1.0,0.0,0.0,0.0,79.11074677440712,85.03819134993384,0.05103726499964978,3.927025058000254,True,,,
2024-07-24 04:00:00+00:00,2024-07-24 06:00:00+00:00,clarke_wright,6,6,0,6,0,1.0,0.0,0.0,0.0,68.51590674009852,72.94070332791567,0.0492611069994382,3.927025058000254,True,132.09603756175756,63.58013082165904,5.0
2024-07-25 02:00:00+00:00,2024-07-25 04:00:00+00:00,nearest_neighbor,10,10,0,10,0,1.0,0.0,0.0,0.0,90.10076586375976,97.96801499262955,0.052377130999957444,6.3763251520003905,True,,,
2024-07-25 02:00:00+00:00,2024-07-25 04:00:00+00:00,priority_nearest_neighbor,10,10,0,10,0,1.0,0.0,0.0,0.0,101.27092092924609,111.0952335427815,0.053009680999821285,6.3763251520003905,True,,,
2024-07-25 02:00:00+00:00,2024-07-25 04:00:00+00:00,clarke_wright,10,10,0,10,0,1.0,0.0,0.0,0.0,73.57548249954708,80.06681451446137,0.0532739930004027,6.3763251520003905,True,149.87026723493284,76.29478473538576,9.0
2024-07-25 16:00:00+00:00,2024-07-25 18:00:00+00:00,nearest_neighbor,8,8,0,8,0,1.0,0.0,0.0,0.0,106.87493353835396,111.8092263402377,0.05301195700030803,5.20972926200011,True,,,
2024-07-25 16:00:00+00:00,2024-07-25 18:00:00+00:00,priority_nearest_neighbor,8,8,0,8,0,1.0,0.0,0.0,0.0,101.73747849890793,105.9462272391653,0.05394548899948859,5.20972926200011,True,,,
2024-07-25 16:00:00+00:00,2024-07-25 18:00:00+00:00,clarke_wright,8,8,0,8,0,1.0,0.0,0.0,0.0,84.39237367473993,90.24181875492458,0.0525349190002089,5.20972926200011,True,138.10314191468888,53.71076823994895,7.0
2024-07-26 02:00:00+00:00,2024-07-26 04:00:00+00:00,nearest_neighbor,10,10,0,10,0,1.0,0.0,0.0,0.0,78.15577787016929,82.82830300970112,0.05131613399953494,6.483174451000195,True,,,
2024-07-26 02:00:00+00:00,2024-07-26 04:00:00+00:00,priority_nearest_neighbor,10,10,0,10,0,1.0,0.0,0.0,0.0,80.85746773822078,85.74270993831462,0.052945180000278924,6.483174451000195,True,,,
2024-07-26 02:00:00+00:00,2024-07-26 04:00:00+00:00,clarke_wright,10,10,0,10,0,1.0,0.0,0.0,0.0,70.05232244213877,75.0133789894868,0.05101504100002785,6.483174451000195,True,118.19976392553436,48.14744148339558,9.0
2024-07-26 08:00:00+00:00,2024-07-26 10:00:00+00:00,nearest_neighbor,5,5,0,5,0,1.0,0.0,0.0,0.0,37.001079851703764,41.12203757737505,0.05194350600049802,3.5083969739998793,True,,,
2024-07-26 08:00:00+00:00,2024-07-26 10:00:00+00:00,priority_nearest_neighbor,5,5,0,5,0,1.0,0.0,0.0,0.0,42.56272524694021,46.659502298001286,0.051887138000893174,3.5083969739998793,True,,,
2024-07-26 08:00:00+00:00,2024-07-26 10:00:00+00:00,clarke_wright,5,5,0,5,0,1.0,0.0,0.0,0.0,36.883506955331185,41.043326603976126,0.049764000000322994,3.5083969739998793,True,50.679178942776005,13.79567198744482,4.0
2024-07-26 14:00:00+00:00,2024-07-26 16:00:00+00:00,nearest_neighbor,5,5,0,5,0,1.0,0.0,0.0,0.0,64.74547668059289,69.09634740102497,0.052031029000318085,3.4818629029996373,True,,,
2024-07-26 14:00:00+00:00,2024-07-26 16:00:00+00:00,priority_nearest_neighbor,5,5,0,5,0,1.0,0.0,0.0,0.0,64.74547668059289,69.09634740102497,0.05285658600041643,3.4818629029996373,True,,,
2024-07-26 14:00:00+00:00,2024-07-26 16:00:00+00:00,clarke_wright,5,5,0,5,0,1.0,0.0,0.0,0.0,56.812334250010736,60.21504725310001,0.053463795999959984,3.4818629029996373,True,90.87069457614643,34.0583603261357,4.0
2024-07-29 04:00:00+00:00,2024-07-29 06:00:00+00:00,nearest_neighbor,16,16,0,16,0,1.0,0.0,0.0,0.0,99.77921836744936,108.05659751916969,0.04920024900002318,8.685356259999935,True,,,
2024-07-29 04:00:00+00:00,2024-07-29 06:00:00+00:00,priority_nearest_neighbor,16,16,0,16,0,1.0,0.0,0.0,0.0,116.03422355560001,124.61473985873916,0.05078674500055058,8.685356259999935,True,,,
2024-07-29 04:00:00+00:00,2024-07-29 06:00:00+00:00,clarke_wright,16,16,0,16,0,1.0,0.0,0.0,0.0,93.04731511089813,101.01022564956062,0.05063674499979243,8.685356259999935,True,224.7802888487265,131.7329737378284,15.0
2024-07-30 16:00:00+00:00,2024-07-30 18:00:00+00:00,nearest_neighbor,7,7,0,7,0,1.0,0.0,0.0,0.0,77.03633371846425,87.42187253061516,0.049215772000025027,4.100241709000329,True,,,
2024-07-30 16:00:00+00:00,2024-07-30 18:00:00+00:00,priority_nearest_neighbor,7,7,0,7,0,1.0,0.0,0.0,0.0,78.29031171265302,88.14670549897878,0.04975339500015252,4.100241709000329,True,,,
2024-07-30 16:00:00+00:00,2024-07-30 18:00:00+00:00,clarke_wright,7,7,0,7,0,1.0,0.0,0.0,0.0,71.55403443022672,80.26299891509825,0.05023645999972359,4.100241709000329,True,107.29563075592526,35.74159632569854,6.0
2024-08-01 02:00:00+00:00,2024-08-01 04:00:00+00:00,nearest_neighbor,6,6,0,6,0,1.0,0.0,0.0,0.0,50.43098697773756,55.24492877269648,0.04873167400000966,3.5879504790000283,True,,,
2024-08-01 02:00:00+00:00,2024-08-01 04:00:00+00:00,priority_nearest_neighbor,6,6,0,6,0,1.0,0.0,0.0,0.0,44.25680476516081,48.82485868460877,0.0494853680002052,3.5879504790000283,True,,,
2024-08-01 02:00:00+00:00,2024-08-01 04:00:00+00:00,clarke_wright,6,6,0,6,0,1.0,0.0,0.0,0.0,42.0111915560687,46.56910072796343,0.04974109900012991,3.5879504790000283,True,65.30950298549058,23.29831142942188,5.0
2024-08-02 08:00:00+00:00,2024-08-02 10:00:00+00:00,nearest_neighbor,6,6,0,6,0,1.0,0.0,0.0,0.0,51.640509269724646,52.869521981966884,0.048523364000175206,3.5710883629999444,True,,,
2024-08-02 08:00:00+00:00,2024-08-02 10:00:00+00:00,priority_nearest_neighbor,6,6,0,6,0,1.0,0.0,0.0,0.0,51.640509269724646,52.869521981966884,0.04918250900027488,3.5710883629999444,True,,,
2024-08-02 08:00:00+00:00,2024-08-02 10:00:00+00:00,clarke_wright,6,6,0,6,0,1.0,0.0,0.0,0.0,51.33667031385855,52.131896409838994,0.049637292000625166,3.5710883629999444,True,97.33200320132042,45.99533288746187,5.0
2024-08-06 02:00:00+00:00,2024-08-06 04:00:00+00:00,nearest_neighbor,5,5,0,5,0,1.0,0.0,0.0,0.0,89.63894670949284,96.0281815019574,0.049159817999679944,3.0579350170000907,True,,,
2024-08-06 02:00:00+00:00,2024-08-06 04:00:00+00:00,priority_nearest_neighbor,5,5,0,5,0,1.0,0.0,0.0,0.0,89.01653980316844,95.87368199136286,0.04964283200024511,3.0579350170000907,True,,,
2024-08-06 02:00:00+00:00,2024-08-06 04:00:00+00:00,clarke_wright,5,5,0,5,0,1.0,0.0,0.0,0.0,69.34290834899868,74.31943917501965,0.050362840999696346,3.0579350170000907,True,97.03100998835424,27.688101639355565,4.0
2024-08-06 04:00:00+00:00,2024-08-06 06:00:00+00:00,nearest_neighbor,13,13,0,10,3,0.7692307692307693,119.68251735,9.206347488461539,56.14768851666667,114.46025597413244,128.21145499483694,0.049123439000140934,7.072084151999661,True,,,
2024-08-06 04:00:00+00:00,2024-08-06 06:00:00+00:00,priority_nearest_neighbor,13,13,0,13,0,1.0,0.0,0.0,0.0,147.41674790551835,160.56423281830192,0.05092513500039786,7.072084151999661,True,,,
2024-08-06 04:00:00+00:00,2024-08-06 06:00:00+00:00,clarke_wright,13,13,0,13,0,1.0,0.0,0.0,0.0,102.42658710007204,114.89711972243252,0.050931445000060194,7.072084151999661,True,234.79804929306727,132.37146219299524,12.0
2024-08-07 02:00:00+00:00,2024-08-07 04:00:00+00:00,nearest_neighbor,8,8,0,8,0,1.0,0.0,0.0,0.0,70.24199157096288,77.6596540918113,0.04909183000017947,4.56491875500069,True,,,
2024-08-07 02:00:00+00:00,2024-08-07 04:00:00+00:00,priority_nearest_neighbor,8,8,0,8,0,1.0,0.0,0.0,0.0,91.16332560173103,94.68351237580666,0.049512282999785384,4.56491875500069,True,,,
2024-08-07 02:00:00+00:00,2024-08-07 04:00:00+00:00,clarke_wright,8,8,0,8,0,1.0,0.0,0.0,0.0,68.38938901826927,74.30117628285451,0.04993226699934894,4.56491875500069,True,127.4286834619846,59.039294443715335,7.0
2024-08-08 02:00:00+00:00,2024-08-08 04:00:00+00:00,nearest_neighbor,8,8,0,8,0,1.0,0.0,0.0,0.0,76.13798335396439,80.31322136719552,0.053770475999954215,4.6199816409998675,True,,,
2024-08-08 02:00:00+00:00,2024-08-08 04:00:00+00:00,priority_nearest_neighbor,8,8,0,8,0,1.0,0.0,0.0,0.0,82.02270194138184,87.43504824102267,0.05487581499983207,4.6199816409998675,True,,,
2024-08-08 02:00:00+00:00,2024-08-08 04:00:00+00:00,clarke_wright,8,8,0,8,0,1.0,0.0,0.0,0.0,70.45600071250571,74.6400597327044,0.05700981899917679,4.6199816409998675,True,147.07348574497885,76.61748503247314,7.0
2024-08-08 06:00:00+00:00,2024-08-08 08:00:00+00:00,nearest_neighbor,7,7,0,6,1,0.8571428571428571,4.041008933333333,0.5772869904761905,4.041008933333333,72.2095235638418,75.03904736093976,0.05148937899957673,4.11744956199982,True,,,
2024-08-08 06:00:00+00:00,2024-08-08 08:00:00+00:00,priority_nearest_neighbor,7,7,0,7,0,1.0,0.0,0.0,0.0,88.40087962222574,92.38831525188567,0.0522321770004055,4.11744956199982,True,,,
2024-08-08 06:00:00+00:00,2024-08-08 08:00:00+00:00,clarke_wright,7,7,0,7,0,1.0,0.0,0.0,0.0,66.24561793114714,69.53637550326694,0.05254160200001934,4.11744956199982,True,98.68408090514055,32.43846297399341,6.0
2024-08-09 02:00:00+00:00,2024-08-09 04:00:00+00:00,nearest_neighbor,7,7,0,7,0,1.0,0.0,0.0,0.0,71.73836478500829,76.5180282402797,0.04931472199950804,4.064894881000328,True,,,
2024-08-09 02:00:00+00:00,2024-08-09 04:00:00+00:00,priority_nearest_neighbor,7,7,0,7,0,1.0,0.0,0.0,0.0,71.42617165367886,77.55377283841197,0.049700325000230805,4.064894881000328,True,,,
2024-08-09 02:00:00+00:00,2024-08-09 04:00:00+00:00,clarke_wright,7,7,0,7,0,1.0,0.0,0.0,0.0,68.40854269518448,74.75487403509007,0.050353225000435486,4.064894881000328,True,109.61640780873168,41.2078651135472,6.0
2024-08-09 16:00:00+00:00,2024-08-09 18:00:00+00:00,nearest_neighbor,11,11,0,11,0,1.0,0.0,0.0,0.0,93.29073649761696,102.20314294521933,0.04908388500007277,6.043920017000346,True,,,
2024-08-09 16:00:00+00:00,2024-08-09 18:00:00+00:00,priority_nearest_neighbor,11,11,0,11,0,1.0,0.0,0.0,0.0,109.50328356082052,119.78447474391294,0.04998218800028553,6.043920017000346,True,,,
2024-08-09 16:00:00+00:00,2024-08-09 18:00:00+00:00,clarke_wright,11,11,0,11,0,1.0,0.0,0.0,0.0,82.03856814152728,89.4461857014753,0.04800266599977476,6.043920017000346,True,209.9641531049709,127.92558496344363,10.0
2024-08-10 04:00:00+00:00,2024-08-10 06:00:00+00:00,nearest_neighbor,11,11,0,11,0,1.0,0.0,0.0,0.0,90.45318355917877,98.13660788788128,0.04894452300050034,6.068881083999258,True,,,
2024-08-10 04:00:00+00:00,2024-08-10 06:00:00+00:00,priority_nearest_neighbor,11,11,0,11,0,1.0,0.0,0.0,0.0,113.12111248891647,124.1615992441995,0.0501196160003019,6.068881083999258,True,,,
2024-08-10 04:00:00+00:00,2024-08-10 06:00:00+00:00,clarke_wright,11,11,0,10,1,0.9090909090909091,22.173854366666667,2.0158049424242424,22.173854366666667,89.51263188780398,96.31769685173319,0.05042697600038082,6.068881083999258,True,161.1998157546745,71.68718386687051,10.0
2024-08-13 02:00:00+00:00,2024-08-13 04:00:00+00:00,nearest_neighbor,13,13,0,12,1,0.9230769230769231,28.92621365,2.225093357692308,28.92621365,119.15112383223293,130.30581186099812,0.05223062499953812,7.9590745790001165,True,,,
2024-08-13 02:00:00+00:00,2024-08-13 04:00:00+00:00,priority_nearest_neighbor,13,13,0,13,0,1.0,0.0,0.0,0.0,161.42195225490988,174.61402714511124,0.052551963000041724,7.9590745790001165,True,,,
2024-08-13 02:00:00+00:00,2024-08-13 04:00:00+00:00,clarke_wright,13,13,0,12,1,0.9230769230769231,25.931049716666667,1.9946961320512822,25.931049716666667,117.05912978534333,128.4378915927807,0.051215806000072917,7.9590745790001165,True,229.82302081258524,112.76389102724191,12.0
2024-08-14 02:00:00+00:00,2024-08-14 04:00:00+00:00,nearest_neighbor,5,5,0,5,0,1.0,0.0,0.0,0.0,38.2561663805996,44.61122958737181,0.051345201999538403,3.5209510269996827,True,,,
2024-08-14 02:00:00+00:00,2024-08-14 04:00:00+00:00,priority_nearest_neighbor,5,5,0,5,0,1.0,0.0,0.0,0.0,38.2561663805996,44.61122958737181,0.05153146300017397,3.5209510269996827,True,,,
2024-08-14 02:00:00+00:00,2024-08-14 04:00:00+00:00,clarke_wright,5,5,0,5,0,1.0,0.0,0.0,0.0,38.2561663805996,44.61122958737181,0.050714363000224694,3.5209510269996827,True,101.64019404783993,63.384027667240325,4.0
2024-08-14 04:00:00+00:00,2024-08-14 06:00:00+00:00,nearest_neighbor,5,5,0,5,0,1.0,0.0,0.0,0.0,60.413917671684715,67.11728564347098,0.0518167860000176,3.4771384600007877,True,,,
2024-08-14 04:00:00+00:00,2024-08-14 06:00:00+00:00,priority_nearest_neighbor,5,5,0,5,0,1.0,0.0,0.0,0.0,60.413917671684715,67.11728564347098,0.05265085700011696,3.4771384600007877,True,,,
2024-08-14 04:00:00+00:00,2024-08-14 06:00:00+00:00,clarke_wright,5,5,0,5,0,1.0,0.0,0.0,0.0,59.61571612299606,65.98079309586083,0.05085952600074961,3.4771384600007877,True,88.66770439517153,29.051988272175464,4.0
2024-08-15 04:00:00+00:00,2024-08-15 06:00:00+00:00,nearest_neighbor,9,9,0,9,0,1.0,0.0,0.0,0.0,53.224873298461254,57.97769544062412,0.053122577000067395,5.244588243999715,True,,,
2024-08-15 04:00:00+00:00,2024-08-15 06:00:00+00:00,priority_nearest_neighbor,9,9,0,9,0,1.0,0.0,0.0,0.0,69.77408427248487,75.40012565318568,0.05367291400034446,5.244588243999715,True,,,
2024-08-15 04:00:00+00:00,2024-08-15 06:00:00+00:00,clarke_wright,9,9,0,9,0,1.0,0.0,0.0,0.0,50.784042358024315,55.68651974235343,0.051093602999571885,5.244588243999715,True,125.19152807629453,74.40748571827021,8.0
2024-08-16 02:00:00+00:00,2024-08-16 04:00:00+00:00,nearest_neighbor,5,5,0,5,0,1.0,0.0,0.0,0.0,43.7927958990398,49.54593629830227,0.051355378000152996,3.445393812000475,True,,,
2024-08-16 02:00:00+00:00,2024-08-16 04:00:00+00:00,priority_nearest_neighbor,5,5,0,5,0,1.0,0.0,0.0,0.0,43.7927958990398,49.54593629830227,0.05166691300019011,3.445393812000475,True,,,
2024-08-16 02:00:00+00:00,2024-08-16 04:00:00+00:00,clarke_wright,5,5,0,5,0,1.0,0.0,0.0,0.0,40.206503493680735,44.53354021048088,0.05064126799970836,3.445393812000475,True,63.932854529428894,23.72635103574816,4.0
2024-08-16 04:00:00+00:00,2024-08-16 06:00:00+00:00,nearest_neighbor,7,7,0,7,0,1.0,0.0,0.0,0.0,77.7412794028988,82.89784027656674,0.05211604099986289,4.5952864300006695,True,,,
2024-08-16 04:00:00+00:00,2024-08-16 06:00:00+00:00,priority_nearest_neighbor,7,7,0,7,0,1.0,0.0,0.0,0.0,98.82834076106822,105.81427081157332,0.05234320599993225,4.5952864300006695,True,,,
2024-08-16 04:00:00+00:00,2024-08-16 06:00:00+00:00,clarke_wright,7,7,0,5,2,0.7142857142857143,24.77722758333333,3.5396039404761903,18.570283033333332,78.98654311244692,84.29270043033775,0.05064990000028047,4.5952864300006695,True,147.5398801439374,68.55333703149049,6.0
2024-08-17 02:00:00+00:00,2024-08-17 04:00:00+00:00,nearest_neighbor,6,6,0,6,0,1.0,0.0,0.0,0.0,34.63601597457345,40.10783513437043,0.05145465600071475,3.5204499000001306,True,,,
2024-08-17 02:00:00+00:00,2024-08-17 04:00:00+00:00,priority_nearest_neighbor,6,6,0,6,0,1.0,0.0,0.0,0.0,37.10143386931163,42.89429656879061,0.05228755600001023,3.5204499000001306,True,,,
2024-08-17 02:00:00+00:00,2024-08-17 04:00:00+00:00,clarke_wright,6,6,0,6,0,1.0,0.0,0.0,0.0,34.63601597457345,40.10783513437043,0.05198619899965706,3.5204499000001306,True,76.20411037183602,41.56809439726257,5.0
2024-08-17 04:00:00+00:00,2024-08-17 06:00:00+00:00,nearest_neighbor,8,8,0,8,0,1.0,0.0,0.0,0.0,100.74790205582106,105.37570501821297,0.051741968999522214,5.2000894760003575,True,,,
2024-08-17 04:00:00+00:00,2024-08-17 06:00:00+00:00,priority_nearest_neighbor,8,8,0,8,0,1.0,0.0,0.0,0.0,112.62878149341829,116.09853839763912,0.05230834899975889,5.2000894760003575,True,,,
2024-08-17 04:00:00+00:00,2024-08-17 06:00:00+00:00,clarke_wright,8,8,0,8,0,1.0,0.0,0.0,0.0,96.93312234369799,99.1821029826826,0.05137837300026149,5.2000894760003575,True,170.70556900221882,73.77244665852083,7.0
2024-08-19 04:00:00+00:00,2024-08-19 06:00:00+00:00,nearest_neighbor,12,12,0,12,0,1.0,0.0,0.0,0.0,91.32516631062504,98.06009425289619,0.05171949800023867,7.481262270000116,True,,,
2024-08-19 04:00:00+00:00,2024-08-19 06:00:00+00:00,priority_nearest_neighbor,12,12,0,12,0,1.0,0.0,0.0,0.0,138.0876458804097,146.79558131051328,0.05349666299935052,7.481262270000116,True,,,
2024-08-19 04:00:00+00:00,2024-08-19 06:00:00+00:00,clarke_wright,12,12,0,10,2,0.8333333333333334,91.89625258333334,7.658021048611111,52.61746053333333,80.89548171931808,87.6155476776672,0.05057494500033499,7.481262270000116,True,233.6403354809471,152.74485376162903,11.0
2024-08-20 04:00:00+00:00,2024-08-20 06:00:00+00:00,nearest_neighbor,10,10,0,9,1,0.9,32.94140816666667,3.294140816666667,32.94140816666667,112.44615645517031,122.76839265606773,0.05131133499980933,6.311749649000376,True,,,
2024-08-20 04:00:00+00:00,2024-08-20 06:00:00+00:00,priority_nearest_neighbor,10,10,0,10,0,1.0,0.0,0.0,0.0,113.4675257512348,126.29687264878773,0.052463342000010016,6.311749649000376,True,,,
2024-08-20 04:00:00+00:00,2024-08-20 06:00:00+00:00,clarke_wright,10,10,0,9,1,0.9,0.8191931333333333,0.08191931333333333,0.8191931333333333,85.2690864720945,92.20197656346102,0.0538832590000311,6.311749649000376,True,172.21406355445384,86.94497708235934,9.0
2024-08-21 02:00:00+00:00,2024-08-21 04:00:00+00:00,nearest_neighbor,7,7,0,7,0,1.0,0.0,0.0,0.0,81.36833258818322,86.02155406457845,0.05156806700051675,4.404020588999629,True,,,
2024-08-21 02:00:00+00:00,2024-08-21 04:00:00+00:00,priority_nearest_neighbor,7,7,0,7,0,1.0,0.0,0.0,0.0,86.724504817842,93.61743535803056,0.05253107699991233,4.404020588999629,True,,,
2024-08-21 02:00:00+00:00,2024-08-21 04:00:00+00:00,clarke_wright,7,7,0,7,0,1.0,0.0,0.0,0.0,80.96110717114678,85.37937710558204,0.050570305999826815,4.404020588999629,True,140.41459486098935,59.453487689842575,6.0
2024-08-22 04:00:00+00:00,2024-08-22 06:00:00+00:00,nearest_neighbor,9,9,0,9,0,1.0,0.0,0.0,0.0,76.20160113835155,77.90627309811858,0.0502391970003373,5.34563933499976,True,,,
2024-08-22 04:00:00+00:00,2024-08-22 06:00:00+00:00,priority_nearest_neighbor,9,9,0,9,0,1.0,0.0,0.0,0.0,95.03750400973996,99.04750294411332,0.051603220000288275,5.34563933499976,True,,,
2024-08-22 04:00:00+00:00,2024-08-22 06:00:00+00:00,clarke_wright,9,9,0,9,0,1.0,0.0,0.0,0.0,66.44980942958763,68.68954788045068,0.05007042099987302,5.34563933499976,True,158.0107162101146,91.56090678052696,8.0
