,64d1bcb2a2a8ec9990ba219b,64c4c52b553721daabdbad9b,64c4c52b553721daabdbae31,64c4c52b553721daabdbadaf,654cfce5480368a817f6a525,6564a248f262a21f35ea7830,6561ff98f262a21f35ea6128,65112357452644c9037c541d,64c4c52b553721daabdbadb6,64c4c52b553721daabdbadd2,64c4c52b553721daabdbae52,656354d7f262a21f35ea6933,64e975f2d54ea638bcb4a7a6,655bac3b6334442d4839d983,65636b83f262a21f35ea6afe
64d1bcb2a2a8ec9990ba219b,0.0,6.049874609736284,5.009002876853999,2.7084378490612844,5.505456794745611,6.676712033528995,15.18837464967819,7.615431401159785,16.102266815177863,5.125395461895394,3.680545139498571,5.76442023533995,9.752258773513098,15.771985611152955,24.927003751599386
64c4c52b553721daabdbad9b,5.5565809472329555,0.0,5.242352787222305,5.959624873179548,3.266239926036437,1.456937006676007,9.594613579166845,2.9532871291753384,12.864034361360988,4.536916344011599,3.1540673721417973,11.103745061191862,4.6106734245309235,10.862906132403245,30.266328577451294
64c4c52b553721daabdbae31,4.677689274101057,5.161217157598681,0.0,3.8966780080512438,2.4592791626961574,4.495645046716576,11.643892716531356,7.79891739275946,11.934070357286338,1.647195764486693,2.8984389425048502,9.478787780791942,5.862266479698224,11.603789153261436,27.155368511365317
64c4c52b553721daabdbadaf,2.706453441221946,5.9385802470053175,3.8984242670224063,0.0,4.802497233858782,5.973752472642164,14.56713468737227,8.480497169596392,15.103764385910951,4.537048090120189,3.4791452869654114,7.820525004755457,9.031960508322841,14.773483181886045,26.104801926306017
654cfce5480368a817f6a525,5.307718978872665,3.3053361852727146,2.6770977601109647,5.2919820249488465,0.0,2.623664331976465,10.195119073180903,5.92693667801935,10.783181092780307,1.9533983753280029,2.2416334858149454,10.459862028769622,4.246801978767485,10.3030544242732,29.355320450448872
6564a248f262a21f35ea7830,6.417918810453739,1.8551599464442707,4.697242198829628,6.402181856529922,2.5373473448437216,0.0,8.929475272681783,3.8035990423517347,11.452355257304697,3.2877965765691437,3.349135073244905,11.570061860350695,3.153736417854914,9.405969125727228,30.73264537661013
6561ff98f262a21f35ea6128,14.667788801543223,9.79578182787455,10.848865400566998,13.886777535493415,9.666467385336245,9.170421110542147,0.0,9.160935479034576,9.207127347451895,10.125166015784036,11.783079999750417,19.468887308234113,5.591257447596996,3.7263146125517137,37.42138658144759
65112357452644c9037c541d,7.580226706780291,2.8657238312791375,7.723976195392673,8.300443065972555,5.600461982724041,3.7616242027974662,9.217860480956295,0.0,14.316926669357754,6.889990703028705,5.494885564934802,12.954865832142191,5.86234317535151,11.046694917328484,32.12299342468611
64c4c52b553721daabdbadb6,15.600025321996085,12.718506336837493,11.781101921019859,14.819014055946276,10.612720896359834,11.470952891641865,9.283310072405246,13.942101131087037,0.0,11.057402536236898,12.854354382174778,20.401123828686973,8.142436399418829,6.365284491445559,34.707488588023864
64c4c52b553721daabdbadd2,4.6944067596790475,4.108034050349144,1.6261151218004568,4.452528146468501,0.8120833982094645,3.4263621970528937,10.737084469855493,6.729634543095779,11.236934448420655,0.0,2.269255328676654,9.968072824247393,4.788767375442072,10.845019820947789,28.58204517052795
64c4c52b553721daabdbae52,3.587209170284128,2.599434171711135,2.7556648149657983,3.6262347320660298,1.998709034969844,3.0458560704998945,11.610103535921022,5.264299669695452,12.781890127750154,2.133861264721698,0.0,8.794114735886806,6.199592488354809,12.301763459243048,27.956698252146243
656354d7f262a21f35ea6933,7.536447285714158,12.092342675634386,10.164262876216156,7.8861416639285435,10.942735626018765,12.11399086480215,20.70737307953226,13.741281910619671,21.25752681454001,10.677286482280172,9.619383679125393,0.0,15.185722936951914,20.927245610515115,19.929169775284695
64e975f2d54ea638bcb4a7a6,9.714125827536622,5.3914553565199554,5.962870075850846,9.000782210777261,4.640243853796574,4.310113201095804,5.94831709441342,5.801683823806708,8.455805497671868,5.239170691067884,6.645342090327791,14.582891983517953,0.0,6.252232707872316,32.535391256731494
655bac3b6334442d4839d983,14.403705338152422,11.435948139706419,10.584781937176196,13.622694072102613,9.416400912516174,10.18839469451079,3.689514791056751,11.604343741913661,6.415602727415616,9.861082552393235,11.658034398331118,19.204803844843312,6.167485716750315,0.0,37.1573031180568
65636b83f262a21f35ea6afe,25.753574386792124,30.30946977671237,27.075234138607943,26.10326876500652,29.159862727096737,30.33111796588011,37.842349005833235,31.958409011697626,34.48065149431895,28.501505176999935,27.836510780203362,19.85122824105492,32.4923096945136,37.8022454425633,0.0
