delivery_id,latitude,longitude,road_node
64d1bcb2a2a8ec9990ba219b,10.7957735,106.7193655,12441617631
64c4c52b553721daabdbad9b,10.7714067,106.6879051,2364059997
64c4c52b553721daabdbae31,10.8073855,106.6906521,366398996
64c4c52b553721daabdbadaf,10.8048952,106.7185804,5778236304
654cfce5480368a817f6a525,10.79349,106.684656,3734437558
6564a248f262a21f35ea7830,10.7787117,106.67968,2690659691
6561ff98f262a21f35ea6128,10.7679888,106.6114941,11927690572
65112357452644c9037c541d,10.7534138,106.6802515,5816774819
64c4c52b553721daabdbadb6,10.834384,106.6096285,7770672768
64c4c52b553721daabdbadd2,10.7973992,106.6875083,366429536
64c4c52b553721daabdbae52,10.7890314,106.7003604,411925893
656354d7f262a21f35ea6933,10.8124605,106.758967,3647300416
64e975f2d54ea638bcb4a7a6,10.7873516,106.6549048,366446625
655bac3b6334442d4839d983,10.7901566,106.607188,2622318780
65636b83f262a21f35ea6afe,10.9401507,106.8653556,5811611865
